candidate_id,params,mean_cv_rmse,fold_sd_rmse_ddof0,fold1_rmse,fold2_rmse,fold3_rmse,fold4_rmse,fold5_rmse,n_estimators,max_depth,learning_rate,subsample,colsample_bytree,min_child_weight,reg_alpha,reg_lambda,selected
1,"{""colsample_bytree"": 0.8, ""learning_rate"": 0.1, ""max_depth"": 2, ""min_child_weight"": 5, ""n_estimators"": 400, ""reg_alpha"": 0.1, ""reg_lambda"": 1.0, ""subsample"": 0.8}",0.017771409303713105,0.0003949232234882526,0.018025012339133225,0.017154761945658896,0.018326028661277544,0.017743813316853856,0.01760743025564202,400,2,0.1,0.8,0.8,5,0.1,1.0,False
2,"{""colsample_bytree"": 1.0, ""learning_rate"": 0.03, ""max_depth"": 5, ""min_child_weight"": 1, ""n_estimators"": 600, ""reg_alpha"": 0.1, ""reg_lambda"": 5.0, ""subsample"": 1.0}",0.018155445668227976,0.0004512270147107252,0.018212343840374436,0.017558029007120307,0.018930520289402442,0.018159896947582823,0.017916438256659874,600,5,0.03,1.0,1.0,1,0.1,5.0,False
3,"{""colsample_bytree"": 1.0, ""learning_rate"": 0.1, ""max_depth"": 5, ""min_child_weight"": 5, ""n_estimators"": 200, ""reg_alpha"": 0.1, ""reg_lambda"": 1.0, ""subsample"": 0.8}",0.018273396794469276,0.000553586904668549,0.01838101314725899,0.01752430037795609,0.019199440472535363,0.018306500940971346,0.0179557290336246,200,5,0.1,0.8,1.0,5,0.1,1.0,False
4,"{""colsample_bytree"": 0.8, ""learning_rate"": 0.1, ""max_depth"": 3, ""min_child_weight"": 5, ""n_estimators"": 400, ""reg_alpha"": 0.1, ""reg_lambda"": 1.0, ""subsample"": 0.8}",0.017941585911949005,0.00034172848289997247,0.01806230822019136,0.017490523269380807,0.018497243437466462,0.017954866176341275,0.017702988456365122,400,3,0.1,0.8,0.8,5,0.1,1.0,False
5,"{""colsample_bytree"": 1.0, ""learning_rate"": 0.1, ""max_depth"": 5, ""min_child_weight"": 5, ""n_estimators"": 200, ""reg_alpha"": 0.0, ""reg_lambda"": 5.0, ""subsample"": 0.8}",0.018322823032349937,0.0005181678191688206,0.0183540838208505,0.017726171394080177,0.01927596518850371,0.018159472140616587,0.018098422617698704,200,5,0.1,0.8,1.0,5,0.0,5.0,False
6,"{""colsample_bytree"": 1.0, ""learning_rate"": 0.03, ""max_depth"": 5, ""min_child_weight"": 5, ""n_estimators"": 400, ""reg_alpha"": 0.1, ""reg_lambda"": 1.0, ""subsample"": 0.8}",0.017992457574657096,0.00047851146287612966,0.018063472283065353,0.017406002899824035,0.01882252108173676,0.018004548452070057,0.01766574315658927,400,5,0.03,0.8,1.0,5,0.1,1.0,False
7,"{""colsample_bytree"": 0.8, ""learning_rate"": 0.05, ""max_depth"": 2, ""min_child_weight"": 5, ""n_estimators"": 600, ""reg_alpha"": 0.0, ""reg_lambda"": 5.0, ""subsample"": 1.0}",0.017839971478469694,0.0003673642302071224,0.018134620952702806,0.017256747213166067,0.01831574611909322,0.01779070061513583,0.017702042492250533,600,2,0.05,1.0,0.8,5,0.0,5.0,False
8,"{""colsample_bytree"": 1.0, ""learning_rate"": 0.1, ""max_depth"": 2, ""min_child_weight"": 1, ""n_estimators"": 600, ""reg_alpha"": 0.0, ""reg_lambda"": 1.0, ""subsample"": 1.0}",0.01781330767260131,0.00033886421181545285,0.01808607425115852,0.017311114889608674,0.018279209833886402,0.017730568353339464,0.017659571035013484,600,2,0.1,1.0,1.0,1,0.0,1.0,False
9,"{""colsample_bytree"": 1.0, ""learning_rate"": 0.03, ""max_depth"": 2, ""min_child_weight"": 1, ""n_estimators"": 400, ""reg_alpha"": 0.1, ""reg_lambda"": 1.0, ""subsample"": 0.8}",0.01824394046007894,0.0003293347455783319,0.018414242538497754,0.017674228104744085,0.018671879580644698,0.018280632240625233,0.018178719835882942,400,2,0.03,0.8,1.0,1,0.1,1.0,False
10,"{""colsample_bytree"": 1.0, ""learning_rate"": 0.03, ""max_depth"": 3, ""min_child_weight"": 5, ""n_estimators"": 400, ""reg_alpha"": 0.1, ""reg_lambda"": 1.0, ""subsample"": 1.0}",0.018199562351850728,0.0003412781526380778,0.018329433803777127,0.01771420638472103,0.01873440727289227,0.018227722531083186,0.017992041766780036,400,3,0.03,1.0,1.0,5,0.1,1.0,False
11,"{""colsample_bytree"": 0.8, ""learning_rate"": 0.03, ""max_depth"": 2, ""min_child_weight"": 1, ""n_estimators"": 600, ""reg_alpha"": 0.0, ""reg_lambda"": 1.0, ""subsample"": 1.0}",0.018055128750366533,0.0003819186100654257,0.018358025163540747,0.017425183071095862,0.018533534724373368,0.017993674058840232,0.017965226733982462,600,2,0.03,1.0,0.8,1,0.0,1.0,False
12,"{""colsample_bytree"": 0.8, ""learning_rate"": 0.1, ""max_depth"": 5, ""min_child_weight"": 1, ""n_estimators"": 400, ""reg_alpha"": 0.1, ""reg_lambda"": 5.0, ""subsample"": 1.0}",0.018451142555846213,0.000475370603451802,0.018488683736657137,0.01791756399163945,0.01932363418209883,0.01833930290829167,0.018186527960543982,400,5,0.1,1.0,0.8,1,0.1,5.0,False
13,"{""colsample_bytree"": 0.8, ""learning_rate"": 0.05, ""max_depth"": 5, ""min_child_weight"": 1, ""n_estimators"": 400, ""reg_alpha"": 0.0, ""reg_lambda"": 5.0, ""subsample"": 1.0}",0.018075964201799848,0.00045589913412153436,0.018243607300676618,0.017613084966370356,0.018883902835694442,0.017899180363986827,0.01774004554227099,400,5,0.05,1.0,0.8,1,0.0,5.0,False
14,"{""colsample_bytree"": 0.8, ""learning_rate"": 0.03, ""max_depth"": 2, ""min_child_weight"": 5, ""n_estimators"": 200, ""reg_alpha"": 0.0, ""reg_lambda"": 1.0, ""subsample"": 1.0}",0.01923226915075661,0.0004670590711422446,0.01948983052913194,0.01840383373245599,0.019813664263904716,0.019228045357213563,0.019225971871076844,200,2,0.03,1.0,0.8,5,0.0,1.0,False
15,"{""colsample_bytree"": 1.0, ""learning_rate"": 0.03, ""max_depth"": 5, ""min_child_weight"": 5, ""n_estimators"": 200, ""reg_alpha"": 0.1, ""reg_lambda"": 5.0, ""subsample"": 0.8}",0.01822798307478326,0.0004566036582224449,0.018233131991045287,0.01772216928045157,0.019031784070135258,0.018293807063727015,0.017859022968557164,200,5,0.03,0.8,1.0,5,0.1,5.0,False
16,"{""colsample_bytree"": 0.8, ""learning_rate"": 0.1, ""max_depth"": 5, ""min_child_weight"": 1, ""n_estimators"": 400, ""reg_alpha"": 0.0, ""reg_lambda"": 1.0, ""subsample"": 1.0}",0.018619169296064695,0.0004544448270447003,0.018746494326941594,0.018188838047538573,0.019423305544486826,0.01854036442927931,0.018196844132077155,400,5,0.1,1.0,0.8,1,0.0,1.0,False
17,"{""colsample_bytree"": 0.8, ""learning_rate"": 0.1, ""max_depth"": 2, ""min_child_weight"": 5, ""n_estimators"": 600, ""reg_alpha"": 0.0, ""reg_lambda"": 1.0, ""subsample"": 1.0}",0.017781084237565112,0.00035052574037426414,0.018107425146641994,0.017233951657138955,0.018204910987185196,0.01774378619946318,0.01761534719739623,600,2,0.1,1.0,0.8,5,0.0,1.0,False
18,"{""colsample_bytree"": 0.8, ""learning_rate"": 0.03, ""max_depth"": 2, ""min_child_weight"": 5, ""n_estimators"": 200, ""reg_alpha"": 0.1, ""reg_lambda"": 5.0, ""subsample"": 1.0}",0.019308315676850287,0.0004447311746707226,0.01948978999810092,0.018553274740903836,0.01992857854232935,0.01929178855508092,0.019278146547836408,200,2,0.03,1.0,0.8,5,0.1,5.0,False
19,"{""colsample_bytree"": 0.8, ""learning_rate"": 0.05, ""max_depth"": 3, ""min_child_weight"": 1, ""n_estimators"": 400, ""reg_alpha"": 0.1, ""reg_lambda"": 1.0, ""subsample"": 1.0}",0.017957109933942006,0.00033963769664128557,0.018074656187121705,0.017467286157304186,0.018502127377244174,0.017945106692534286,0.01779637325550568,400,3,0.05,1.0,0.8,1,0.1,1.0,False
20,"{""colsample_bytree"": 0.8, ""learning_rate"": 0.05, ""max_depth"": 2, ""min_child_weight"": 1, ""n_estimators"": 400, ""reg_alpha"": 0.1, ""reg_lambda"": 1.0, ""subsample"": 0.8}",0.017885955257839113,0.00039278252363229973,0.018175678091895818,0.017222602539733636,0.018366146635026732,0.01790735037928501,0.017757998643254364,400,2,0.05,0.8,0.8,1,0.1,1.0,False
21,"{""colsample_bytree"": 1.0, ""learning_rate"": 0.05, ""max_depth"": 5, ""min_child_weight"": 1, ""n_estimators"": 600, ""reg_alpha"": 0.0, ""reg_lambda"": 1.0, ""subsample"": 0.8}",0.018394893614009106,0.00047618464455354226,0.01852865844692054,0.017845804295861377,0.01920223825964124,0.01840591214150334,0.017991854926119048,600,5,0.05,0.8,1.0,1,0.0,1.0,False
22,"{""colsample_bytree"": 0.8, ""learning_rate"": 0.05, ""max_depth"": 3, ""min_child_weight"": 5, ""n_estimators"": 200, ""reg_alpha"": 0.1, ""reg_lambda"": 1.0, ""subsample"": 0.8}",0.01813619432777781,0.0003644898765196008,0.01826659295319255,0.01763837949088407,0.018715108535512046,0.018175244459409712,0.01788564619989068,200,3,0.05,0.8,0.8,5,0.1,1.0,False
23,"{""colsample_bytree"": 1.0, ""learning_rate"": 0.03, ""max_depth"": 2, ""min_child_weight"": 5, ""n_estimators"": 600, ""reg_alpha"": 0.1, ""reg_lambda"": 1.0, ""subsample"": 0.8}",0.017941633245260196,0.00034107926443875935,0.01812029263545991,0.017390064641962036,0.01841909910497474,0.017967099786512,0.017811610057392294,600,2,0.03,0.8,1.0,5,0.1,1.0,False
24,"{""colsample_bytree"": 0.8, ""learning_rate"": 0.1, ""max_depth"": 2, ""min_child_weight"": 1, ""n_estimators"": 400, ""reg_alpha"": 0.0, ""reg_lambda"": 5.0, ""subsample"": 0.8}",0.01776053469653025,0.00038705981385179226,0.017994211566608305,0.01726324753526853,0.018357609385082126,0.017726240523473814,0.017461364472218473,400,2,0.1,0.8,0.8,1,0.0,5.0,False
25,"{""colsample_bytree"": 1.0, ""learning_rate"": 0.03, ""max_depth"": 2, ""min_child_weight"": 1, ""n_estimators"": 400, ""reg_alpha"": 0.0, ""reg_lambda"": 1.0, ""subsample"": 1.0}",0.018299761519146827,0.0003737160108255328,0.01857711107374048,0.017646622834472967,0.018734608603873916,0.018314782843656088,0.0182256822399907,400,2,0.03,1.0,1.0,1,0.0,1.0,False
26,"{""colsample_bytree"": 0.8, ""learning_rate"": 0.05, ""max_depth"": 5, ""min_child_weight"": 5, ""n_estimators"": 200, ""reg_alpha"": 0.0, ""reg_lambda"": 5.0, ""subsample"": 1.0}",0.018010739388252605,0.00044081937444989146,0.018178170896345543,0.017496071388302045,0.01877350468434556,0.017875601268836836,0.017730348703433048,200,5,0.05,1.0,0.8,5,0.0,5.0,False
27,"{""colsample_bytree"": 0.8, ""learning_rate"": 0.05, ""max_depth"": 5, ""min_child_weight"": 1, ""n_estimators"": 400, ""reg_alpha"": 0.1, ""reg_lambda"": 1.0, ""subsample"": 0.8}",0.018067468537212954,0.00043771624984581114,0.018166888744623865,0.017504529814369823,0.018793558875463686,0.0181226149636737,0.017749750287933713,400,5,0.05,0.8,0.8,1,0.1,1.0,False
28,"{""colsample_bytree"": 1.0, ""learning_rate"": 0.05, ""max_depth"": 2, ""min_child_weight"": 5, ""n_estimators"": 600, ""reg_alpha"": 0.1, ""reg_lambda"": 5.0, ""subsample"": 0.8}",0.017786932043851077,0.00036990324680684193,0.018062255410384753,0.01723753463041467,0.0183036771988086,0.01773641808761286,0.017594774892034506,600,2,0.05,0.8,1.0,5,0.1,5.0,False
29,"{""colsample_bytree"": 0.8, ""learning_rate"": 0.05, ""max_depth"": 2, ""min_child_weight"": 1, ""n_estimators"": 600, ""reg_alpha"": 0.0, ""reg_lambda"": 1.0, ""subsample"": 0.8}",0.017757874038186967,0.00039776458248759206,0.018066703352041285,0.017134806212407594,0.01827405582599798,0.017758539188330105,0.01755526561215786,600,2,0.05,0.8,0.8,1,0.0,1.0,False
30,"{""colsample_bytree"": 1.0, ""learning_rate"": 0.05, ""max_depth"": 2, ""min_child_weight"": 1, ""n_estimators"": 600, ""reg_alpha"": 0.0, ""reg_lambda"": 1.0, ""subsample"": 1.0}",0.017911061850829024,0.00038807198024987506,0.018238694821502224,0.017382110339835537,0.018451825800343977,0.017830302629791486,0.01765237566267191,600,2,0.05,1.0,1.0,1,0.0,1.0,False
31,"{""colsample_bytree"": 0.8, ""learning_rate"": 0.1, ""max_depth"": 5, ""min_child_weight"": 5, ""n_estimators"": 400, ""reg_alpha"": 0.1, ""reg_lambda"": 1.0, ""subsample"": 1.0}",0.018482181491594092,0.00042369043940010897,0.018520060940840046,0.017947732999539452,0.019222963341793593,0.01848640838047982,0.018233741795317542,400,5,0.1,1.0,0.8,5,0.1,1.0,False
32,"{""colsample_bytree"": 0.8, ""learning_rate"": 0.05, ""max_depth"": 5, ""min_child_weight"": 1, ""n_estimators"": 600, ""reg_alpha"": 0.1, ""reg_lambda"": 5.0, ""subsample"": 1.0}",0.018183349193655284,0.0004531524750578977,0.01816376031728038,0.01764447299373901,0.018990539824410103,0.018222503434255966,0.01789546939859096,600,5,0.05,1.0,0.8,1,0.1,5.0,False
33,"{""colsample_bytree"": 1.0, ""learning_rate"": 0.03, ""max_depth"": 2, ""min_child_weight"": 1, ""n_estimators"": 200, ""reg_alpha"": 0.0, ""reg_lambda"": 1.0, ""subsample"": 1.0}",0.019250279490210173,0.00044718605472532347,0.01948739501730363,0.018448252775399382,0.019796226664410825,0.019292686254545412,0.01922683673939161,200,2,0.03,1.0,1.0,1,0.0,1.0,False
34,"{""colsample_bytree"": 0.8, ""learning_rate"": 0.03, ""max_depth"": 3, ""min_child_weight"": 5, ""n_estimators"": 400, ""reg_alpha"": 0.1, ""reg_lambda"": 5.0, ""subsample"": 0.8}",0.01800151558908667,0.00037946583029205787,0.018156614084569745,0.01746715808953056,0.018585012832035713,0.018056004961635067,0.01774278797766226,400,3,0.03,0.8,0.8,5,0.1,5.0,False
35,"{""colsample_bytree"": 1.0, ""learning_rate"": 0.05, ""max_depth"": 5, ""min_child_weight"": 5, ""n_estimators"": 600, ""reg_alpha"": 0.0, ""reg_lambda"": 1.0, ""subsample"": 0.8}",0.018339495130219947,0.00045010298016599266,0.018422241867971072,0.017869658482908835,0.01913747371118173,0.01831319514998356,0.017954906439054535,600,5,0.05,0.8,1.0,5,0.0,1.0,False
36,"{""colsample_bytree"": 1.0, ""learning_rate"": 0.03, ""max_depth"": 5, ""min_child_weight"": 5, ""n_estimators"": 200, ""reg_alpha"": 0.1, ""reg_lambda"": 5.0, ""subsample"": 1.0}",0.018306446315494433,0.00043677909004995993,0.01832440074034577,0.017745036453662176,0.01904815628298921,0.018392508639408115,0.018022129461066887,200,5,0.03,1.0,1.0,5,0.1,5.0,False
37,"{""colsample_bytree"": 0.8, ""learning_rate"": 0.05, ""max_depth"": 2, ""min_child_weight"": 5, ""n_estimators"": 600, ""reg_alpha"": 0.0, ""reg_lambda"": 1.0, ""subsample"": 1.0}",0.017840226245368934,0.00034242070278837466,0.018077846062270125,0.01728952486964505,0.018304077404295557,0.017765501781128793,0.01776418110950515,600,2,0.05,1.0,0.8,5,0.0,1.0,False
38,"{""colsample_bytree"": 1.0, ""learning_rate"": 0.1, ""max_depth"": 3, ""min_child_weight"": 1, ""n_estimators"": 600, ""reg_alpha"": 0.0, ""reg_lambda"": 5.0, ""subsample"": 1.0}",0.018200719351167915,0.00033062502063477663,0.01833488289606848,0.017804846518111053,0.018747434471364836,0.018185373385047058,0.017931059485248153,600,3,0.1,1.0,1.0,1,0.0,5.0,False
39,"{""colsample_bytree"": 0.8, ""learning_rate"": 0.05, ""max_depth"": 5, ""min_child_weight"": 5, ""n_estimators"": 600, ""reg_alpha"": 0.0, ""reg_lambda"": 5.0, ""subsample"": 0.8}",0.018198455996481108,0.00045951423738850594,0.018292300734252913,0.0176172375078271,0.018985074766937244,0.018199833527338463,0.017897833446049827,600,5,0.05,0.8,0.8,5,0.0,5.0,False
40,"{""colsample_bytree"": 1.0, ""learning_rate"": 0.05, ""max_depth"": 3, ""min_child_weight"": 1, ""n_estimators"": 400, ""reg_alpha"": 0.0, ""reg_lambda"": 5.0, ""subsample"": 1.0}",0.018017827638210037,0.00032315424493247944,0.018144415598773746,0.01758125547904144,0.01855010734076784,0.01796789361375744,0.017845466158709723,400,3,0.05,1.0,1.0,1,0.0,5.0,False
41,"{""colsample_bytree"": 1.0, ""learning_rate"": 0.03, ""max_depth"": 5, ""min_child_weight"": 1, ""n_estimators"": 200, ""reg_alpha"": 0.0, ""reg_lambda"": 5.0, ""subsample"": 0.8}",0.018141260280149948,0.0004974042225959673,0.01823913799670788,0.01754278044154049,0.018996612430233734,0.018157205656695048,0.017770564875572586,200,5,0.03,0.8,1.0,1,0.0,5.0,False
42,"{""colsample_bytree"": 1.0, ""learning_rate"": 0.05, ""max_depth"": 3, ""min_child_weight"": 1, ""n_estimators"": 400, ""reg_alpha"": 0.0, ""reg_lambda"": 1.0, ""subsample"": 0.8}",0.017946043525137567,0.00038271926018254934,0.01808909110548105,0.017421229282874966,0.018550503636810448,0.017986863400676796,0.01768253019984458,400,3,0.05,0.8,1.0,1,0.0,1.0,False
43,"{""colsample_bytree"": 1.0, ""learning_rate"": 0.05, ""max_depth"": 2, ""min_child_weight"": 1, ""n_estimators"": 200, ""reg_alpha"": 0.1, ""reg_lambda"": 1.0, ""subsample"": 1.0}",0.018539966531337302,0.00034547128056713997,0.01881599716532093,0.017930284096544107,0.01891582416249489,0.01857668584948949,0.018461041382837096,200,2,0.05,1.0,1.0,1,0.1,1.0,False
44,"{""colsample_bytree"": 0.8, ""learning_rate"": 0.05, ""max_depth"": 5, ""min_child_weight"": 5, ""n_estimators"": 200, ""reg_alpha"": 0.0, ""reg_lambda"": 1.0, ""subsample"": 1.0}",0.018045392735690037,0.00044390150395370967,0.018095223735583355,0.017518157833083456,0.018845284897602455,0.017964635082082733,0.017803662130098173,200,5,0.05,1.0,0.8,5,0.0,1.0,False
45,"{""colsample_bytree"": 0.8, ""learning_rate"": 0.05, ""max_depth"": 2, ""min_child_weight"": 5, ""n_estimators"": 600, ""reg_alpha"": 0.0, ""reg_lambda"": 1.0, ""subsample"": 0.8}",0.017757058913365983,0.00038656530410912385,0.018073452989522752,0.01715408580017788,0.018249955597205453,0.017752010381006947,0.017555789798916897,600,2,0.05,0.8,0.8,5,0.0,1.0,True
46,"{""colsample_bytree"": 1.0, ""learning_rate"": 0.1, ""max_depth"": 5, ""min_child_weight"": 1, ""n_estimators"": 400, ""reg_alpha"": 0.1, ""reg_lambda"": 5.0, ""subsample"": 0.8}",0.01849122960670608,0.0005741056995075846,0.01857035028695987,0.01774502273421686,0.019462427571176652,0.01855761652917204,0.018120730912004984,400,5,0.1,0.8,1.0,1,0.1,5.0,False
47,"{""colsample_bytree"": 1.0, ""learning_rate"": 0.1, ""max_depth"": 5, ""min_child_weight"": 1, ""n_estimators"": 600, ""reg_alpha"": 0.1, ""reg_lambda"": 1.0, ""subsample"": 0.8}",0.018745276019252334,0.0005199312565390551,0.018799470253150607,0.018040052213734812,0.01959696929464107,0.01887499908518868,0.018414889249546512,600,5,0.1,0.8,1.0,1,0.1,1.0,False
48,"{""colsample_bytree"": 0.8, ""learning_rate"": 0.05, ""max_depth"": 2, ""min_child_weight"": 5, ""n_estimators"": 200, ""reg_alpha"": 0.1, ""reg_lambda"": 1.0, ""subsample"": 0.8}",0.018429647890984578,0.0003812180795091158,0.01869344919316699,0.017753434322564536,0.018872226561944355,0.018456093700164464,0.018373035677082553,200,2,0.05,0.8,0.8,5,0.1,1.0,False
49,"{""colsample_bytree"": 0.8, ""learning_rate"": 0.03, ""max_depth"": 2, ""min_child_weight"": 5, ""n_estimators"": 400, ""reg_alpha"": 0.1, ""reg_lambda"": 5.0, ""subsample"": 1.0}",0.018349162637767508,0.00035075442140955617,0.01858524345501194,0.01777248927487441,0.018813711194773278,0.018328227857830896,0.018246141406347026,400,2,0.03,1.0,0.8,5,0.1,5.0,False
50,"{""colsample_bytree"": 1.0, ""learning_rate"": 0.03, ""max_depth"": 3, ""min_child_weight"": 1, ""n_estimators"": 600, ""reg_alpha"": 0.0, ""reg_lambda"": 5.0, ""subsample"": 0.8}",0.017907141434396874,0.00034206583707284025,0.018071512985272705,0.017417248293809848,0.018417137630706414,0.017957943160806646,0.017671865101388736,600,3,0.03,0.8,1.0,1,0.0,5.0,False
51,"{""colsample_bytree"": 1.0, ""learning_rate"": 0.1, ""max_depth"": 5, ""min_child_weight"": 1, ""n_estimators"": 200, ""reg_alpha"": 0.0, ""reg_lambda"": 5.0, ""subsample"": 0.8}",0.01828917205143098,0.0004730561108722813,0.01830793495052201,0.017829290492753905,0.019170724869298904,0.018197292089276652,0.017940617855303424,200,5,0.1,0.8,1.0,1,0.0,5.0,False
52,"{""colsample_bytree"": 0.8, ""learning_rate"": 0.1, ""max_depth"": 2, ""min_child_weight"": 1, ""n_estimators"": 200, ""reg_alpha"": 0.1, ""reg_lambda"": 1.0, ""subsample"": 1.0}",0.01808316425788763,0.00034599105597493045,0.01840543068742279,0.017461144963964455,0.018387090585949208,0.018168842777337168,0.01799331227476453,200,2,0.1,1.0,0.8,1,0.1,1.0,False
53,"{""colsample_bytree"": 0.8, ""learning_rate"": 0.05, ""max_depth"": 5, ""min_child_weight"": 5, ""n_estimators"": 400, ""reg_alpha"": 0.1, ""reg_lambda"": 1.0, ""subsample"": 0.8}",0.018056168969629565,0.0004792939751848258,0.01803477970991751,0.017503122997122974,0.018924867277107064,0.018057973822719304,0.01776010104128098,400,5,0.05,0.8,0.8,5,0.1,1.0,False
54,"{""colsample_bytree"": 0.8, ""learning_rate"": 0.05, ""max_depth"": 3, ""min_child_weight"": 1, ""n_estimators"": 200, ""reg_alpha"": 0.1, ""reg_lambda"": 1.0, ""subsample"": 1.0}",0.018211769634509066,0.00034770651605282827,0.01836494643759284,0.017663201389833447,0.01872311141033085,0.018230983206060855,0.018076605728727338,200,3,0.05,1.0,0.8,1,0.1,1.0,False
55,"{""colsample_bytree"": 1.0, ""learning_rate"": 0.1, ""max_depth"": 3, ""min_child_weight"": 1, ""n_estimators"": 200, ""reg_alpha"": 0.1, ""reg_lambda"": 5.0, ""subsample"": 0.8}",0.01802320350786928,0.000307792090759021,0.018122169779669912,0.017630436154427578,0.018476162040582247,0.018157847049280536,0.01772940251538613,200,3,0.1,0.8,1.0,1,0.1,5.0,False
56,"{""colsample_bytree"": 0.8, ""learning_rate"": 0.1, ""max_depth"": 3, ""min_child_weight"": 5, ""n_estimators"": 600, ""reg_alpha"": 0.1, ""reg_lambda"": 5.0, ""subsample"": 0.8}",0.018026637210959845,0.00039814472359097524,0.018074299995465816,0.01745797055966417,0.01867006644464297,0.01811616841512789,0.017814680639898377,600,3,0.1,0.8,0.8,5,0.1,5.0,False
57,"{""colsample_bytree"": 1.0, ""learning_rate"": 0.03, ""max_depth"": 2, ""min_child_weight"": 1, ""n_estimators"": 200, ""reg_alpha"": 0.1, ""reg_lambda"": 1.0, ""subsample"": 0.8}",0.019225945676980216,0.00038401764854235654,0.01933754614372199,0.018534028898773085,0.01971812515494925,0.019266884351308026,0.019273143836148726,200,2,0.03,0.8,1.0,1,0.1,1.0,False
58,"{""colsample_bytree"": 0.8, ""learning_rate"": 0.03, ""max_depth"": 5, ""min_child_weight"": 1, ""n_estimators"": 400, ""reg_alpha"": 0.0, ""reg_lambda"": 5.0, ""subsample"": 1.0}",0.018002271681484945,0.0004347029342671713,0.018120252756869945,0.017452034958914384,0.01875362236373115,0.017922456691433174,0.017762991636476076,400,5,0.03,1.0,0.8,1,0.0,5.0,False
59,"{""colsample_bytree"": 1.0, ""learning_rate"": 0.03, ""max_depth"": 2, ""min_child_weight"": 1, ""n_estimators"": 200, ""reg_alpha"": 0.0, ""reg_lambda"": 5.0, ""subsample"": 0.8}",0.019232296190559738,0.00041521808714076083,0.019336499252926808,0.018477864211517155,0.019753334119584565,0.01932989722261593,0.01926388614615424,200,2,0.03,0.8,1.0,1,0.0,5.0,False
60,"{""colsample_bytree"": 0.8, ""learning_rate"": 0.05, ""max_depth"": 2, ""min_child_weight"": 1, ""n_estimators"": 400, ""reg_alpha"": 0.0, ""reg_lambda"": 5.0, ""subsample"": 1.0}",0.017992706878959354,0.00036492064079707244,0.018279804047410524,0.017388006586724257,0.018446147093026704,0.01796296069001334,0.01788661597762195,400,2,0.05,1.0,0.8,1,0.0,5.0,False
