seed,rotation,criterion,rank_one_energy,lrv50,lrv_max,nsv_vector,nsv_sum,nsv_max,nsv_minmax
25001,0,C1,0.0017401359285508233,0.07646851677095652,0.15142742953918692,0.05968987426440939,0.025735847833789047,0.132606944448694,0.20517207115811914
25001,0,C2,0.0007172170845498593,0.06154800051268805,0.13302670917528528,0.034878283138114495,0.015866824418453072,0.05603044235697186,0.06877348017883253
25001,0,C3,0.0008481482083317893,0.05588129061215283,0.13110056123393607,0.039600296532526946,0.018624359965814987,0.07990276376502105,0.07990276376502105
25001,0,C4,0.0005982742361130278,0.09985547543388508,0.24780917737305613,0.0311713428991985,0.015523101769602714,0.057272576629080314,0.0742695790328543
25001,0,C5,0.000661226193942599,0.07431464073011976,0.16956187738637332,0.03759874112830502,0.01823246427542499,0.07777739405024917,0.07777739405024917
25001,0,C6,0.0016116360814898423,0.08522963758186647,0.20911513788740604,0.052844423084929995,0.022515919936232087,0.10709010704698102,0.16495039995256572
25001,0,C7,0.0009840348493251883,0.06960957579335178,0.1864795889888954,0.04204360594852005,0.017944895757007973,0.09193759389879505,0.17350534969036527
25001,1,C1,0.0016979292483004782,0.09067442265764912,0.19064623928364122,0.060444524375185826,0.025735847839057375,0.13605770205392714,0.1951299659882847
25001,1,C2,0.0006991435118857137,0.08636842492780275,0.14839237234707056,0.034735703815117626,0.015866824418860902,0.05633530940792346,0.0761830607893813
25001,1,C3,0.000671599693032876,0.06229370234988764,0.1801937350070737,0.03486961883530053,0.016498485067425975,0.06123501458427714,0.06123501458427714
25001,1,C4,0.0006592360239690009,0.06298561672601755,0.14898809262485047,0.03299603960449854,0.015523101770030157,0.050960541503847843,0.06305217776222721
25001,1,C5,0.0008207570760572214,0.07389665355930605,0.17555950768231857,0.042883369508692294,0.02042991336476252,0.08320860166414566,0.08320860166414566
25001,1,C6,0.001611906795818574,0.09267452258624971,0.2683799451193811,0.05272040700712637,0.022515919936172486,0.10313175303523534,0.21078399255521466
25001,1,C7,0.0009851273441915387,0.06497400157747565,0.14668463980602087,0.04208438003953388,0.017944895757017437,0.07476676897894444,0.13173291059740516
25001,2,C1,0.0017457149602694289,0.0919608169781777,0.3145386331133265,0.05995992021300985,0.025735847834444044,0.11867815118551858,0.22896685793451796
25001,2,C2,0.0007051560318607208,0.1292462731094624,0.3110092364930385,0.03433436620914195,0.01586682441809169,0.056780534970943465,0.06940983042941708
25001,2,C3,0.0006125968992044539,0.06121333898882874,0.14155580592172207,0.032143450736996176,0.015075050603667794,0.06175303840175413,0.06175303840175413
25001,2,C4,0.0006825527944427368,0.04899893602432372,0.11556654859397582,0.03388841942155283,0.015523101770473322,0.05736013376730927,0.06978531457733247
25001,2,C5,0.0007797284717943054,0.0654667909328735,0.2713302674783101,0.040988030800361036,0.020829565714962167,0.08417361706334058,0.08417361706334058
25001,2,C6,0.0013905588514319112,0.07874656256183846,0.7640624226002796,0.04761032058670299,0.02251591993539941,0.09517729873327027,0.05307621663425327
25001,2,C7,0.00094272558547559,0.06377396370748405,0.15781984895120857,0.04079657232551408,0.017944895756803594,0.06833947370986958,0.09979906128687385
25001,3,C1,0.0016586536348417447,0.09098288621392722,0.26599764967066586,0.05739189774793177,0.025735847830172822,0.10563760277925437,0.15799160756451844
25001,3,C2,0.0005520491436612485,0.10119002367766486,0.38253755176228305,0.029838314893506385,0.015866824417100973,0.05057318865914402,0.021094260441904523
25001,3,C3,0.0008240163605638395,0.06415052608499656,0.15107980163713133,0.037149477667852246,0.01803651419725079,0.059065165092503466,0.059065165092503466
25001,3,C4,0.0006621712467858032,0.055577537596615746,0.1619163488112244,0.03308979765995861,0.015523101770060499,0.06018101514026485,0.07650872119987871
25001,3,C5,0.0007155544669945613,0.06614550514498872,0.17119233021903263,0.040265857604945256,0.019353812905706428,0.06995468813884692,0.06995468813884692
25001,3,C6,0.001465744926978485,0.09948707313973976,0.2703139396015369,0.049134281182223134,0.022515919935554927,0.11418086011819907,0.09712063719099474
25001,3,C7,0.000962383307599457,0.05434570306680265,0.12435992942328546,0.041353448924846437,0.01794489575688148,0.07260889889345577,0.10388181196525802
25001,4,C1,0.0016815624434542986,0.07996027239647355,0.19643994124471073,0.057957568404672886,0.025735847830895553,0.10931805636938222,0.14144370096457054
25001,4,C2,0.0007090980575900074,0.0678829172550191,0.19493243023827686,0.0344730741460202,0.015866824418155248,0.08704621782417994,0.10915384935764705
25001,4,C3,0.0010167921177225425,0.07517510191132669,0.1205708592847767,0.041515965686759665,0.02018975940852866,0.06497094921884673,0.06497094921884673
25001,4,C4,0.0006437966023118413,0.06402689590310036,0.1502663006962908,0.03335706972214546,0.015523101771060397,0.06766599427232092,0.06823798367022609
25001,4,C5,0.00048505638396090234,0.04130054748115791,0.10965118381729697,0.03349134115574266,0.016075857687892145,0.0643547870521852,0.0643547870521852
25001,4,C6,0.0015834858368501958,0.07043013943228782,0.12732505339230768,0.051739589088009824,0.02251591993591923,0.13162226277395173,0.1512092380516091
25001,4,C7,0.0009620825729482751,0.0568597063394502,0.1288545905247734,0.04134463639828415,0.01794489575688013,0.08231089204745495,0.1314262226067115
25001,5,C1,0.0016094315884941368,0.0855657843876787,0.1977708570821852,0.0562413183614796,0.025735847828870784,0.11755914760658069,0.12431248517913716
25001,5,C2,0.0007167364781955898,0.04549207648769392,0.10319368613902925,0.034909395194922706,0.0158668244185124,0.06459348368558013,0.07922942221402086
25001,5,C3,0.0010868448753907911,0.06322447480898945,0.11938245960984445,0.04338906442674596,0.020814114457451613,0.07864083661419657,0.07864083661419657
25001,5,C4,0.0006812417315975594,0.10179253741963591,0.2705831515093246,0.03378845074840849,0.015523101770381069,0.06374303973207378,0.1032378753805025
25001,5,C5,0.00048188222489198296,0.04033791267415377,0.10543531154131444,0.03215302483850206,0.015342364881376868,0.05915068778257125,0.05915068778257125
25001,5,C6,0.0016118946443794968,0.06091592003280057,0.14297257396880553,0.0528246408412496,0.02251591993622103,0.11846930915782801,0.16413455224796392
25001,5,C7,0.000978691387995001,0.05866347329393211,0.13092238097279513,0.04253708111671566,0.01794489575732109,0.10726853813324363,0.14175583482276727
25002,0,C1,0.0010425302529013525,0.07127421287780171,0.11530264205409736,0.04920298808351484,0.0208841940161032,0.10215120187293275,0.17797898721567948
25002,0,C2,0.0007950779216125969,0.05000691318369174,0.11725355829306165,0.0364737261529535,0.015908499004185537,0.07631685111516454,0.10954958122773117
25002,0,C3,0.0005444220322434745,0.046247274806899816,0.14439187296390063,0.032762325680975105,0.016911827842756032,0.05069863890603944,0.05069863890603944
25002,0,C4,0.000603745452650406,0.06677726326914285,0.12751433203398013,0.031168687211927573,0.015127565516550827,0.05104524763670305,0.060802914954402806
25002,0,C5,0.0006457917696712778,0.06194120462109033,0.2808096440656823,0.03702142842893267,0.019219391419751222,0.06234277814335726,0.06234277814335726
25002,0,C6,0.0019495465102687959,0.07255965162032943,0.17427548272051285,0.05706699457689284,0.02407915438343963,0.11397222481676002,0.19855991780509555
25002,0,C7,0.001752732244652666,0.12802245059511047,0.32696045896566944,0.05734045252186672,0.026227877630966352,0.08982188811204661,0.13053483189264625
25002,1,C1,0.0010297659632283462,0.0588438548559727,0.15691231747963957,0.049540144395370286,0.020884194016696275,0.1038095032648382,0.17645827521330792
25002,1,C2,0.000768986685800721,0.05029356096518143,0.1239215805619836,0.036505534854642384,0.01590849900497301,0.08751337217824329,0.07799848451449314
25002,1,C3,0.0004767709292649025,0.05861153486189381,0.22754857360748104,0.0302016092107522,0.015272990678550797,0.045921792705417096,0.045921792705417096
25002,1,C4,0.0006446514324478514,0.0555868879820361,0.1320371249190151,0.03242437462188292,0.0151275655169496,0.06228705900597671,0.08642337836644289
25002,1,C5,0.0009379052903516483,0.07837592363075215,0.20538212393524014,0.046072436997007346,0.02228652522993481,0.1015776425561889,0.1015776425561889
25002,1,C6,0.001865596291956928,0.0824916921450676,0.22342515125281304,0.05513207454426278,0.02407915438316795,0.1171039945193564,0.1460661674896272
25002,1,C7,0.0017239108545791249,0.13333539095026464,0.3028181864631619,0.0564787955869383,0.026227877630833334,0.09202214782164586,0.12321052026323534
25002,2,C1,0.001040548642949446,0.07573024932215962,0.19783908700405442,0.04906727325270804,0.020884194016017387,0.09119325241334876,0.1972144945619822
25002,2,C2,0.0008013438436362819,0.07803940252883373,0.21568548846726623,0.03673502111242353,0.015908499004337422,0.07801939071937741,0.14323428916248487
25002,2,C3,0.00046235178565567914,0.0689345191680554,0.1631883907256216,0.028872743548090798,0.014430109516524396,0.04436386704424368,0.04436386704424368
25002,2,C4,0.0006278565089660182,0.05055273336846026,0.1617978985719964,0.0326298610493937,0.01512756551799679,0.0676760616045372,0.07275555852754614
25002,2,C5,0.0009173848780471561,0.07840743480272902,0.1856075594760035,0.04510425045840423,0.022722181537263436,0.08578436432110219,0.08578436432110219
25002,2,C6,0.0019201658991195858,0.07641274705026106,0.16285015110984022,0.056295284498327144,0.024079154383311888,0.13917993229808048,0.19118345474155007
25002,2,C7,0.0014266885429409237,0.0974221377751986,0.5817590740354373,0.05013015104032789,0.026227877630297547,0.08462677869330236,0.061074795202820886
25002,3,C1,0.0010417975440775162,0.07966458484948508,0.1741266695414607,0.04914749381124662,0.020884194016066476,0.08609939318957024,0.15979710232847957
25002,3,C2,0.0007358152126182294,0.06823786884521177,0.18352578701116656,0.03472141284415705,0.0159084990036619,0.06788062603724988,0.0992562573876581
25002,3,C3,0.000608535446204872,0.06966325577194005,0.17418142760979174,0.03298002711335831,0.01690447843020276,0.0508539638863772,0.0508539638863772
25002,3,C4,0.0006478818849895429,0.05534340037906011,0.35021310755154084,0.03253224142230995,0.015127565516996934,0.06543368703003952,0.09119797973939056
25002,3,C5,0.0008150565698948897,0.06501659706984625,0.1299773150969233,0.04345108444787657,0.02119874729987981,0.06712220616455708,0.06712220616455708
25002,3,C6,0.001959757619057534,0.0722346200907446,0.19093416232789992,0.057605397769745825,0.024079154383576624,0.1140882408287693,0.23846061647572178
25002,3,C7,0.001751888794828127,0.09369138970294016,0.29629301021841814,0.05730911752116967,0.02622787763096055,0.09881635970097379,0.12035756060890253
25002,4,C1,0.0009996454823998357,0.07715766217954367,0.20683615041714853,0.047496520507843476,0.020884194015403344,0.08702541075673484,0.11970029451690267
25002,4,C2,0.0007612707021145138,0.05242050068480151,0.11587695167912629,0.03543446691922432,0.015908499003832243,0.05985871559194095,0.07824972280597428
25002,4,C3,0.0006197962451676142,0.07589534420712224,0.1493547527288301,0.03305050963800271,0.01858867845432462,0.054160636051837685,0.054160636051837685
25002,4,C4,0.0006568292163607881,0.09069362037765819,0.23181369073174954,0.03311660942386819,0.015127565517599343,0.053624820622820785,0.07572949487740359
25002,4,C5,0.0005233618254353312,0.05929620661800013,0.1496855450308532,0.035362482850703626,0.017140669886573544,0.06206262832800602,0.06206262832800602
25002,4,C6,0.0018688220418788815,0.08266563866595013,0.2812856404292694,0.055197018664500955,0.024079154383175108,0.11490283614821269,0.12777678263831796
25002,4,C7,0.0016879827758351507,0.10241015967852325,0.24843919580585286,0.05560039209935646,0.026227877630729195,0.10289851414268311,0.11401672901025157
25002,5,C1,0.0009610473958640009,0.06257768342313938,0.15075007860311862,0.046286172468736377,0.020884194015086996,0.09490045607277811,0.07209830235084826
25002,5,C2,0.0007933841343178427,0.04340321851570618,0.1020446894831748,0.03641378495054481,0.0159084990041578,0.0660974616834431,0.08804474745562005
25002,5,C3,0.0007914334467016282,0.061317701790697905,0.13173884214444684,0.038344510437404375,0.019309110787385685,0.07370966938262928,0.07370966938262928
25002,5,C4,0.0006300745749213688,0.0612920552872447,0.22742213237073483,0.03196209584415361,0.01512756551677868,0.0511733413345283,0.05834181962632644
25002,5,C5,0.0005755195833425653,0.062112235064210264,0.16339232228697848,0.03559275242451809,0.01726268487042496,0.058010892920509684,0.058010892920509684
25002,5,C6,0.0018614310467940376,0.08984994276027615,0.16964983476305123,0.05504867215180357,0.024079154383158885,0.13123694002348643,0.136348802842659
25002,5,C7,0.0017328733529973217,0.07874383866653639,0.2049286821430606,0.05808694225062072,0.026227877631298753,0.09213575331220032,0.11984447622822902
25003,0,C1,0.0007090842759290839,0.07454142029288326,0.19340717193401222,0.039797226926583565,0.019365880153830655,0.07221585857182893,0.08319016508569756
25003,0,C2,0.0005175806089137147,0.04707825777561942,0.10299315649697514,0.030492154810286602,0.01346856558620849,0.059506887708614786,0.07287157337179832
25003,0,C3,0.0008305756679451992,0.05166180114127375,0.1234064225221812,0.038400322268783156,0.018506657220666273,0.06521133529880796,0.06521133529880796
25003,0,C4,0.0007501448339898298,0.07595841753470486,0.18556123799299587,0.03551813430796349,0.016648736601139597,0.06877011060718609,0.06862016124505212
25003,0,C5,0.0007361263872496249,0.0623073884952334,0.19009172756748222,0.04000340974813297,0.01929523046591959,0.06897888048275802,0.06897888048275802
25003,0,C6,0.00201765190894454,0.1219736141024504,0.27714355095897547,0.05643534194776713,0.02812425364832966,0.09374747663799768,0.05459057709834665
25003,0,C7,0.0007510858015816746,0.07722746332867918,0.24267283926567199,0.03542864830362414,0.016743679057214685,0.06770510909342839,0.0868139501617646
25003,1,C1,0.0006249872893377972,0.05965604935470456,0.13792352091479035,0.038609991908583906,0.019365880155646754,0.06593115629234603,0.08509949565108942
25003,1,C2,0.0004981625041582394,0.0536211751790672,0.1433243832392755,0.03006289421075332,0.01346856558630276,0.05116853116343343,0.07204610380959423
25003,1,C3,0.000628424276176931,0.0638260725085759,0.15820322966485725,0.03321123085793429,0.01594864002690442,0.05322077996365813,0.05322077996365813
25003,1,C4,0.0008165139638282026,0.05857405236727848,0.12671566514218469,0.037403362966348074,0.01664873660134985,0.0870554932878867,0.10616223505777747
25003,1,C5,0.0008997405815918125,0.08082627865990065,0.16154162634461472,0.04483307985481024,0.021407412855276288,0.06646011958956624,0.06646011958956624
25003,1,C6,0.00245394809689492,0.08244775169356058,0.20133631078418907,0.06422096705451846,0.028124253649023295,0.1268603633240182,0.18728580043855073
25003,1,C7,0.0007357207251856845,0.07573500096605643,0.15537369046857816,0.03492463901186405,0.01674367905714329,0.05777712779507398,0.07242561844496248
25003,2,C1,0.0007012969591092544,0.08070790205130252,0.24513777632341022,0.040261875304289235,0.019365880154815013,0.06423553956246365,0.08413991186421095
25003,2,C2,0.0005228705882417417,0.06816651013632792,0.2398139961362806,0.030298684909249175,0.013468565585977196,0.05164546116708203,0.07368931181152884
25003,2,C3,0.0006410782932120274,0.06257656116993064,0.13411189349682157,0.03243052743370244,0.015518459699158268,0.05224690306529057,0.05224690306529057
25003,2,C4,0.0008356154294653084,0.052986704578412556,0.12577388903035103,0.038328479910782136,0.016648736601616775,0.0814570242121953,0.12411258374164287
25003,2,C5,0.0008644391053679312,0.08646255305196932,0.18741905007875914,0.04352067898998703,0.021986327546945558,0.06624902974158375,0.06624902974158375
25003,2,C6,0.0024179036462311787,0.09761282353973047,0.21834652533174476,0.06336178654917715,0.028124253648902198,0.11155491035616122,0.1667292162324556
25003,2,C7,0.0007124783408128943,0.0614392066235726,0.17057330477142962,0.03423624987466137,0.016743679057072282,0.052459342946741434,0.07889217010950321
25003,3,C1,0.0007145134579669143,0.09725576819048785,0.2322734603554713,0.04008971600610594,0.019365880154039363,0.06163159052360311,0.08526415651455249
25003,3,C2,0.00046994322191140636,0.0781434529679794,0.1512236847750972,0.02841118551152818,0.013468565585737082,0.04968488812929002,0.04216137788988926
25003,3,C3,0.0008404067557139516,0.07844044026292811,0.1838056686044297,0.03694872002202868,0.018116690172455693,0.06038176224056611,0.06038176224056611
25003,3,C4,0.0008209330570216888,0.05606628319679655,0.16366157278621243,0.037542440791279726,0.016648736601371786,0.08692419541902553,0.11377588517064818
25003,3,C5,0.0007932217184187795,0.059982856660686076,0.10980809303953341,0.04207139938262763,0.021308653071879322,0.07547963976466653,0.07547963976466653
25003,3,C6,0.0024706420407925034,0.10292703096146998,0.18341724441776483,0.06509697649752243,0.02812425364921409,0.1048011244360594,0.17998558819322713
25003,3,C7,0.000752915432799206,0.06396483770381564,0.17923298425483947,0.035836991549146,0.01674367905738859,0.06170868553863491,0.09839098732313449
25003,4,C1,0.0006814597785675947,0.1078013628479828,0.26883548285638426,0.03869855996195697,0.019365880153332356,0.05921929590527369,0.08914886818004403
25003,4,C2,0.0004680053042970256,0.046481865347075955,0.08791525105203277,0.028345434795723302,0.01346856558573135,0.056454141087218586,0.054969467680470376
25003,4,C3,0.0008669033727830566,0.07760937164675415,0.15821697782191715,0.03726485223149385,0.019884961755381,0.06545465179841108,0.06545465179841108
25003,4,C4,0.0008316856267978068,0.06452438232778028,0.13696155542638722,0.038315927707524795,0.016648736601656635,0.07315529448832586,0.1360677498333789
25003,4,C5,0.00044464102895069857,0.04938988108665408,0.1015152305586793,0.032811952529264825,0.015698006887192223,0.0641166361763082,0.0641166361763082
25003,4,C6,0.0024693356813993983,0.12031436542805224,0.27949011538017077,0.06477205070219207,0.028124253649126837,0.10052342365495727,0.1792063140442692
25003,4,C7,0.0007114681415861801,0.054448617231299,0.3595193914915635,0.03420715202682865,0.01674367905706965,0.05966584649247587,0.061657709390904605
25003,5,C1,0.0005317837975148398,0.09341018897743092,0.29879087038028335,0.033557840572297146,0.01936588015211111,0.052116183448978205,0.04210241472681224
25003,5,C2,0.0005266739791764952,0.04155492617841788,0.06701078807618249,0.03048351364357098,0.013468565586028443,0.06259160323992688,0.08588588022375414
25003,5,C3,0.001076687209753402,0.061681577264480765,0.11451951975258505,0.04252456453296167,0.02066376268249484,0.08511046472817764,0.08511046472817764
25003,5,C4,0.0008324861743966849,0.07903670903552898,0.19539838289146125,0.03794222853873217,0.01664873660144854,0.071040850661227,0.13093540999717349
25003,5,C5,0.0005786429836875939,0.051528369867577056,0.11594364875386225,0.03587224396592176,0.01722754983023748,0.07409429748991879,0.07409429748991879
25003,5,C6,0.002289118294106829,0.11046294873792327,0.43125067386313354,0.060944172771950585,0.028124253648655676,0.09598185863223721,0.10926419281858424
25003,5,C7,0.000733768159792314,0.09110043815875776,0.24121948755194494,0.03557003954425617,0.016743679057475373,0.072700438309254,0.10338506086789694
25004,0,C1,0.0007791875239917534,0.05969044693240947,0.12331270626942456,0.04089718751727863,0.018508830026670652,0.07985822355959979,0.10537099362152458
25004,0,C2,0.0005366774157511411,0.04433827073287821,0.08287939823462294,0.029364049291263974,0.01300658742979032,0.07098410202394605,0.085315295367142
25004,0,C3,0.0005380666258557598,0.0450858712753876,0.09558546274559312,0.03129769649572055,0.015524997586972376,0.05122413919930256,0.05122413919930256
25004,0,C4,0.000754492830979947,0.07511848406694917,0.1813261921334025,0.03384388572615928,0.015637564500748418,0.056930037024747644,0.0896818857440732
25004,0,C5,0.0005956539520359794,0.05607184743693505,0.13661753806046079,0.03335176625936703,0.015704418316740784,0.05439655630712698,0.05439655630712698
25004,0,C6,0.0021017156302256534,0.11903091271419447,0.29322152140601426,0.059164792281761226,0.028397229034888106,0.10377272497536438,0.11603756029028967
25004,0,C7,0.0010442789179543333,0.07923705469181706,0.18976443968638404,0.04296742901738109,0.018989818167364753,0.06294695531357837,0.1248969607569669
25004,1,C1,0.0007192532359565629,0.06335907718989531,0.13994800497703294,0.040369282264427424,0.018508830028973307,0.08516066536724053,0.08522949376702856
25004,1,C2,0.0005109485676236813,0.053721050124893956,0.13139682403250433,0.02898835183045252,0.013006587430353917,0.06327455312974016,0.060876471015662674
25004,1,C3,0.0003733014874374163,0.06596294817940135,0.1510620672992159,0.02606350973848367,0.012801955028220357,0.041502224900739695,0.041502224900739695
25004,1,C4,0.0007822877426005848,0.05771922980072084,0.11804369371844965,0.03460156985810919,0.01563756450099506,0.05174210020911085,0.07130685315704434
25004,1,C5,0.0006969705103013757,0.06637833237648241,0.13269289302348816,0.03621574089673544,0.017167966224797736,0.06214350972157555,0.06214350972157555
25004,1,C6,0.0023413201085475954,0.10889062876255468,0.24889265567718255,0.06455338627773304,0.02839722903589741,0.11620573479165923,0.18365282188447546
25004,1,C7,0.0009919714507373723,0.07698366138782856,0.21325947684476507,0.04136983013018003,0.018989818167100922,0.06195475068604677,0.09339725888951701
25004,2,C1,0.0007823811234834999,0.07910373430190006,0.21935962488189864,0.04137214545992388,0.018508830027517232,0.07840890307113177,0.15214688838076884
25004,2,C2,0.000536380061264885,0.07300727349440192,0.2252649692195568,0.02945387807022444,0.013006587429956137,0.058407202994300786,0.08688552081289204
25004,2,C3,0.0004471599057157549,0.06355580652555334,0.15801124948058293,0.02772112817017129,0.013729414301409521,0.04337258737824885,0.04337258737824885
25004,2,C4,0.0007981800793858129,0.04422173692954527,0.1170397255890448,0.03507768048050701,0.015637564501207797,0.055492050231199734,0.07065655909188319
25004,2,C5,0.0006593191497421547,0.05994732662104087,0.13035901137572817,0.03498118343489865,0.017732661486060876,0.06618278838953177,0.06618278838953177
25004,2,C6,0.002185945254569832,0.10037828225589417,0.5322995793161102,0.06068279394416658,0.028397229035079696,0.11259875023032996,0.11664127373110801
25004,2,C7,0.0009023409283132056,0.06732243006935905,0.16746325570135429,0.039100623384934086,0.01898981816688891,0.062110861141054734,0.05435421670814339
25004,3,C1,0.0007831659042052408,0.08597543130829871,0.18615180315244764,0.04112015002245493,0.018508830026932734,0.06872460670125285,0.11346830517655494
25004,3,C2,0.00046529025274177904,0.05354363832504074,0.4247790620708099,0.026949677461409034,0.013006587429018921,0.053484872975809734,0.04561428411520775
25004,3,C3,0.0004912404313330843,0.060269286811649156,0.27834935829763185,0.028621195817904496,0.01490408732273155,0.044997464233744976,0.044997464233744976
25004,3,C4,0.0007700935369405748,0.0519038812395299,0.13200001753575022,0.03426310588788257,0.01563756450087594,0.05885585961531848,0.07871137540451283
25004,3,C5,0.0006267779813760033,0.04612477084939391,0.09222813158686331,0.03489616355958963,0.016466000134153193,0.06634612536755483,0.06634612536755483
25004,3,C6,0.002342430840771015,0.10572934059346684,0.2988618033918748,0.06440894390246027,0.028397229035830272,0.10740396839159091,0.15964670012879711
25004,3,C7,0.0010432559305203482,0.05737372737684366,0.14199403693093374,0.043232556720074096,0.018989818167499103,0.09101369969093087,0.1419488476299647
25004,4,C1,0.0007366153560568467,0.07669464922169922,0.21596787625575112,0.039317322729156494,0.01850883002560545,0.06324111633663197,0.0973761664836969
25004,4,C2,0.000515907216087963,0.051160364398663595,0.20169689807428484,0.028580131186502454,0.013006587429410126,0.05182073132514292,0.05411916548530572
25004,4,C3,0.0005588490824689485,0.09073544045044524,0.1411798832651672,0.03049420844603214,0.016764168015144673,0.05212882758226096,0.05212882758226096
25004,4,C4,0.0007735654636598088,0.056055302161308176,0.12286881846101855,0.035117838425924315,0.015637564502120293,0.06902698004985487,0.06945853141693879
25004,4,C5,0.00035705739782454504,0.03216571942296461,0.08598730167540972,0.026849286911069047,0.012641287550668198,0.04608661227602256,0.04608661227602256
25004,4,C6,0.0022617890897290716,0.11665832194835589,0.323511509915162,0.062151364239106534,0.028397229035299648,0.09951072834412328,0.1291837791144183
25004,4,C7,0.0010381476754156571,0.06773482184038765,0.16198003715351933,0.042712474279157864,0.018989818167301838,0.07806036069428307,0.149559013951398
25004,5,C1,0.0006670288502454991,0.057900171194913204,0.1486404590142751,0.03706896142164507,0.018508830024680647,0.05968502195478185,0.05459854698563138
25004,5,C2,0.000530724065443855,0.04058548177412007,0.08160009783332658,0.02910071594058788,0.013006587429614986,0.05807210344979298,0.06372982081906135
25004,5,C3,0.0007082099193727043,0.06627582420407462,0.0780732637877141,0.03509075270518759,0.017412506026694974,0.06806132035906187,0.06806132035906187
25004,5,C4,0.0008072270228729472,0.07709446023161541,0.19933182771703084,0.03546093039020722,0.015637564501505025,0.06297413609794325,0.11798093930005804
25004,5,C5,0.00045448689183757995,0.040101025752027786,0.09213168905749382,0.02929883007975369,0.013827058361661195,0.052719508180514615,0.052719508180514615
25004,5,C6,0.0022504177771467404,0.12022358045273464,0.24058452531443117,0.06192032694636681,0.028397229035261873,0.10151169978644053,0.12832312782996264
25004,5,C7,0.001041771726301044,0.06335658357915579,0.13498626194614638,0.043237742577763645,0.0189898181675155,0.0642773193987749,0.11861586477536924
25005,0,C1,0.0007846890757573499,0.06825576206316719,0.10207363292372383,0.04232940399937308,0.019430728058485437,0.07226315748379264,0.09688087562694142
25005,0,C2,0.0005297104252596219,0.04343122103677886,0.1082559659262339,0.03015063566108968,0.013401169336507696,0.07650578339558138,0.11161799236882063
25005,0,C3,0.0006695872780903,0.04176509238640676,0.10661119314575554,0.03464286485824289,0.016589554479044755,0.056024592590611266,0.056024592590611266
25005,0,C4,0.000559984344079556,0.05876578449403074,0.12050633289541646,0.03005372265032197,0.014607719125291598,0.0508629733240437,0.029853656381281103
25005,0,C5,0.0005773170435963149,0.05562894216897116,0.1902165560677732,0.034897449930364574,0.016913678745422208,0.060371023561092835,0.060371023561092835
25005,0,C6,0.003022740678402691,0.10636037148300702,0.2652549266506835,0.07153856236360145,0.031337607084337304,0.10651873833992044,0.1574519545834339
25005,0,C7,0.0010755005743335877,0.05773448249834694,0.14050845059844988,0.042349423071315784,0.018246738577792,0.07239314867536858,0.09861952697500126
25005,1,C1,0.0007134879703072361,0.059365012849062995,0.1320900044118317,0.041311255688212395,0.01943072805931505,0.06602790828597885,0.06764852363524711
25005,1,C2,0.0004824493992915402,0.05065917471200169,0.13902994848732186,0.02913232584449101,0.013401169336745154,0.0630864634744361,0.04641355496790367
25005,1,C3,0.0004763859227011613,0.05820361996225254,0.1353072852031977,0.029197041321451733,0.013932933815026983,0.044909082841245916,0.044909082841245916
25005,1,C4,0.000661081969798194,0.04211669498009499,0.09000351474735042,0.03327777879412217,0.014607719125697123,0.07616677279455755,0.10756438740062747
25005,1,C5,0.0007246407582108816,0.07214332277550534,0.15115065798289784,0.03954390176614697,0.018902054619962975,0.07138141337158987,0.07138141337158987
25005,1,C6,0.0028055809909415252,0.11061818807867027,0.37653345181231807,0.06766447950732382,0.03133760708386038,0.10149173455689386,0.1301497447020356
25005,1,C7,0.0010490400417196843,0.06686251019438816,0.14630522502510065,0.0416105972062757,0.01824673857768896,0.0748330476485392,0.11029303861757639
25005,2,C1,0.0007577644113839765,0.0964176499729206,0.23376991675429334,0.042191739025074816,0.019430728059003984,0.06392291763634182,0.10052734570599996
25005,2,C2,0.0005300001504244811,0.08490320657664056,0.27237533206785913,0.030025315767420967,0.013401169336417334,0.06152237984429509,0.09427824903177666
25005,2,C3,0.0005166254855120123,0.050398378213588224,0.12885611563821797,0.02947620767102413,0.014077077421033653,0.04518558879233198,0.04518558879233198
25005,2,C4,0.0006518001609352453,0.041008696548976646,0.10664694656478865,0.033271685297055396,0.014607719125831009,0.0573682416799788,0.07459238239095632
25005,2,C5,0.0006983192923487591,0.06465272709183095,0.13771345854435962,0.03858961116990136,0.01949411006916914,0.07801005801359688,0.07801005801359688
25005,2,C6,0.002649437293397283,0.10910078845760281,0.2745508365053383,0.06524956851116975,0.031337607083638384,0.10330963741058811,0.08710238354613886
25005,2,C7,0.0010617870963792742,0.05959569814436213,0.1420195574788754,0.04195216761007638,0.018246738577732242,0.08674387693261315,0.14972199224907337
25005,3,C1,0.0007742339846933399,0.10368009565284692,0.3400950362677218,0.04170763432133275,0.019430728058173093,0.06303764123420345,0.09432974444667813
25005,3,C2,0.0004685982598240379,0.08656745697252803,0.18748570555989358,0.02785003542793434,0.013401169336120464,0.054809404569603336,0.05628781735366686
25005,3,C3,0.0006213403976607079,0.06554681628525956,0.18829515639209612,0.03200635543017331,0.015943647201466227,0.04929033564023377,0.04929033564023377
25005,3,C4,0.0006610955089081383,0.053280693429322706,0.1335698228645438,0.033279681534345594,0.01460771912569806,0.05252865438637119,0.0848522761659589
25005,3,C5,0.0006486641840629526,0.048493060246733354,0.09696317629636743,0.03808733831753598,0.018136877334951163,0.08495245628913653,0.08495245628913653
25005,3,C6,0.003062738498268436,0.09629105186675842,0.22592196865984657,0.07310021988305913,0.0313376070846803,0.1741132309733455,0.2796483013925406
25005,3,C7,0.0010742046106775316,0.06091228636095701,0.1569968729199919,0.04298193106027934,0.018246738578078295,0.11129868573737822,0.1389501990887504
25005,4,C1,0.0006895762889864709,0.10023280444202236,0.2401606682218726,0.038727215972181914,0.019430728057505155,0.059065174185611545,0.05562942556545765
25005,4,C2,0.0004854866090715504,0.050697068166753116,0.11089460432080776,0.028410729135635575,0.013401169336171094,0.05501797539094586,0.06006737807228194
25005,4,C3,0.0006878146922399964,0.08662037345911827,0.1168414120260703,0.03359478963953941,0.017754543529799736,0.05580678871059103,0.05580678871059103
25005,4,C4,0.0006605519959763662,0.05096605550489287,0.13760878711336536,0.0333381186278426,0.014607719125740869,0.051648097152314,0.10189979415108605
25005,4,C5,0.0003621196247706182,0.04353177036318598,0.10971798910621089,0.029101345363756116,0.013844094459657064,0.05271777735929403,0.05271777735929403
25005,4,C6,0.0029642198356234495,0.0994809021819321,0.3788992814226437,0.07035048477722017,0.03133760708416462,0.14445784714370188,0.23755548321613074
25005,4,C7,0.0010540623304232666,0.06357537563039511,0.25272313203176594,0.041743128936652746,0.01824673857770509,0.09849182405290403,0.14539832376953274
25005,5,C1,0.0006472982954132123,0.06043809277678488,0.13090652716597967,0.037343632990140485,0.01943072805729889,0.061362379611435106,0.05347592131638347
25005,5,C2,0.0005257339024643537,0.04680566755758165,0.07279450653940935,0.029826313581427014,0.013401169336362855,0.06043589871687149,0.0812420580942335
25005,5,C3,0.0008500162044814408,0.0591108018542514,0.08569985389278528,0.03826021706808287,0.018369276832924348,0.0676138070176527,0.0676138070176527
25005,5,C4,0.0006274289641026165,0.05828067382675231,0.19390428413920305,0.03206939027031009,0.014607719125471513,0.05076697329453354,0.06425387897890764
25005,5,C5,0.0004740521854604829,0.05082560566001766,0.12361258636364364,0.03206663786673063,0.01530120402928133,0.06022193474194261,0.06022193474194261
25005,5,C6,0.0030013028818701715,0.12259960774453524,0.22407517542073696,0.07107449106742338,0.031337607084265376,0.11643134175401691,0.1848784002788954
25005,5,C7,0.001072615756317341,0.06572758754727137,0.15769178459886005,0.04226168355144383,0.018246738577777605,0.07810676535478953,0.11278128225655433
