seed,rotation,factor,criterion,active_alternatives,re,sre,base_iqr
25001,0,h_D,C1,6,0.045522875679127515,0.6646910163179075,0.06848727387747663
25001,0,h_D,C2,6,0.03163580850697806,0.2805728466687038,0.11275434840653903
25001,0,h_D,C3,5,0.03519490366779648,0.4791392944148172,0.07345442980271866
25001,0,h_D,C4,6,0.02743845730444048,0.22389882875047828,0.12254846288095184
25001,0,h_D,C6,6,0.02602251537770793,0.36377832499985135,0.07153399086477949
25001,0,h_D,C7,6,0.023250987379293576,0.28511680071004186,0.08154899087358325
25001,0,h_E,C6,6,0.017362893276419433,0.24272227882542916,0.07153399086477949
25001,0,h_I,C2,6,0.01942386855914093,0.1722671350016174,0.11275434840653903
25001,0,h_I,C4,6,0.02560615984892249,0.2089472135900091,0.12254846288095184
25001,0,h_I,C5,5,0.06119073627035816,0.475134640806983,0.12878609769633895
25001,0,h_T,C3,5,0.024572219994970432,0.3345233236529249,0.07345442980271866
25001,0,h_T,C7,6,0.036502003960709364,0.4476082851453912,0.08154899087358325
25001,1,h_D,C1,6,0.0454990615202288,0.7156018991880553,0.06358152706293524
25001,1,h_D,C2,6,0.03171220883689453,0.3019902404756107,0.10501070758660389
25001,1,h_D,C3,5,0.03515836866986373,0.4220384773165717,0.08330607411198042
25001,1,h_D,C4,6,0.027364203140905614,0.24274616629843143,0.11272764286222092
25001,1,h_D,C6,6,0.026279296680681796,0.38184507556282243,0.0688218818628614
25001,1,h_D,C7,6,0.023236930118412685,0.2937593472764341,0.07910192589123795
25001,1,h_E,C6,6,0.017667274335256767,0.256710131382413,0.0688218818628614
25001,1,h_I,C2,6,0.01937525142303536,0.18450738851437407,0.10501070758660389
25001,1,h_I,C4,6,0.025442862179139214,0.22570206856902467,0.11272764286222092
25001,1,h_I,C5,5,0.06129151008272882,0.49195606960611454,0.12458736433785644
25001,1,h_T,C3,5,0.024416675576472896,0.2930959817330821,0.08330607411198042
25001,1,h_T,C7,6,0.03652770502244093,0.4617802235586946,0.07910192589123795
25001,2,h_D,C1,6,0.04581541085754606,0.6472669262974068,0.07078287024331517
25001,2,h_D,C2,6,0.032030634858461735,0.28355601708429423,0.11296051900974563
25001,2,h_D,C3,5,0.035108119719989846,0.42133852453741055,0.08332520687044667
25001,2,h_D,C4,6,0.027299580599267324,0.2637899812200375,0.10348983108737511
25001,2,h_D,C6,6,0.026387639134547107,0.32854850371159755,0.08031580980013177
25001,2,h_D,C7,6,0.023314078994223077,0.28019201725273335,0.08320750613288733
25001,2,h_E,C6,6,0.01766541514738206,0.2199494120911314,0.08031580980013177
25001,2,h_I,C2,6,0.01994527848197407,0.17656858039114293,0.11296051900974563
25001,2,h_I,C4,6,0.025279897377411313,0.24427421623505743,0.10348983108737511
25001,2,h_I,C5,5,0.06124514928124654,0.4492201513778168,0.13633660265006023
25001,2,h_T,C3,5,0.02447400040876533,0.29371664743087383,0.08332520687044667
25001,2,h_T,C7,6,0.03675962755574147,0.44178258986145286,0.08320750613288733
25001,3,h_D,C1,6,0.045662658053637444,0.5903834047611496,0.077344074519711
25001,3,h_D,C2,6,0.03204936293930877,0.2558699938959472,0.125256433750048
25001,3,h_D,C3,5,0.03522451728871702,0.4053143997420267,0.0869066515049337
25001,3,h_D,C4,6,0.027116701195738044,0.24869796951570833,0.10903467064203994
25001,3,h_D,C6,6,0.02602282626326756,0.33060217410186277,0.07871341540215943
25001,3,h_D,C7,6,0.023302202334295953,0.2927078195339234,0.07960908721573334
25001,3,h_E,C6,6,0.017278360241217365,0.21950972591800202,0.07871341540215943
25001,3,h_I,C2,6,0.01985167101103665,0.15848823422909047,0.125256433750048
25001,3,h_I,C4,6,0.025487494223962306,0.23375586933631246,0.10903467064203994
25001,3,h_I,C5,5,0.06079253061439491,0.45805464114221184,0.13271894912437454
25001,3,h_T,C3,5,0.02443725301948789,0.2811896741622751,0.0869066515049337
25001,3,h_T,C7,6,0.03657162520884547,0.45939008331147324,0.07960908721573334
25001,4,h_D,C1,6,0.04522280841550016,0.6137728413905214,0.07368004148315313
25001,4,h_D,C2,6,0.03206907459899898,0.2661529895495345,0.12049113050734438
25001,4,h_D,C3,5,0.03549192275867659,0.422025591300922,0.08409898235992833
25001,4,h_D,C4,6,0.02723744942705191,0.26549808318480667,0.1025900040409222
25001,4,h_D,C6,6,0.02596245471693206,0.34254996273326443,0.07579173125412324
25001,4,h_D,C7,6,0.023392269569843017,0.305116611372692,0.07666665365841012
25001,4,h_E,C6,6,0.01729146587166295,0.22814448997685496,0.07579173125412324
25001,4,h_I,C2,6,0.019747592689938278,0.16389250068967273,0.12049113050734438
25001,4,h_I,C4,6,0.025355421459144097,0.24715294336846796,0.1025900040409222
25001,4,h_I,C5,5,0.06055724766893199,0.47442804708177505,0.12764263841682102
25001,4,h_T,C3,5,0.024526674364037562,0.29164056062862,0.08409898235992833
25001,4,h_T,C7,6,0.036702073405949526,0.4787227778193849,0.07666665365841012
25001,5,h_D,C1,6,0.04531127280907564,0.6151713426329005,0.07365634526233071
25001,5,h_D,C2,6,0.03179547737788618,0.27529080141702045,0.11549778348549306
25001,5,h_D,C3,5,0.035362868351495755,0.4538021558295937,0.07792573899609456
25001,5,h_D,C4,6,0.027508789554437585,0.246138486335915,0.1117614313945569
25001,5,h_D,C6,6,0.026158131888276023,0.35521615223127634,0.07364004064457522
25001,5,h_D,C7,6,0.02334879461441834,0.31520937217008727,0.07407392252760842
25001,5,h_E,C6,6,0.0172058870938327,0.2336485279339202,0.07364004064457522
25001,5,h_I,C2,6,0.019704055765150115,0.17060115934999232,0.11549778348549306
25001,5,h_I,C4,6,0.025685985928261136,0.22982871288889278,0.1117614313945569
25001,5,h_I,C5,5,0.06081753737337707,0.4781151805713823,0.12720269057388553
25001,5,h_T,C3,5,0.024451982896743586,0.3137857043313413,0.07792573899609456
25001,5,h_T,C7,6,0.036705767062230846,0.49552886912468486,0.07407392252760842
25002,0,h_D,C1,6,0.05841463371514871,0.6490408222396222,0.09000147866343808
25002,0,h_D,C2,6,0.03704616489531062,0.4067809598656304,0.09107153124163206
25002,0,h_D,C3,5,0.033713902006667004,0.38506408247816354,0.08755400345134451
25002,0,h_D,C4,6,0.02732018765815166,0.21952965585289808,0.12444873359724473
25002,0,h_D,C6,6,0.025530719201094954,0.45534527013233894,0.056068923683383176
25002,0,h_D,C7,6,0.01390518579240083,0.23387628177596942,0.05945530554264053
25002,0,h_E,C6,6,0.016447737706743085,0.2933485543494436,0.056068923683383176
25002,0,h_I,C2,6,0.023908118015273885,0.26252021558282645,0.09107153124163206
25002,0,h_I,C4,6,0.026887857987759167,0.21605569787926232,0.12444873359724473
25002,0,h_I,C5,5,0.058452452315498754,0.46513499374180806,0.12566771604262483
25002,0,h_T,C3,5,0.021757826658123834,0.24850750165829458,0.08755400345134451
25002,0,h_T,C7,6,0.0204353037423768,0.34370866578723025,0.05945530554264053
25002,1,h_D,C1,6,0.05853392590518999,0.6711528999401086,0.08721399536490448
25002,1,h_D,C2,6,0.03705672731881215,0.43405106570823343,0.08537411895974334
25002,1,h_D,C3,5,0.033896302198055256,0.34889459729721967,0.09715341670605021
25002,1,h_D,C4,6,0.027399756816909628,0.23543314301820958,0.11638020231737278
25002,1,h_D,C6,6,0.025466686037997045,0.41552881549242116,0.061287412781234674
25002,1,h_D,C7,6,0.014119974981932721,0.25590782761724923,0.055176018307636444
25002,1,h_E,C6,6,0.016436727893309237,0.26819092448415016,0.061287412781234674
25002,1,h_I,C2,6,0.023899901565721374,0.2799431707952501,0.08537411895974334
25002,1,h_I,C4,6,0.02706809734331628,0.23258335012400194,0.11638020231737278
25002,1,h_I,C5,5,0.05801748499891079,0.4876207247637272,0.11898076117772698
25002,1,h_T,C3,5,0.021696158715902455,0.2233185352742001,0.09715341670605021
25002,1,h_T,C7,6,0.020581982467116667,0.3730240618666582,0.055176018307636444
25002,2,h_D,C1,6,0.05862320088562141,0.6393420464918443,0.09169301660457879
25002,2,h_D,C2,6,0.036730367978745224,0.390533825556393,0.09405169430848911
25002,2,h_D,C3,5,0.033759509325063365,0.35081229924113655,0.09623239948468112
25002,2,h_D,C4,6,0.02752551850589162,0.2500843031643668,0.11006495872534033
25002,2,h_D,C6,6,0.025612927635654585,0.45110549505950037,0.056778132644616
25002,2,h_D,C7,6,0.014065203731994071,0.22096763487988524,0.06365277765415166
25002,2,h_E,C6,6,0.016587381498521275,0.29214383646697883,0.056778132644616
25002,2,h_I,C2,6,0.023795320940348315,0.2530025760306536,0.09405169430848911
25002,2,h_I,C4,6,0.027254116771815218,0.24761847083028854,0.11006495872534033
25002,2,h_I,C5,5,0.058239751970647714,0.46150442362167293,0.12619543603319686
25002,2,h_T,C3,5,0.02162291511549766,0.224694751778636,0.09623239948468112
25002,2,h_T,C7,6,0.020619911922571548,0.3239436310899576,0.06365277765415166
25002,3,h_D,C1,6,0.05882448748761527,0.6594416356672567,0.08920347807192097
25002,3,h_D,C2,6,0.036358542425339126,0.35059515138574093,0.10370520607966191
25002,3,h_D,C3,5,0.03349985916762975,0.3401855398690143,0.09847525906065382
25002,3,h_D,C4,6,0.027366840599757802,0.2277009847212844,0.12018762515686204
25002,3,h_D,C6,6,0.025453613353066992,0.4806208520798787,0.05295986065198022
25002,3,h_D,C7,6,0.01391104755544455,0.23590218714235825,0.05896955735647269
25002,3,h_E,C6,6,0.016549144481789776,0.3124846681570433,0.05295986065198022
25002,3,h_I,C2,6,0.02383178162315059,0.22980313644634415,0.10370520607966191
25002,3,h_I,C4,6,0.026979278470941743,0.2244763421816967,0.12018762515686204
25002,3,h_I,C5,5,0.058033799387515565,0.4831106935390692,0.1201252635537848
25002,3,h_T,C3,5,0.02160693407047673,0.2194148487281355,0.09847525906065382
25002,3,h_T,C7,6,0.02024619159942123,0.34333294171921763,0.05896955735647269
25002,4,h_D,C1,6,0.059269087298792336,0.6275760394625888,0.0944412845157673
25002,4,h_D,C2,6,0.03661582486483532,0.3659597016783015,0.1000542537786214
25002,4,h_D,C3,5,0.033941155565270185,0.3201268768031665,0.10602407365445654
25002,4,h_D,C4,6,0.027300323592296553,0.23963100978896693,0.1139265056559215
25002,4,h_D,C6,6,0.025528442140028078,0.4209601942442052,0.060643363644966614
25002,4,h_D,C7,6,0.013978654778642352,0.23584386238762897,0.0592708016095472
25002,4,h_E,C6,6,0.016480140594996556,0.2717550545383155,0.060643363644966614
25002,4,h_I,C2,6,0.023835709802069713,0.2382278504077401,0.1000542537786214
25002,4,h_I,C4,6,0.026862387239523812,0.23578698464093384,0.1139265056559215
25002,4,h_I,C5,5,0.05819138417392608,0.5128063409323214,0.11347633507732541
25002,4,h_T,C3,5,0.021825037556057945,0.20584983017142083,0.10602407365445654
25002,4,h_T,C7,6,0.020266270989851936,0.3419267234314841,0.0592708016095472
25002,5,h_D,C1,6,0.05898850106039903,0.6379945442527979,0.09245925626032866
25002,5,h_D,C2,6,0.03654842953582991,0.38876185312154315,0.09401238635420997
25002,5,h_D,C3,5,0.03372653703331161,0.35514919332908645,0.09496441964801242
25002,5,h_D,C4,6,0.026962912048690106,0.2158623235542778,0.1249079116935129
25002,5,h_D,C6,6,0.025610193834905457,0.4323403897685863,0.059236181584101315
25002,5,h_D,C7,6,0.01380253205647887,0.2546704661224189,0.0541976157124925
25002,5,h_E,C6,6,0.01646483119024487,0.27795227088685265,0.059236181584101315
25002,5,h_I,C2,6,0.023958586147121073,0.25484499517539727,0.09401238635420997
25002,5,h_I,C4,6,0.026953806554292956,0.21578942589492522,0.1249079116935129
25002,5,h_I,C5,5,0.05849247624187996,0.5130360472513414,0.11401241015080346
25002,5,h_T,C3,5,0.02177381075656966,0.22928388165847222,0.09496441964801242
25002,5,h_T,C7,6,0.02028272043711607,0.37423639712008006,0.0541976157124925
25003,0,h_D,C1,6,0.05121645173495616,0.5911257388808927,0.0866422291665509
25003,0,h_D,C2,6,0.04182218579914912,0.33676579383724675,0.12418774876828587
25003,0,h_D,C3,5,0.03480363280785986,0.4847627653789705,0.07179518579601889
25003,0,h_D,C4,6,0.0293878119845205,0.29472584291943715,0.09971236893623504
25003,0,h_D,C6,6,0.021017504912178193,0.3668589702953802,0.05729042115254501
25003,0,h_D,C7,6,0.01999256816431124,0.18638923909876948,0.10726245925351191
25003,0,h_E,C6,6,0.013993174236591601,0.24424980572386196,0.05729042115254501
25003,0,h_I,C2,6,0.028907944702346214,0.23277613926355134,0.12418774876828587
25003,0,h_I,C4,6,0.03026902870764181,0.3035634297957052,0.09971236893623504
25003,0,h_I,C5,5,0.06657788499203987,0.5862874249945224,0.11355843934751904
25003,0,h_T,C3,5,0.02364498801826098,0.32933946414054377,0.07179518579601889
25003,0,h_T,C7,6,0.031010500385900024,0.28910860893389023,0.10726245925351191
25003,1,h_D,C1,6,0.05098561881588802,0.6145724312247443,0.08296112260302221
25003,1,h_D,C2,6,0.041870597377243426,0.35384212246966834,0.11833129725949676
25003,1,h_D,C3,5,0.03480402560971402,0.45719591426664363,0.07612497076900512
25003,1,h_D,C4,6,0.029357737291749193,0.31837088420226073,0.09221238105674223
25003,1,h_D,C6,6,0.020997418095487348,0.39696983221486765,0.05289424130276257
25003,1,h_D,C7,6,0.020105503331699238,0.19335246960288183,0.10398369037023265
25003,1,h_E,C6,6,0.014074863320072427,0.2660944362400984,0.05289424130276257
25003,1,h_I,C2,6,0.028802264828147833,0.24340360914612455,0.11833129725949676
25003,1,h_I,C4,6,0.030117065762677267,0.32660544513885115,0.09221238105674223
25003,1,h_I,C5,5,0.0664732678268109,0.6166657078240276,0.1077946559745513
25003,1,h_T,C3,5,0.023707757236556222,0.31143207014402674,0.07612497076900512
25003,1,h_T,C7,6,0.030806649477172515,0.29626424458671885,0.10398369037023265
25003,2,h_D,C1,6,0.0510016460377605,0.5954007996663173,0.08565935092083876
25003,2,h_D,C2,6,0.04190133780316378,0.3249983510705771,0.12892784737156843
25003,2,h_D,C3,5,0.0346581260266154,0.4629178478296762,0.07486884808750002
25003,2,h_D,C4,6,0.029186965864852303,0.34956071218715273,0.08349612770234949
25003,2,h_D,C6,6,0.02104380011760891,0.4118037509683735,0.05110152607330978
25003,2,h_D,C7,6,0.020365522309198292,0.2031781746294682,0.10023479316189002
25003,2,h_E,C6,6,0.01404363285268984,0.2748182673110027,0.05110152607330978
25003,2,h_I,C2,6,0.028992619633103168,0.22487476696420694,0.12892784737156843
25003,2,h_I,C4,6,0.030192983608919578,0.3616093876376062,0.08349612770234949
25003,2,h_I,C5,5,0.06632205228392246,0.5746341009169325,0.11541614425165339
25003,2,h_T,C3,5,0.023752134082775274,0.31724989350308486,0.07486884808750002
25003,2,h_T,C7,6,0.030874442478247655,0.3080212120363642,0.10023479316189002
25003,3,h_D,C1,6,0.05130427197938251,0.5835140568951764,0.08792294096869613
25003,3,h_D,C2,6,0.041609210870495704,0.3027896271862803,0.1374195386310059
25003,3,h_D,C3,5,0.0349428709724426,0.44530953546874696,0.07846872386241474
25003,3,h_D,C4,6,0.029128646339537302,0.32076157854018295,0.09081089596760258
25003,3,h_D,C6,6,0.02108718551091468,0.4501232760587199,0.04684757850139186
25003,3,h_D,C7,6,0.020459163148383024,0.21715897575294438,0.09421283682716239
25003,3,h_E,C6,6,0.014093377066121082,0.3008346966194107,0.04684757850139186
25003,3,h_I,C2,6,0.028853962205977378,0.209969866681368,0.1374195386310059
25003,3,h_I,C4,6,0.03023139341846112,0.33290491296235497,0.09081089596760258
25003,3,h_I,C5,5,0.06661097389251483,0.6105188354113452,0.10910551817295575
25003,3,h_T,C3,5,0.02369373786423387,0.3019513596968389,0.07846872386241474
25003,3,h_T,C7,6,0.031155551898483163,0.33069327861667835,0.09421283682716239
25003,4,h_D,C1,6,0.05193670124564111,0.6041801388326432,0.08596227831220268
25003,4,h_D,C2,6,0.04196157641146935,0.3091786772922906,0.13571950297041552
25003,4,h_D,C3,5,0.03497718281868042,0.40775850233460187,0.08577916246506809
25003,4,h_D,C4,6,0.029307417138021742,0.3501976432361608,0.08368821922056073
25003,4,h_D,C6,6,0.0212726480743998,0.4831666455156089,0.0440275591689812
25003,4,h_D,C7,6,0.020403502253012212,0.19623659236368987,0.10397399387674693
25003,4,h_E,C6,6,0.014167118237316843,0.3217784157104999,0.0440275591689812
25003,4,h_I,C2,6,0.028823323605470425,0.21237422017041302,0.13571950297041552
25003,4,h_I,C4,6,0.02998163433777466,0.35825394083723605,0.08368821922056073
25003,4,h_I,C5,5,0.06668989402370039,0.6476961686803534,0.10296478078437582
25003,4,h_T,C3,5,0.0238471853466561,0.27800674034430445,0.08577916246506809
25003,4,h_T,C7,6,0.031527136659626157,0.30322136799607696,0.10397399387674693
25003,5,h_D,C1,6,0.05149222152811966,0.5626648527614109,0.09151490674216939
25003,5,h_D,C2,6,0.04185496716891923,0.32294161848232433,0.12960536757478086
25003,5,h_D,C3,5,0.034858604939739704,0.4465159595447843,0.07806799330270515
25003,5,h_D,C4,6,0.029388197316198725,0.32462862816402943,0.09052866804163903
25003,5,h_D,C6,6,0.021195532713893808,0.4128391129752214,0.05134090265995006
25003,5,h_D,C7,6,0.02030892866493518,0.20475280159333223,0.09918754960465355
25003,5,h_E,C6,6,0.014185260665283226,0.2762955057288572,0.05134090265995006
25003,5,h_I,C2,6,0.028882866534233477,0.2228523947308396,0.12960536757478086
25003,5,h_I,C4,6,0.03010782015510139,0.3325777436703321,0.09052866804163903
25003,5,h_I,C5,5,0.06683202396887136,0.6445308553227586,0.10369096128805143
25003,5,h_T,C3,5,0.023849173700687926,0.3054923367622417,0.07806799330270515
25003,5,h_T,C7,6,0.03134257046258662,0.3159929909267578,0.09918754960465355
25004,0,h_D,C1,6,0.06052025804422623,0.6369905003160038,0.09500967128013027
25004,0,h_D,C2,6,0.041898225760678934,0.3083714320838846,0.13586934910680445
25004,0,h_D,C3,5,0.03826198728286544,0.3503270456079043,0.10921790870048606
25004,0,h_D,C4,6,0.03001311290385593,0.31931904862739413,0.09399098811220061
25004,0,h_D,C6,6,0.01981686692013665,0.3736977345446617,0.05302913314127833
25004,0,h_D,C7,6,0.021151933085433693,0.32841939481768173,0.06440524956465353
25004,0,h_E,C6,6,0.01366695918653365,0.2577254874196208,0.05302913314127833
25004,0,h_I,C2,6,0.027852237567805,0.20499279455372868,0.13586934910680445
25004,0,h_I,C4,6,0.02921004620434888,0.31077496673584243,0.09399098811220061
25004,0,h_I,C5,5,0.08016226162611428,0.6600400295127037,0.1214506060861743
25004,0,h_T,C3,5,0.026128879905983587,0.23923622248983847,0.10921790870048606
25004,0,h_T,C7,6,0.03206487470128699,0.49786119792301464,0.06440524956465353
25004,1,h_D,C1,6,0.06030293800662657,0.663863098666816,0.09083640607086663
25004,1,h_D,C2,6,0.04195366766958851,0.31758068751367463,0.1321039638704871
25004,1,h_D,C3,5,0.0382070565253342,0.3506829909651236,0.10895041250741275
25004,1,h_D,C4,6,0.029910042620530635,0.3366555469430693,0.08884464519235134
25004,1,h_D,C6,6,0.020094023849563478,0.4275588912208372,0.04699709036984385
25004,1,h_D,C7,6,0.021151148369099492,0.3037353158655691,0.06963677670645678
25004,1,h_E,C6,6,0.013573603733486678,0.2888179592902521,0.04699709036984385
25004,1,h_I,C2,6,0.0277573057785096,0.21011713021353667,0.1321039638704871
25004,1,h_I,C4,6,0.02954372319395005,0.33253240113294913,0.08884464519235134
25004,1,h_I,C5,5,0.0793845671761401,0.66619810716887,0.11916060151061231
25004,1,h_T,C3,5,0.026293274736165086,0.24133249366205764,0.10895041250741275
25004,1,h_T,C7,6,0.03204874569650154,0.46022729959397624,0.06963677670645678
25004,2,h_D,C1,6,0.0602478461751839,0.6135077999187176,0.09820224972290899
25004,2,h_D,C2,6,0.041970769123415616,0.3051406113315392,0.1375456676840327
25004,2,h_D,C3,5,0.03802974104862374,0.35065909491659203,0.1084521736341071
25004,2,h_D,C4,6,0.029800540411235157,0.3561929426383615,0.08366403946732628
25004,2,h_D,C6,6,0.020284081665005466,0.3632577772002489,0.05583935964421331
25004,2,h_D,C7,6,0.021057669469243846,0.29138455914388073,0.07226762300247537
25004,2,h_E,C6,6,0.013484455855059765,0.24148657758140474,0.05583935964421331
25004,2,h_I,C2,6,0.027959818886067838,0.20327662336914404,0.1375456676840327
25004,2,h_I,C4,6,0.029719010482246913,0.35521845073591024,0.08366403946732628
25004,2,h_I,C5,5,0.07958580318120509,0.6332957101607528,0.12566925987919625
25004,2,h_T,C3,5,0.026321574326949863,0.24270213721589526,0.1084521736341071
25004,2,h_T,C7,6,0.03217286656824796,0.44519060169864383,0.07226762300247537
25004,3,h_D,C1,6,0.060432047883299006,0.6404501126960042,0.0943587122317257
25004,3,h_D,C2,6,0.04216126305034383,0.2879982121803321,0.14639418325158302
25004,3,h_D,C3,5,0.03795071033700606,0.3131758666031012,0.12118018782331383
25004,3,h_D,C4,6,0.029705399210386507,0.3520954223395126,0.0843674678093105
25004,3,h_D,C6,6,0.020315039776080672,0.40082214515246917,0.050683426605464106
25004,3,h_D,C7,6,0.021116482143947873,0.3089228678144292,0.06835519265062526
25004,3,h_E,C6,6,0.013330904887335474,0.26302295996765274,0.050683426605464106
25004,3,h_I,C2,6,0.027856596393934785,0.19028485814816878,0.14639418325158302
25004,3,h_I,C4,6,0.02967439906153089,0.35172798036619984,0.0843674678093105
25004,3,h_I,C5,5,0.07964977799316256,0.6540740284897578,0.12177486725228644
25004,3,h_T,C3,5,0.026358469935437872,0.21751468130790647,0.12118018782331383
25004,3,h_T,C7,6,0.03218702094147924,0.4708789441282328,0.06835519265062526
25004,4,h_D,C1,6,0.06043220673293084,0.6047783411676135,0.09992455519430937
25004,4,h_D,C2,6,0.042367597254278445,0.30027245616795323,0.14109718152197231
25004,4,h_D,C3,5,0.03796211394998847,0.31064263354778665,0.12220509952584487
25004,4,h_D,C4,6,0.029794195515181032,0.38109243048247027,0.07818102153611374
25004,4,h_D,C6,6,0.020129331287631794,0.35343988494611356,0.05695263082814586
25004,4,h_D,C7,6,0.021196534035506087,0.303232946679857,0.06990181729026111
25004,4,h_E,C6,6,0.013402376238928147,0.23532497171437775,0.05695263082814586
25004,4,h_I,C2,6,0.027569048816467906,0.1953904997881147,0.14109718152197231
25004,4,h_I,C4,6,0.029584859068586794,0.37841484399819975,0.07818102153611374
25004,4,h_I,C5,5,0.08033191742794359,0.6892892669758134,0.1165431137201692
25004,4,h_T,C3,5,0.026166869502889566,0.21412256611387542,0.12220509952584487
25004,4,h_T,C7,6,0.03212727558056865,0.45960572736905214,0.06990181729026111
25004,5,h_D,C1,6,0.06024192509458899,0.6015478633819736,0.10014485756012859
25004,5,h_D,C2,6,0.042290340251347966,0.3046891279634799,0.13879832383160123
25004,5,h_D,C3,5,0.03774876275398338,0.32769652518790304,0.11519427229815857
25004,5,h_D,C4,6,0.029818882596269296,0.3470124199924502,0.08593030357982875
25004,5,h_D,C6,6,0.019758163481890585,0.37651819560306027,0.05247598578833059
25004,5,h_D,C7,6,0.021082225760118825,0.32042426652209133,0.06579472269259265
25004,5,h_E,C6,6,0.013555888305590142,0.2583255579039798,0.05247598578833059
25004,5,h_I,C2,6,0.02744082806054758,0.19770287783621074,0.13879832383160123
25004,5,h_I,C4,6,0.029348096808911935,0.34153372658931885,0.08593030357982875
25004,5,h_I,C5,5,0.08045133300793506,0.696300911218833,0.115541042257741
25004,5,h_T,C3,5,0.026142340558950393,0.2269413230117809,0.11519427229815857
25004,5,h_T,C7,6,0.0322598274689678,0.49031025815250356,0.06579472269259265
25005,0,h_D,C1,6,0.05625364759837569,0.5346033613759363,0.10522501664235362
25005,0,h_D,C2,6,0.04071615609527704,0.29774863628587095,0.13674674249687366
25005,0,h_D,C3,5,0.039142080798184764,0.4506906974700649,0.08684909854464859
25005,0,h_D,C4,6,0.03396359724789814,0.32731355482750063,0.10376471351902969
25005,0,h_D,C6,6,0.019463670387525164,0.47658630923254136,0.040839759787458865
25005,0,h_D,C7,6,0.02227951206941244,0.27380652053608373,0.08136954527422408
25005,0,h_E,C6,6,0.013285541684230674,0.3253090065428129,0.040839759787458865
25005,0,h_I,C2,6,0.026824485621055903,0.19616178880073146,0.13674674249687366
25005,0,h_I,C4,6,0.03404207139280964,0.32806982487585723,0.10376471351902969
25005,0,h_I,C5,5,0.07417651655607876,0.5444420768082426,0.13624317391188695
25005,0,h_T,C3,5,0.026298943653323192,0.3028119358026526,0.08684909854464859
25005,0,h_T,C7,6,0.03408525932197741,0.4188945533207485,0.08136954527422408
25005,1,h_D,C1,6,0.05601890434127889,0.5591158993057702,0.10019193589428595
25005,1,h_D,C2,6,0.04088385241658659,0.31354344217072133,0.13039294374401933
25005,1,h_D,C3,5,0.03901644115521953,0.44723071702073747,0.08724007468602198
25005,1,h_D,C4,6,0.033721433875353764,0.34447062182601323,0.09789349726329191
25005,1,h_D,C6,6,0.01952508575370253,0.42014710945108286,0.0464720220943366
25005,1,h_D,C7,6,0.022288573609424635,0.2713356774370946,0.08214391052323222
25005,1,h_E,C6,6,0.013286640142996516,0.28590621935364013,0.0464720220943366
25005,1,h_I,C2,6,0.026948052857093896,0.20666803036359274,0.13039294374401933
25005,1,h_I,C4,6,0.03404063082850357,0.347731277151137,0.09789349726329191
25005,1,h_I,C5,5,0.07438037062763232,0.5739141797775028,0.12960190434028737
25005,1,h_T,C3,5,0.026236360720744492,0.3007374857812618,0.08724007468602198
25005,1,h_T,C7,6,0.03436009227598125,0.4182914114594668,0.08214391052323222
25005,2,h_D,C1,6,0.05672074764120885,0.5731778501462045,0.0989583732626226
25005,2,h_D,C2,6,0.04063391662292766,0.2880648380768747,0.1410582315214597
25005,2,h_D,C3,5,0.03908176793335959,0.4479046341928218,0.08725466304527468
25005,2,h_D,C4,6,0.03355470174965831,0.3639951897198018,0.09218446478681279
25005,2,h_D,C6,6,0.019509422799879765,0.4375101847518828,0.044591928323922975
25005,2,h_D,C7,6,0.022440362137621593,0.2839460902712492,0.07903036141790411
25005,2,h_E,C6,6,0.013400963064873529,0.30052441256243156,0.044591928323922975
25005,2,h_I,C2,6,0.027122336082966353,0.19227758486854316,0.1410582315214597
25005,2,h_I,C4,6,0.03406007326561063,0.3694773663220695,0.09218446478681279
25005,2,h_I,C5,5,0.07415755479459459,0.54332893981846,0.13648740083461997
25005,2,h_T,C3,5,0.026470515067946253,0.3033707786357259,0.08725466304527468
25005,2,h_T,C7,6,0.034364377250094176,0.43482500437957244,0.07903036141790411
25005,3,h_D,C1,6,0.05626191762626472,0.5238526712878688,0.10740026864313473
25005,3,h_D,C2,6,0.040492840494857726,0.2675739592595198,0.1513332635457106
25005,3,h_D,C3,5,0.03904170943393894,0.4064774554053795,0.09604889253844646
25005,3,h_D,C4,6,0.03361857645365493,0.3543414122460606,0.09487622753491563
25005,3,h_D,C6,6,0.01945078384411203,0.48021740216172754,0.0405041211669401
25005,3,h_D,C7,6,0.022284748401950168,0.295137752810485,0.0755062617013439
25005,3,h_E,C6,6,0.013482220609455375,0.3328604650760044,0.0405041211669401
25005,3,h_I,C2,6,0.02690851155353839,0.1778096297066427,0.1513332635457106
25005,3,h_I,C4,6,0.03417490788107369,0.3602051722401873,0.09487622753491563
25005,3,h_I,C5,5,0.0740560192471319,0.5662972997989248,0.13077233331831295
25005,3,h_T,C3,5,0.026247555213358108,0.2732728563484317,0.09604889253844646
25005,3,h_T,C7,6,0.03435419821660954,0.45498475811236055,0.0755062617013439
25005,4,h_D,C1,6,0.055706485413854236,0.4941181967723393,0.11273919029342365
25005,4,h_D,C2,6,0.04047696186327223,0.27638680866522125,0.14645041150290328
25005,4,h_D,C3,5,0.039034716673429365,0.39467040444443247,0.09890459541293165
25005,4,h_D,C4,6,0.03363141938133621,0.37810201325145404,0.08894800398376025
25005,4,h_D,C6,6,0.019385938686689676,0.40978699085327125,0.04730735508688034
25005,4,h_D,C7,6,0.02220844331158011,0.2571322529256745,0.08636973020161128
25005,4,h_E,C6,6,0.013462209879535558,0.28456906657595915,0.04730735508688034
25005,4,h_I,C2,6,0.026815775447672996,0.18310481460790082,0.14645041150290328
25005,4,h_I,C4,6,0.03406650227395999,0.3829934427735637,0.08894800398376025
25005,4,h_I,C5,5,0.07422746061488397,0.5945069730400917,0.1248554919965317
25005,4,h_T,C3,5,0.026079746860447957,0.263685896002102,0.09890459541293165
25005,4,h_T,C7,6,0.034138501656292175,0.3952600242724857,0.08636973020161128
25005,5,h_D,C1,6,0.05584269834649999,0.5086656241849582,0.10978272501796997
25005,5,h_D,C2,6,0.04062703128722246,0.2878632057897223,0.14113311625040315
25005,5,h_D,C3,5,0.039386846793557626,0.42776653132457576,0.09207556905204525
25005,5,h_D,C4,6,0.033866358073340916,0.34543530848471765,0.09803965385459071
25005,5,h_D,C6,6,0.019347178915996535,0.4464587529815324,0.04333475105224416
25005,5,h_D,C7,6,0.022309032916630632,0.26677704796785295,0.0836242588569768
25005,5,h_E,C6,6,0.013391667087814224,0.3090283608958609,0.04333475105224416
25005,5,h_I,C2,6,0.02667817207335975,0.18902843487022142,0.14113311625040315
25005,5,h_I,C4,6,0.0340485132511613,0.3472932829945899,0.09803965385459071
25005,5,h_I,C5,5,0.07429297492104597,0.5909188371690395,0.12572449928382068
25005,5,h_T,C3,5,0.026195412228563503,0.28449905330991954,0.09207556905204525
25005,5,h_T,C7,6,0.03403745861930161,0.40702852359037467,0.0836242588569768
