seed,eta,criterion,min_active_g,max_active_g,min_headroom,max_headroom,max_class_ceiling_excess,min_derivative,structural_zero_max_abs,lower_bound_ok,class_ceiling_ok,headroom_nonnegative_ok,monotonicity_ok,structural_zero_ok,profile_min,profile_max,profile_mean
21001,0.0,C1,3.24931284904e-06,0.32217036679414207,0.04944659144077268,0.14562191480631598,-0.049779917821644676,0.08716072627684453,0.0,True,True,True,True,True,-1.0,1.0,5.551115123125783e-17
21001,0.0,C2,0.00033901916617479314,0.3587731085615006,0.038127406017091525,0.1902061740597763,-0.04122689143849945,0.09198829508252077,0.0,True,True,True,True,True,-1.0,1.0,3.700743415417188e-17
21001,0.0,C3,0.00026011419482551643,0.3793098122542385,0.017158818129178854,0.13393740499275267,-0.020690187745761535,0.06606259500724734,0.0,True,True,True,True,True,-1.0,1.0,0.0
21001,0.0,C4,0.0004900677349729925,0.38299533144584225,0.01423876287526682,0.1492759856911246,-0.017004668554157776,0.1281278910596696,0.0,True,True,True,True,True,-1.0,1.0,5.551115123125783e-17
21001,0.0,C5,7.878352062848051e-05,0.3541913804214366,0.028493588693327132,0.14996403040444886,-0.028496103302804582,0.05003596959555115,0.0,True,True,True,True,True,-1.0,1.0,0.0
21001,0.0,C6,0.0017957421847370257,0.18713395141060687,0.012009440260302318,0.08652070715103088,-0.012866048589393136,0.11347929284896913,0.0,True,True,True,True,True,-1.0,1.0,7.401486830834377e-17
21001,0.0,C7,0.00038935154888589373,0.25229997054118375,0.03502228444134867,0.16471406359903273,-0.03680096565382604,0.0896689400266969,0.0,True,True,True,True,True,-1.0,1.0,7.401486830834377e-17
21001,0.1,C1,3.431112937471299e-06,0.3298824426589938,0.04944659144077268,0.14562191480631598,-0.044802024076067454,0.09203784401719572,0.0,True,True,True,True,True,-1.0,1.0,5.551115123125783e-17
21001,0.1,C2,0.00038160753459414506,0.3627569949681682,0.038127406017091525,0.1902061740597763,-0.03724300503183181,0.09885798660565809,0.0,True,True,True,True,True,-1.0,1.0,3.700743415417188e-17
21001,0.1,C3,0.0003912883108456638,0.3806443055054176,0.017158818129178854,0.13393740499275267,-0.01935569449458241,0.0598252999527534,0.0,True,True,True,True,True,-1.0,1.0,0.0
21001,0.1,C4,0.0005632800526120876,0.3846937419488137,0.01423876287526682,0.1492759856911246,-0.015306258051186294,0.12348718180492915,0.0,True,True,True,True,True,-1.0,1.0,5.551115123125783e-17
21001,0.1,C5,0.0001338370933013787,0.3587719491370372,0.028493588693327132,0.14996403040444886,-0.025647079444137355,0.045032959111908695,0.0,True,True,True,True,True,-1.0,1.0,0.0
21001,0.1,C6,0.0020752369266810416,0.1883112795758208,0.012009440260302318,0.08652070715103088,-0.011688720424179205,0.10231362980771273,0.0,True,True,True,True,True,-1.0,1.0,7.401486830834377e-17
21001,0.1,C7,0.00035079347073149704,0.2663827572802366,0.03502228444134867,0.16471406359903273,-0.03312319383525092,0.0808757300438316,0.0,True,True,True,True,True,-1.0,1.0,7.401486830834377e-17
21001,0.2,C1,3.3812704945838992e-06,0.33759451852384553,0.04944659144077268,0.14562191480631598,-0.03982413033049023,0.0907012999144561,0.0,True,True,True,True,True,-1.0,1.0,5.551115123125783e-17
21001,0.2,C2,0.0004047863504224795,0.3667408813748359,0.038127406017091525,0.1902061740597763,-0.03325911862516412,0.1057276781287954,0.0,True,True,True,True,True,-1.0,1.0,3.700743415417188e-17
21001,0.2,C3,0.0005008322974497659,0.3819787987565968,0.017158818129178854,0.13393740499275267,-0.01763150711571665,0.053588004898259455,0.0,True,True,True,True,True,-1.0,1.0,0.0
21001,0.2,C4,0.0006364923702511828,0.38639215245178515,0.01423876287526682,0.1492759856911246,-0.013607847548214869,0.11884647255018871,0.0,True,True,True,True,True,-1.0,1.0,5.551115123125783e-17
21001,0.2,C5,0.00018889066597427694,0.3633525178526378,0.028493588693327132,0.14996403040444886,-0.02279805558547013,0.04002994862826624,0.0,True,True,True,True,True,-1.0,1.0,0.0
21001,0.2,C6,0.0022586628095721674,0.18948860774103474,0.012009440260302318,0.08652070715103088,-0.010511392258965274,0.09114796676645634,0.0,True,True,True,True,True,-1.0,1.0,7.401486830834377e-17
21001,0.2,C7,0.0003122353925771003,0.28046554401928947,0.03502228444134867,0.16471406359903273,-0.0294454220166758,0.0720825200609663,0.0,True,True,True,True,True,-1.0,1.0,7.401486830834377e-17
21001,0.3,C1,3.331428051696499e-06,0.34530659438869726,0.04944659144077268,0.14562191480631598,-0.03484623658491301,0.08936475581171646,0.0,True,True,True,True,True,-1.0,1.0,5.551115123125783e-17
21001,0.3,C2,0.000427965166250814,0.37072476778150354,0.038127406017091525,0.1902061740597763,-0.029275232218496483,0.1125973696519327,0.0,True,True,True,True,True,-1.0,1.0,3.700743415417188e-17
21001,0.3,C3,0.0004876394220996645,0.3833132920077759,0.017158818129178854,0.13393740499275267,-0.015658171505146312,0.04735070984376549,0.0,True,True,True,True,True,-1.0,1.0,0.0
21001,0.3,C4,0.000643192656284445,0.38809056295475663,0.01423876287526682,0.1492759856911246,-0.011909437045243387,0.11420576329544825,0.0,True,True,True,True,True,-1.0,1.0,5.551115123125783e-17
21001,0.3,C5,0.00018917906776057554,0.36793308656823837,0.028493588693327132,0.14996403040444886,-0.0199490317268029,0.035026938144623786,0.0,True,True,True,True,True,-1.0,1.0,0.0
21001,0.3,C6,0.001982590252487701,0.19066593590624867,0.012009440260302318,0.08652070715103088,-0.009334064093751343,0.0799823037251999,0.0,True,True,True,True,True,-1.0,1.0,7.401486830834377e-17
21001,0.3,C7,0.0002736773144227036,0.2945483307583423,0.03502228444134867,0.16471406359903273,-0.02576765019810065,0.063289310078101,0.0,True,True,True,True,True,-1.0,1.0,7.401486830834377e-17
21001,0.4,C1,3.021248023033241e-06,0.35301867025354905,0.04944659144077268,0.14562191480631598,-0.02986834283933576,0.08104601644071044,0.0,True,True,True,True,True,-1.0,1.0,5.551115123125783e-17
21001,0.4,C2,0.00045114398207914846,0.37470865418817123,0.038127406017091525,0.1902061740597763,-0.02529134581182879,0.11946706117507001,0.0,True,True,True,True,True,-1.0,1.0,3.700743415417188e-17
21001,0.4,C3,0.0004744465467495632,0.38464778525895504,0.017158818129178854,0.13393740499275267,-0.013684835894575975,0.04111341478927154,0.0,True,True,True,True,True,-1.0,1.0,0.0
21001,0.4,C4,0.0005777271255556615,0.3897889734577281,0.01423876287526682,0.1492759856911246,-0.010211026542271906,0.10956505404070783,0.0,True,True,True,True,True,-1.0,1.0,5.551115123125783e-17
21001,0.4,C5,0.00016222432005128754,0.37251365528383895,0.028493588693327132,0.14996403040444886,-0.017100007868135703,0.03002392766098133,0.0,True,True,True,True,True,-1.0,1.0,0.0
21001,0.4,C6,0.0017065176954032346,0.1918432640714626,0.012009440260302318,0.08652070715103088,-0.008156735928537412,0.06881664068394351,0.0,True,True,True,True,True,-1.0,1.0,7.401486830834377e-17
21001,0.4,C7,0.00023511923626830684,0.3086311174973952,0.03502228444134867,0.16471406359903273,-0.02208987837952553,0.054496100095235714,0.0,True,True,True,True,True,-1.0,1.0,7.401486830834377e-17
21001,0.5,C1,2.5177530113615566e-06,0.3607307461184008,0.04944659144077268,0.14562191480631598,-0.024890449093758538,0.06754083233740846,0.0,True,True,True,True,True,-1.0,1.0,5.551115123125783e-17
21001,0.5,C2,0.0003893098816635781,0.37869254059483887,0.038127406017091525,0.1902061740597763,-0.021307459405161155,0.10637109690132038,0.0,True,True,True,True,True,-1.0,1.0,3.700743415417188e-17
21001,0.5,C3,0.00046125367139946186,0.3859822785101342,0.017158818129178854,0.13393740499275267,-0.01171150028400561,0.03487611973477761,0.0,True,True,True,True,True,-1.0,1.0,0.0
21001,0.5,C4,0.00048241456092536217,0.39148738396069954,0.01423876287526682,0.1492759856911246,-0.00851261603930048,0.1049243447859674,0.0,True,True,True,True,True,-1.0,1.0,5.551115123125783e-17
21001,0.5,C5,0.00013526957234199957,0.37709422399943954,0.028493588693327132,0.14996403040444886,-0.014250984009468476,0.025020917177338897,0.0,True,True,True,True,True,-1.0,1.0,0.0
21001,0.5,C6,0.0014304451383187681,0.19302059223667653,0.012009440260302318,0.08652070715103088,-0.006979407763323481,0.05765097764268713,0.0,True,True,True,True,True,-1.0,1.0,7.401486830834377e-17
21001,0.5,C7,0.00019656115811391014,0.322713904236448,0.03502228444134867,0.16471406359903273,-0.01841210656095041,0.045702890112370415,0.0,True,True,True,True,True,-1.0,1.0,7.401486830834377e-17
21001,0.6,C1,2.014257999689872e-06,0.3684428219832525,0.04944659144077268,0.14562191480631598,-0.019912555348181316,0.05403564823410642,0.0,True,True,True,True,True,-1.0,1.0,5.551115123125783e-17
21001,0.6,C2,0.00031253451446237916,0.38267642700150656,0.038127406017091525,0.1902061740597763,-0.017323572998493464,0.0856865510935397,0.0,True,True,True,True,True,-1.0,1.0,3.700743415417188e-17
21001,0.6,C3,0.00044806079604936056,0.38731677176131335,0.017158818129178854,0.13393740499275267,-0.009738164673435273,0.028638824680283642,0.0,True,True,True,True,True,-1.0,1.0,0.0
21001,0.6,C4,0.00038710199629506277,0.393185794463671,0.01423876287526682,0.1492759856911246,-0.006814205536328999,0.10028363553122696,0.0,True,True,True,True,True,-1.0,1.0,5.551115123125783e-17
21001,0.6,C5,0.0001083148246327116,0.3816747927150401,0.028493588693327132,0.14996403040444886,-0.01140196015080125,0.02001790669369642,0.0,True,True,True,True,True,-1.0,1.0,0.0
21001,0.6,C6,0.0011543725812343017,0.19419792040189046,0.012009440260302318,0.08652070715103088,-0.00580207959810955,0.046485314601430724,0.0,True,True,True,True,True,-1.0,1.0,7.401486830834377e-17
21001,0.6,C7,0.00015800307995951344,0.33679669097550086,0.03502228444134867,0.16471406359903273,-0.014734334742375288,0.0369096801295051,0.0,True,True,True,True,True,-1.0,1.0,7.401486830834377e-17
21001,0.7,C1,1.5107629880181875e-06,0.37615489784810424,0.04944659144077268,0.14562191480631598,-0.014934661602604093,0.04053046413080444,0.0,True,True,True,True,True,-1.0,1.0,5.551115123125783e-17
21001,0.7,C2,0.00023575914726118024,0.3866603134081742,0.038127406017091525,0.1902061740597763,-0.013339686591825828,0.065002005285759,0.0,True,True,True,True,True,-1.0,1.0,3.700743415417188e-17
21001,0.7,C3,0.00043486792069925926,0.3886512650124925,0.017158818129178854,0.13393740499275267,-0.007764829062864936,0.0224015296257897,0.0,True,True,True,True,True,-1.0,1.0,0.0
21001,0.7,C4,0.0002917894316647635,0.3948842049666425,0.01423876287526682,0.1492759856911246,-0.0051157950333575175,0.07735911054988082,0.0,True,True,True,True,True,-1.0,1.0,5.551115123125783e-17
21001,0.7,C5,8.136007692342362e-05,0.3862553614306407,0.028493588693327132,0.14996403040444886,-0.008552936292134022,0.015014896210053974,0.0,True,True,True,True,True,-1.0,1.0,0.0
21001,0.7,C6,0.0008783000241498354,0.1953752485671044,0.012009440260302318,0.08652070715103088,-0.0046247514328956185,0.03531965156017433,0.0,True,True,True,True,True,-1.0,1.0,7.401486830834377e-17
21001,0.7,C7,0.00011944500180511674,0.35087947771455374,0.03502228444134867,0.16471406359903273,-0.011056562923800167,0.028116470146639816,0.0,True,True,True,True,True,-1.0,1.0,7.401486830834377e-17
21001,0.8,C1,1.007267976346502e-06,0.383866973712956,0.04944659144077268,0.14562191480631598,-0.009956767857026871,0.02702528002750243,0.0,True,True,True,True,True,-1.0,1.0,5.551115123125783e-17
21001,0.8,C2,0.00015898378005998126,0.3906441998148419,0.038127406017091525,0.1902061740597763,-0.009355800185158136,0.04431745947797833,0.0,True,True,True,True,True,-1.0,1.0,3.700743415417188e-17
21001,0.8,C3,0.00030643997368240655,0.39040942365377773,0.017158818129178854,0.13393740499275267,-0.005791493452294599,0.016164234571295732,0.0,True,True,True,True,True,-1.0,1.0,0.0
21001,0.8,C4,0.00019647686703446398,0.39658261546961393,0.01423876287526682,0.1492759856911246,-0.0034173845303860917,0.05259269572716729,0.0,True,True,True,True,True,-1.0,1.0,5.551115123125783e-17
21001,0.8,C5,5.44053292141356e-05,0.3908359301462413,0.028493588693327132,0.14996403040444886,-0.005703912433466796,0.010011885726411512,0.0,True,True,True,True,True,-1.0,1.0,0.0
21001,0.8,C6,0.0006022274670653689,0.19655257673231832,0.012009440260302318,0.08652070715103088,-0.0034474232676816874,0.024153988518917924,0.0,True,True,True,True,True,-1.0,1.0,7.401486830834377e-17
21001,0.8,C7,8.088692365071994e-05,0.3649622644536066,0.03502228444134867,0.16471406359903273,-0.007378791105225019,0.019323260163774503,0.0,True,True,True,True,True,-1.0,1.0,7.401486830834377e-17
21001,0.9,C1,5.037729646748175e-07,0.39157904957780776,0.04944659144077268,0.14562191480631598,-0.004978874111449649,0.01352009592420042,0.0,True,True,True,True,True,-1.0,1.0,5.551115123125783e-17
21001,0.9,C2,8.220841285878227e-05,0.3946280862215095,0.038127406017091525,0.1902061740597763,-0.0053719137784905,0.023632913670197653,0.0,True,True,True,True,True,-1.0,1.0,3.700743415417188e-17
21001,0.9,C3,0.00015632059469748022,0.3942737922886505,0.017158818129178854,0.13393740499275267,-0.0038181578417242623,0.009926939516801792,0.0,True,True,True,True,True,-1.0,1.0,0.0
21001,0.9,C4,0.0001011643024041647,0.3982810259725854,0.01423876287526682,0.1492759856911246,-0.0017189740274146104,0.027826280904453715,0.0,True,True,True,True,True,-1.0,1.0,5.551115123125783e-17
21001,0.9,C5,2.7450581504847628e-05,0.3954164988618419,0.028493588693327132,0.14996403040444886,-0.002854888574799569,0.005008875242769051,0.0,True,True,True,True,True,-1.0,1.0,0.0
21001,0.9,C6,0.0003261549099809022,0.19772990489753225,0.012009440260302318,0.08652070715103088,-0.0022700951024677563,0.012988325477661544,0.0,True,True,True,True,True,-1.0,1.0,7.401486830834377e-17
21001,0.9,C7,4.232884549632324e-05,0.3790450511926594,0.03502228444134867,0.16471406359903273,-0.003701019286649898,0.01053005018090919,0.0,True,True,True,True,True,-1.0,1.0,7.401486830834377e-17
21001,1.0,C1,2.7795300313294903e-10,0.3996445823554573,0.04944659144077268,0.14562191480631598,-9.803658724272246e-07,1.4911820898411143e-05,0.0,True,True,True,True,True,-1.0,1.0,5.551115123125783e-17
21001,1.0,C2,5.4330456575834e-06,0.39997065542660837,0.038127406017091525,0.1902061740597763,-2.9344573391654194e-05,0.0029483678624169785,0.0,True,True,True,True,True,-1.0,1.0,3.700743415417188e-17
21001,1.0,C3,6.201215712553889e-06,0.3981381609235233,0.017158818129178854,0.13393740499275267,-1.7016845322792573e-05,0.0031499119257665242,0.0,True,True,True,True,True,-1.0,1.0,0.0
21001,1.0,C4,5.8517377738652974e-06,0.3999794364755569,0.01423876287526682,0.1492759856911246,-2.0563524443129033e-05,0.003059866081740248,0.0,True,True,True,True,True,-1.0,1.0,5.551115123125783e-17
21001,1.0,C5,4.958337955596561e-07,0.39999706757744247,0.028493588693327132,0.14996403040444886,-4.2994219295877656e-11,5.864759126616992e-06,0.0,True,True,True,True,True,-1.0,1.0,0.0
21001,1.0,C6,5.0082352896435936e-05,0.19999584737705367,0.012009440260302318,0.08652070715103088,-4.152622946340667e-06,0.001822662436405137,0.0,True,True,True,True,True,-1.0,1.0,7.401486830834377e-17
21001,1.0,C7,3.7707673419265443e-06,0.39483425471474687,0.03502228444134867,0.16471406359903273,-2.32474680747774e-05,0.0017368401980439319,0.0,True,True,True,True,True,-1.0,1.0,7.401486830834377e-17
21002,0.0,C1,0.00011792825256847758,0.3491004386128818,0.05078195425936827,0.18065133409560608,-0.05089956138711821,0.10679294972564413,0.0,True,True,True,True,True,-1.0,1.0,7.401486830834377e-17
21002,0.0,C2,0.0005272275907643854,0.29088893098661794,0.020145015832068403,0.19103168422168842,-0.021332487045079757,0.12148854888943661,0.0,True,True,True,True,True,-1.0,1.0,7.401486830834377e-17
21002,0.0,C3,0.0008080217613189326,0.33534670851826537,0.06350353172725198,0.1785528303958884,-0.06465329148173465,0.055101502163218706,0.0,True,True,True,True,True,-1.0,1.0,0.0
21002,0.0,C4,0.00022010230967645645,0.36407165353589205,0.03318290130403867,0.16221703178183008,-0.035928346464107974,0.0537366854857615,0.0,True,True,True,True,True,-1.0,1.0,5.551115123125783e-17
21002,0.0,C5,6.558838021334454e-05,0.3691230571156786,0.030781898593812307,0.09662555500860692,-0.030876942884321412,0.11897236401626446,0.0,True,True,True,True,True,-1.0,1.0,0.0
21002,0.0,C6,0.0002406149593519045,0.146032608738279,0.05333537531783161,0.13781734716692776,-0.05396739126172101,0.06218265283307226,0.0,True,True,True,True,True,-1.0,1.0,5.551115123125783e-17
21002,0.0,C7,0.0019513150756408056,0.3804455518873052,0.01804718701954733,0.15227110871221372,-0.0195544481126948,0.0956587879744,0.0,True,True,True,True,True,-1.0,1.0,7.401486830834377e-17
21002,0.1,C1,0.00011498422040686013,0.35419039021495774,0.05078195425936827,0.18065133409560608,-0.04580960978504228,0.10414015723352356,0.0,True,True,True,True,True,-1.0,1.0,7.401486830834377e-17
21002,0.1,C2,0.0005785830365129281,0.30169335359000876,0.020145015832068403,0.19103168422168842,-0.019357521129854977,0.12539251305217528,0.0,True,True,True,True,True,-1.0,1.0,7.401486830834377e-17
21002,0.1,C3,0.0010205044248364028,0.3417434670616321,0.06350353172725198,0.1785528303958884,-0.05825653293836791,0.06959135194689683,0.0,True,True,True,True,True,-1.0,1.0,0.0
21002,0.1,C4,0.00023106092997112975,0.36766224746847354,0.03318290130403867,0.16221703178183008,-0.03233775253152649,0.05646131952850604,0.0,True,True,True,True,True,-1.0,1.0,5.551115123125783e-17
21002,0.1,C5,7.106217855790073e-05,0.3721901604185713,0.030781898593812307,0.09662555500860692,-0.02780983958142874,0.11708027602367577,0.0,True,True,True,True,True,-1.0,1.0,0.0
21002,0.1,C6,0.00024768903360789115,0.15136032543175953,0.05333537531783161,0.13781734716692776,-0.048639674568240476,0.06405725523490462,0.0,True,True,True,True,True,-1.0,1.0,5.551115123125783e-17
21002,0.1,C7,0.0017645057086530043,0.38221170381626357,0.01804718701954733,0.15227110871221372,-0.01778829618373645,0.086908857242772,0.0,True,True,True,True,True,-1.0,1.0,7.401486830834377e-17
21002,0.2,C1,0.00011204018824524267,0.3592803418170337,0.05078195425936827,0.18065133409560608,-0.0407196581829663,0.10148736474140299,0.0,True,True,True,True,True,-1.0,1.0,7.401486830834377e-17
21002,0.2,C2,0.0006299384822614708,0.3124977761933996,0.020145015832068403,0.19103168422168842,-0.017382555214630224,0.12929647721491397,0.0,True,True,True,True,True,-1.0,1.0,7.401486830834377e-17
21002,0.2,C3,0.0010874772844156949,0.34814022560499885,0.06350353172725198,0.1785528303958884,-0.05185977439500117,0.07445172314937093,0.0,True,True,True,True,True,-1.0,1.0,0.0
21002,0.2,C4,0.00024201955026580303,0.37125284140105497,0.03318290130403867,0.16221703178183008,-0.028747158598945055,0.05918595357125058,0.0,True,True,True,True,True,-1.0,1.0,5.551115123125783e-17
21002,0.2,C5,7.541728956395295e-05,0.375257263721464,0.030781898593812307,0.09662555500860692,-0.024742736278536015,0.11518818803108707,0.0,True,True,True,True,True,-1.0,1.0,0.0
21002,0.2,C6,0.0002547631078638778,0.15668804212524007,0.05333537531783161,0.13781734716692776,-0.04331195787475994,0.06593185763673698,0.0,True,True,True,True,True,-1.0,1.0,5.551115123125783e-17
21002,0.2,C7,0.0015776963416652033,0.3839778557452219,0.01804718701954733,0.15227110871221372,-0.016022144254778103,0.07815892651114402,0.0,True,True,True,True,True,-1.0,1.0,7.401486830834377e-17
21002,0.3,C1,0.00010909615608362522,0.36437029341910965,0.05078195425936827,0.18065133409560608,-0.035629706580890375,0.09883457224928238,0.0,True,True,True,True,True,-1.0,1.0,7.401486830834377e-17
21002,0.3,C2,0.0006812939280100136,0.3233021987967904,0.020145015832068403,0.19103168422168842,-0.015407589299405444,0.1332004413776526,0.0,True,True,True,True,True,-1.0,1.0,7.401486830834377e-17
21002,0.3,C3,0.0009986765466232087,0.3545369841483656,0.06350353172725198,0.1785528303958884,-0.045463015851634425,0.06898269596258874,0.0,True,True,True,True,True,-1.0,1.0,0.0
21002,0.3,C4,0.00025297817056047634,0.37484343533363645,0.03318290130403867,0.16221703178183008,-0.025156564666363568,0.06191058761399511,0.0,True,True,True,True,True,-1.0,1.0,5.551115123125783e-17
21002,0.3,C5,7.977240057000517e-05,0.3783243670243567,0.030781898593812307,0.09662555500860692,-0.021675632975643344,0.1132961000384984,0.0,True,True,True,True,True,-1.0,1.0,0.0
21002,0.3,C6,0.00022703946474966037,0.1620157588187206,0.05333537531783161,0.13781734716692776,-0.03798424118127941,0.05890647713601897,0.0,True,True,True,True,True,-1.0,1.0,5.551115123125783e-17
21002,0.3,C7,0.0013908869746774022,0.3857440076741802,0.01804718701954733,0.15227110871221372,-0.01425599232581981,0.06940899577951601,0.0,True,True,True,True,True,-1.0,1.0,7.401486830834377e-17
21002,0.4,C1,0.00010615212392200776,0.3694602450211856,0.05078195425936827,0.18065133409560608,-0.03053975497881445,0.09618177975716184,0.0,True,True,True,True,True,-1.0,1.0,7.401486830834377e-17
21002,0.4,C2,0.0007326493737585563,0.3341066214001812,0.020145015832068403,0.19103168422168842,-0.013432623384180664,0.12749375153428022,0.0,True,True,True,True,True,-1.0,1.0,7.401486830834377e-17
21002,0.4,C3,0.000862152468331904,0.36093374269173234,0.06350353172725198,0.1785528303958884,-0.03906625730826768,0.05996598179550282,0.0,True,True,True,True,True,-1.0,1.0,0.0
21002,0.4,C4,0.00026393679085514964,0.3784340292662179,0.03318290130403867,0.16221703178183008,-0.021565970733782136,0.06463522165673964,0.0,True,True,True,True,True,-1.0,1.0,5.551115123125783e-17
21002,0.4,C5,8.41275115760574e-05,0.38139147032724935,0.030781898593812307,0.09662555500860692,-0.018608529672750673,0.11140401204590969,0.0,True,True,True,True,True,-1.0,1.0,0.0
21002,0.4,C6,0.00019503305346316047,0.16734347551220113,0.05333537531783161,0.13781734716692776,-0.03265652448779888,0.05071237965263431,0.0,True,True,True,True,True,-1.0,1.0,5.551115123125783e-17
21002,0.4,C7,0.001204077607689601,0.38751015960313856,0.01804718701954733,0.15227110871221372,-0.012489840396861462,0.06065906504788801,0.0,True,True,True,True,True,-1.0,1.0,7.401486830834377e-17
21002,0.5,C1,0.00010320809176039031,0.3745501966232615,0.05078195425936827,0.18065133409560608,-0.025449803376738522,0.09352898726504125,0.0,True,True,True,True,True,-1.0,1.0,7.401486830834377e-17
21002,0.5,C2,0.0006360451119447113,0.34491104400357203,0.020145015832068403,0.19103168422168842,-0.011457657468955912,0.10712511047327242,0.0,True,True,True,True,True,-1.0,1.0,7.401486830834377e-17
21002,0.5,C3,0.0007256283900405994,0.3673305012350991,0.06350353172725198,0.1785528303958884,-0.03266949876490094,0.050949267628416894,0.0,True,True,True,True,True,-1.0,1.0,0.0
21002,0.5,C4,0.0002748954111498229,0.3820246231987994,0.03318290130403867,0.16221703178183008,-0.01797537680120065,0.06735985569948418,0.0,True,True,True,True,True,-1.0,1.0,5.551115123125783e-17
21002,0.5,C5,8.848262258210962e-05,0.384458573630142,0.030781898593812307,0.09662555500860692,-0.015541426369858002,0.10951192405332102,0.0,True,True,True,True,True,-1.0,1.0,0.0
21002,0.5,C6,0.0001630266421766606,0.17267119220568167,0.05333537531783161,0.13781734716692776,-0.027328807794318344,0.042518282169249674,0.0,True,True,True,True,True,-1.0,1.0,5.551115123125783e-17
21002,0.5,C7,0.0010172682407017996,0.3892763115320969,0.01804718701954733,0.15227110871221372,-0.010723688467903114,0.05190913431626004,0.0,True,True,True,True,True,-1.0,1.0,7.401486830834377e-17
21002,0.6,C1,9.718072108757752e-05,0.3796401482253375,0.05078195425936827,0.18065133409560608,-0.02035985177466254,0.08826951597063429,0.0,True,True,True,True,True,-1.0,1.0,7.401486830834377e-17
21002,0.6,C2,0.0005103427505908024,0.35571546660696285,0.020145015832068403,0.19103168422168842,-0.009482691553731132,0.08675646941226456,0.0,True,True,True,True,True,-1.0,1.0,7.401486830834377e-17
21002,0.6,C3,0.0005891043117492948,0.3737272597784658,0.06350353172725198,0.1785528303958884,-0.026272740221534197,0.041932553461330985,0.0,True,True,True,True,True,-1.0,1.0,0.0
21002,0.6,C4,0.0002858540314444962,0.38561521713138086,0.03318290130403867,0.16221703178183008,-0.014384782868619161,0.0700844897422287,0.0,True,True,True,True,True,-1.0,1.0,5.551115123125783e-17
21002,0.6,C5,8.149157119947389e-05,0.38752567693303475,0.030781898593812307,0.09662555500860692,-0.012474323066965276,0.1076198360607323,0.0,True,True,True,True,True,-1.0,1.0,0.0
21002,0.6,C6,0.00013102023089016073,0.1779989088991622,0.05333537531783161,0.13781734716692776,-0.02200109110083781,0.03432418468586501,0.0,True,True,True,True,True,-1.0,1.0,5.551115123125783e-17
21002,0.6,C7,0.0008304588737139986,0.39104246346105526,0.01804718701954733,0.15227110871221372,-0.008957536538944766,0.043159203584632044,0.0,True,True,True,True,True,-1.0,1.0,7.401486830834377e-17
21002,0.7,C1,7.300748204305745e-05,0.3847300998274134,0.05078195425936827,0.18065133409560608,-0.015269900172586615,0.06642299098167437,0.0,True,True,True,True,True,-1.0,1.0,7.401486830834377e-17
21002,0.7,C2,0.0003846403892368936,0.3665198892103536,0.020145015832068403,0.19103168422168842,-0.0075077256385063795,0.06638782835125667,0.0,True,True,True,True,True,-1.0,1.0,7.401486830834377e-17
21002,0.7,C3,0.0004525802334579902,0.38012401832183257,0.06350353172725198,0.1785528303958884,-0.019875981678167454,0.03291583929424505,0.0,True,True,True,True,True,-1.0,1.0,0.0
21002,0.7,C4,0.0002968126517391695,0.3892058110639623,0.03318290130403867,0.16221703178183008,-0.01079418893603773,0.07280912378497324,0.0,True,True,True,True,True,-1.0,1.0,5.551115123125783e-17
21002,0.7,C5,6.114907056393141e-05,0.3905927802359274,0.030781898593812307,0.09662555500860692,-0.009407219764072605,0.09695942909507116,0.0,True,True,True,True,True,-1.0,1.0,0.0
21002,0.7,C6,9.901381960366085e-05,0.18332662559264273,0.05333537531783161,0.13781734716692776,-0.016673374407357278,0.026130087202480334,0.0,True,True,True,True,True,-1.0,1.0,5.551115123125783e-17
21002,0.7,C7,0.0006436495067261973,0.3928086153900136,0.01804718701954733,0.15227110871221372,-0.007191384609986418,0.03440927285300405,0.0,True,True,True,True,True,-1.0,1.0,7.401486830834377e-17
21002,0.8,C1,4.883424299853735e-05,0.38982005142948933,0.05078195425936827,0.18065133409560608,-0.010179948570510688,0.04457646599271442,0.0,True,True,True,True,True,-1.0,1.0,7.401486830834377e-17
21002,0.8,C2,0.00025893802788298456,0.3773243118137445,0.020145015832068403,0.19103168422168842,-0.0055327597232815995,0.04601918729024884,0.0,True,True,True,True,True,-1.0,1.0,7.401486830834377e-17
21002,0.8,C3,0.0003160561551666854,0.3865207768651993,0.06350353172725198,0.1785528303958884,-0.01347922313480071,0.02389912512715911,0.0,True,True,True,True,True,-1.0,1.0,0.0
21002,0.8,C4,0.0002784555891183764,0.3927964049965438,0.03318290130403867,0.16221703178183008,-0.007203595003456242,0.0692939969685814,0.0,True,True,True,True,True,-1.0,1.0,5.551115123125783e-17
21002,0.8,C5,4.0806569928388936e-05,0.3936598835388201,0.030781898593812307,0.09662555500860692,-0.006340116461179934,0.06470826485055076,0.0,True,True,True,True,True,-1.0,1.0,0.0
21002,0.8,C6,6.700740831716096e-05,0.18865434228612327,0.05333537531783161,0.13781734716692776,-0.011345657713876744,0.017935989719095685,0.0,True,True,True,True,True,-1.0,1.0,5.551115123125783e-17
21002,0.8,C7,0.000456840139738396,0.39457476731897195,0.01804718701954733,0.15227110871221372,-0.005425232681028069,0.02565934212137605,0.0,True,True,True,True,True,-1.0,1.0,7.401486830834377e-17
21002,0.9,C1,2.4661003954017276e-05,0.3949100030315653,0.05078195425936827,0.18065133409560608,-0.005089996968434707,0.022729941003754417,0.0,True,True,True,True,True,-1.0,1.0,7.401486830834377e-17
21002,0.9,C2,0.00013323566652907563,0.38812873441713525,0.020145015832068403,0.19103168422168842,-0.0035577938080568194,0.02565054622924101,0.0,True,True,True,True,True,-1.0,1.0,7.401486830834377e-17
21002,0.9,C3,0.00017953207687538089,0.39291753540856605,0.06350353172725198,0.1785528303958884,-0.007082464591433968,0.0148824109600732,0.0,True,True,True,True,True,-1.0,1.0,0.0
21002,0.9,C4,0.00014258314159403592,0.3963869989291252,0.03318290130403867,0.16221703178183008,-0.0036130010708748106,0.03628537500630208,0.0,True,True,True,True,True,-1.0,1.0,5.551115123125783e-17
21002,0.9,C5,2.0464069292846484e-05,0.3967269868417128,0.030781898593812307,0.09662555500860692,-0.003273013158287208,0.032457100606030465,0.0,True,True,True,True,True,-1.0,1.0,0.0
21002,0.9,C6,3.5000997030661086e-05,0.1939820589796038,0.05333537531783161,0.13781734716692776,-0.006017941020396211,0.009741892235711036,0.0,True,True,True,True,True,-1.0,1.0,5.551115123125783e-17
21002,0.9,C7,0.00027003077275059473,0.39634091924793025,0.01804718701954733,0.15227110871221372,-0.0036590807520697766,0.016063999433354986,0.0,True,True,True,True,True,-1.0,1.0,7.401486830834377e-17
21002,1.0,C1,4.877649094972027e-07,0.39999995463364124,0.05078195425936827,0.18065133409560608,-4.5366358780718485e-08,0.0002694182140571266,0.0,True,True,True,True,True,-1.0,1.0,7.401486830834377e-17
21002,1.0,C2,7.53330517516671e-06,0.39998256342362115,0.020145015832068403,0.19103168422168842,-1.743657637887086e-05,0.003471784595891092,0.0,True,True,True,True,True,-1.0,1.0,7.401486830834377e-17
21002,1.0,C3,4.300799858407618e-05,0.39999533003983445,0.06350353172725198,0.1785528303958884,-4.669960165570863e-06,0.0027334842719376473,0.0,True,True,True,True,True,-1.0,1.0,0.0
21002,1.0,C4,6.71069406969543e-06,0.3999775928617067,0.03318290130403867,0.16221703178183008,-2.2407138293323303e-05,0.0032767530440228065,0.0,True,True,True,True,True,-1.0,1.0,5.551115123125783e-17
21002,1.0,C5,1.21568657304006e-07,0.3999999734938844,0.030781898593812307,0.09662555500860692,-2.650611563570493e-08,0.0002059363615101728,0.0,True,True,True,True,True,-1.0,1.0,0.0
21002,1.0,C6,2.994585744161215e-06,0.1999962860563165,0.05333537531783161,0.13781734716692776,-3.713943683508747e-06,0.0015477947523263869,0.0,True,True,True,True,True,-1.0,1.0,5.551115123125783e-17
21002,1.0,C7,8.322140576279367e-05,0.3987359711216907,0.01804718701954733,0.15227110871221372,-3.1144943526684177e-06,0.001578478850710413,0.0,True,True,True,True,True,-1.0,1.0,7.401486830834377e-17
21003,0.0,C1,0.00036261807887202506,0.35815979407546455,0.02315470550580545,0.15232447776148966,-0.023205140637926752,0.053030311757231115,0.0,True,True,True,True,True,-1.0,1.0,5.551115123125783e-17
21003,0.0,C2,0.00035053251280037494,0.39295354329846527,0.006829140313702409,0.18638175870980692,-0.0070464567015347535,0.05355048083107045,0.0,True,True,True,True,True,-1.0,1.0,5.551115123125783e-17
21003,0.0,C3,0.0012696994098622095,0.37871486373023727,0.015689703775578767,0.1096895875182218,-0.02128513626976275,0.09031041248177821,0.0,True,True,True,True,True,-1.0,1.0,0.0
21003,0.0,C4,0.00038422865264793274,0.3894744194655145,0.010284108231668032,0.13169369849954327,-0.010525580534485546,0.06830630150045676,0.0,True,True,True,True,True,-1.0,1.0,5.551115123125783e-17
21003,0.0,C5,2.4592840427433986e-05,0.3205025833315245,0.0451210195984344,0.19953844697024345,-0.04522897745351542,0.0748941623507903,0.0,True,True,True,True,True,-1.0,1.0,0.0
21003,0.0,C6,0.0005223642785497756,0.18898257472627455,0.01020293777586534,0.12311676064468227,-0.011017425273725456,0.07688323935531774,0.0,True,True,True,True,True,-1.0,1.0,5.551115123125783e-17
21003,0.0,C7,0.0006720181778831439,0.39219574513167843,0.00214451604632232,0.1456270560416379,-0.007804254868321592,0.05437294395836211,0.0,True,True,True,True,True,-1.0,1.0,5.551115123125783e-17
21003,0.1,C1,0.0004062521887918279,0.3623255642346541,0.02315470550580545,0.15232447776148966,-0.020891470893284775,0.05573412522600009,0.0,True,True,True,True,True,-1.0,1.0,5.551115123125783e-17
21003,0.1,C2,0.0005764556290198096,0.3936316604876165,0.006829140313702409,0.18638175870980692,-0.006368339512383525,0.04821754185218398,0.0,True,True,True,True,True,-1.0,1.0,5.551115123125783e-17
21003,0.1,C3,0.0014239150763757649,0.37997403662002244,0.015689703775578767,0.1096895875182218,-0.020025963379977585,0.1012793712336004,0.0,True,True,True,True,True,-1.0,1.0,0.0
21003,0.1,C4,0.00043593369037629406,0.39048733162088073,0.010284108231668032,0.13169369849954327,-0.009512668379119293,0.07752067201877787,0.0,True,True,True,True,True,-1.0,1.0,5.551115123125783e-17
21003,0.1,C5,3.198351577630228e-05,0.3284523055634177,0.0451210195984344,0.19953844697024345,-0.04072002063866345,0.07741868704621083,0.0,True,True,True,True,True,-1.0,1.0,0.0
21003,0.1,C6,0.0006052224701382443,0.19004976538538493,0.01020293777586534,0.12311676064468227,-0.009950234614615083,0.06936656981492055,0.0,True,True,True,True,True,-1.0,1.0,5.551115123125783e-17
21003,0.1,C7,0.0007055248026057101,0.3925193320031215,0.00214451604632232,0.1456270560416379,-0.007480667996878521,0.05723227569852373,0.0,True,True,True,True,True,-1.0,1.0,5.551115123125783e-17
21003,0.2,C1,0.000362152110494507,0.3664913343938437,0.02315470550580545,0.15232447776148966,-0.018577801148642825,0.05323568479189909,0.0,True,True,True,True,True,-1.0,1.0,5.551115123125783e-17
21003,0.2,C2,0.0008023787452392442,0.3943097776767678,0.006829140313702409,0.18638175870980692,-0.005690222323232241,0.042884602873297505,0.0,True,True,True,True,True,-1.0,1.0,5.551115123125783e-17
21003,0.2,C3,0.0015781307428893204,0.38123320950980755,0.015689703775578767,0.1096895875182218,-0.018766790490192475,0.11224832998542257,0.0,True,True,True,True,True,-1.0,1.0,0.0
21003,0.2,C4,0.0004876387281046554,0.3915002437762469,0.010284108231668032,0.13169369849954327,-0.008499756223753097,0.08673504253709899,0.0,True,True,True,True,True,-1.0,1.0,5.551115123125783e-17
21003,0.2,C5,3.9374191125170574e-05,0.3364020277953109,0.0451210195984344,0.19953844697024345,-0.03621106382381145,0.07994321174163137,0.0,True,True,True,True,True,-1.0,1.0,0.0
21003,0.2,C6,0.0005390013488186529,0.19111695604449527,0.01020293777586534,0.12311676064468227,-0.008883043955504738,0.06184990027452336,0.0,True,True,True,True,True,-1.0,1.0,5.551115123125783e-17
21003,0.2,C7,0.0007390314273282762,0.3928429188745645,0.00214451604632232,0.1456270560416379,-0.007157081125435505,0.06009160743868536,0.0,True,True,True,True,True,-1.0,1.0,5.551115123125783e-17
21003,0.3,C1,0.0003180520321971861,0.3706571045530333,0.02315470550580545,0.15232447776148966,-0.016264131404000848,0.04692312118244109,0.0,True,True,True,True,True,-1.0,1.0,5.551115123125783e-17
21003,0.3,C2,0.0009105570424604473,0.394987894865919,0.006829140313702409,0.18638175870980692,-0.005012105134081013,0.03755166389441102,0.0,True,True,True,True,True,-1.0,1.0,5.551115123125783e-17
21003,0.3,C3,0.0015085040763274527,0.3824923823995927,0.015689703775578767,0.1096895875182218,-0.01750761760040731,0.10813952333662133,0.0,True,True,True,True,True,-1.0,1.0,0.0
21003,0.3,C4,0.0005393437658330166,0.3925131559316132,0.010284108231668032,0.13169369849954327,-0.007486844068386844,0.09594941305542007,0.0,True,True,True,True,True,-1.0,1.0,5.551115123125783e-17
21003,0.3,C5,4.676486647403886e-05,0.3443517500272042,0.0451210195984344,0.19953844697024345,-0.03170210700895948,0.08246773643705188,0.0,True,True,True,True,True,-1.0,1.0,0.0
21003,0.3,C6,0.0004727802274990614,0.19218414670360565,0.01020293777586534,0.12311676064468227,-0.007815853296394365,0.05433323073412617,0.0,True,True,True,True,True,-1.0,1.0,5.551115123125783e-17
21003,0.3,C7,0.0007725380520508424,0.3931665057460076,0.00214451604632232,0.1456270560416379,-0.006833494253992434,0.06295093917884696,0.0,True,True,True,True,True,-1.0,1.0,5.551115123125783e-17
21003,0.4,C1,0.00027395195389986516,0.37482287471222286,0.02315470550580545,0.15232447776148966,-0.013950461659358898,0.040610557572983055,0.0,True,True,True,True,True,-1.0,1.0,5.551115123125783e-17
21003,0.4,C2,0.0008560215226898585,0.39566601205507024,0.006829140313702409,0.18638175870980692,-0.004333987944929785,0.032218724915524535,0.0,True,True,True,True,True,-1.0,1.0,5.551115123125783e-17
21003,0.4,C3,0.0012986510186996036,0.3837515552893778,0.015689703775578767,0.1096895875182218,-0.0162484447106222,0.09349440745281762,0.0,True,True,True,True,True,-1.0,1.0,0.0
21003,0.4,C4,0.0005910488035613781,0.39352606808697943,0.010284108231668032,0.13169369849954327,-0.006473931913020592,0.08893009536894275,0.0,True,True,True,True,True,-1.0,1.0,5.551115123125783e-17
21003,0.4,C5,5.415554182290716e-05,0.3523014722590974,0.0451210195984344,0.19953844697024345,-0.02719315019410748,0.08499226113247241,0.0,True,True,True,True,True,-1.0,1.0,0.0
21003,0.4,C6,0.0004065591061794699,0.193251337362716,0.01020293777586534,0.12311676064468227,-0.00674866263728402,0.046816561193728984,0.0,True,True,True,True,True,-1.0,1.0,5.551115123125783e-17
21003,0.4,C7,0.0008060446767734085,0.3935058091117604,0.00214451604632232,0.1456270560416379,-0.006494190888239604,0.0658102709190086,0.0,True,True,True,True,True,-1.0,1.0,5.551115123125783e-17
21003,0.5,C1,0.0002298518756025443,0.37898864487141243,0.02315470550580545,0.15232447776148966,-0.01163679191471692,0.034297993963525036,0.0,True,True,True,True,True,-1.0,1.0,5.551115123125783e-17
21003,0.5,C2,0.0008014860029192698,0.39634412924422147,0.006829140313702409,0.18638175870980692,-0.0036558707557785564,0.026885785936638054,0.0,True,True,True,True,True,-1.0,1.0,5.551115123125783e-17
21003,0.5,C3,0.0010887979610717546,0.385010728179163,0.015689703775578767,0.1096895875182218,-0.014989271820837036,0.07884929156901394,0.0,True,True,True,True,True,-1.0,1.0,0.0
21003,0.5,C4,0.0005293134581850727,0.3945389802423457,0.010284108231668032,0.13169369849954327,-0.0054610197576543396,0.07414972021590341,0.0,True,True,True,True,True,-1.0,1.0,5.551115123125783e-17
21003,0.5,C5,5.16947043966695e-05,0.36025119449099063,0.0451210195984344,0.19953844697024345,-0.022684193379255507,0.08751678582789295,0.0,True,True,True,True,True,-1.0,1.0,0.0
21003,0.5,C6,0.00034033798485987846,0.19431852802182636,0.01020293777586534,0.12311676064468227,-0.005681471978173647,0.03929989165333181,0.0,True,True,True,True,True,-1.0,1.0,5.551115123125783e-17
21003,0.5,C7,0.0007983800349595804,0.39420072980985393,0.00214451604632232,0.1456270560416379,-0.005799270190146089,0.06583281524511504,0.0,True,True,True,True,True,-1.0,1.0,5.551115123125783e-17
21003,0.6,C1,0.00018575179730522342,0.383154415030602,0.02315470550580545,0.15232447776148966,-0.009323122170074971,0.02798543035406703,0.0,True,True,True,True,True,-1.0,1.0,5.551115123125783e-17
21003,0.6,C2,0.0007469504831486809,0.39702224643337275,0.006829140313702409,0.18638175870980692,-0.0029777535666272725,0.021552846957751573,0.0,True,True,True,True,True,-1.0,1.0,5.551115123125783e-17
21003,0.6,C3,0.0008789449034439056,0.3862699010689481,0.015689703775578767,0.1096895875182218,-0.013730098931051926,0.06420417568521025,0.0,True,True,True,True,True,-1.0,1.0,0.0
21003,0.6,C4,0.00042471642914396885,0.3955518923977119,0.010284108231668032,0.13169369849954327,-0.004448107602288143,0.059369345062864065,0.0,True,True,True,True,True,-1.0,1.0,5.551115123125783e-17
21003,0.6,C5,4.13643895566879e-05,0.3682009167228839,0.0451210195984344,0.19953844697024345,-0.018175236564403507,0.09004131052331346,0.0,True,True,True,True,True,-1.0,1.0,0.0
21003,0.6,C6,0.000274116863540287,0.19538571868093674,0.01020293777586534,0.12311676064468227,-0.004614281319063274,0.031783222112934606,0.0,True,True,True,True,True,-1.0,1.0,5.551115123125783e-17
21003,0.6,C7,0.0006448142407841228,0.3948956505079475,0.00214451604632232,0.1456270560416379,-0.005104349492052518,0.05365500598275147,0.0,True,True,True,True,True,-1.0,1.0,5.551115123125783e-17
21003,0.7,C1,0.0001416517190079025,0.3873201851897916,0.02315470550580545,0.15232447776148966,-0.007009452425432994,0.021672866744609026,0.0,True,True,True,True,True,-1.0,1.0,5.551115123125783e-17
21003,0.7,C2,0.0005720307668912665,0.397700363622524,0.006829140313702409,0.18638175870980692,-0.002299636377476044,0.016219907978865078,0.0,True,True,True,True,True,-1.0,1.0,5.551115123125783e-17
21003,0.7,C3,0.0006690918458160566,0.38752907395873326,0.015689703775578767,0.1096895875182218,-0.0124178157689043,0.04955905980140657,0.0,True,True,True,True,True,-1.0,1.0,0.0
21003,0.7,C4,0.0003201194001028651,0.39656480455307813,0.010284108231668032,0.13169369849954327,-0.0034351954469218904,0.04458896990982475,0.0,True,True,True,True,True,-1.0,1.0,5.551115123125783e-17
21003,0.7,C5,3.103407471670631e-05,0.37615063895477713,0.0451210195984344,0.19953844697024345,-0.013666279749551535,0.09256583521873397,0.0,True,True,True,True,True,-1.0,1.0,0.0
21003,0.7,C6,0.00020789574222069554,0.19645290934004708,0.01020293777586534,0.12311676064468227,-0.0035470906599529284,0.02426655257253743,0.0,True,True,True,True,True,-1.0,1.0,5.551115123125783e-17
21003,0.7,C7,0.0004912484466086653,0.395590571206041,0.00214451604632232,0.1456270560416379,-0.004409428793959003,0.04147719672038788,0.0,True,True,True,True,True,-1.0,1.0,5.551115123125783e-17
21003,0.8,C1,9.755164071058157e-05,0.3914859553489812,0.02315470550580545,0.15232447776148966,-0.004695782680791044,0.015360303135150966,0.0,True,True,True,True,True,-1.0,1.0,5.551115123125783e-17
21003,0.8,C2,0.00038706690215032876,0.3983784808116752,0.006829140313702409,0.18638175870980692,-0.001621519188324816,0.010886968999978625,0.0,True,True,True,True,True,-1.0,1.0,5.551115123125783e-17
21003,0.8,C3,0.00045923878818820724,0.3887882468485184,0.015689703775578767,0.1096895875182218,-0.008292676119059983,0.034913943917602885,0.0,True,True,True,True,True,-1.0,1.0,0.0
21003,0.8,C4,0.00021552237106176118,0.3975777167084444,0.010284108231668032,0.13169369849954327,-0.002422283291555638,0.029808594756785406,0.0,True,True,True,True,True,-1.0,1.0,5.551115123125783e-17
21003,0.8,C5,2.070375987672469e-05,0.38410036118667035,0.0451210195984344,0.19953844697024345,-0.009157322934699536,0.06315557237192371,0.0,True,True,True,True,True,-1.0,1.0,0.0
21003,0.8,C6,0.00014167462090110402,0.19752009999915746,0.01020293777586534,0.12311676064468227,-0.0024799000008425554,0.016749883032140228,0.0,True,True,True,True,True,-1.0,1.0,5.551115123125783e-17
21003,0.8,C7,0.0003376826524332077,0.3962854919041346,0.00214451604632232,0.1456270560416379,-0.003714508095865432,0.029299387458024323,0.0,True,True,True,True,True,-1.0,1.0,5.551115123125783e-17
21003,0.9,C1,5.3451562413260644e-05,0.39565172550817074,0.02315470550580545,0.15232447776148966,-0.0023821129361490667,0.00904773952569296,0.0,True,True,True,True,True,-1.0,1.0,5.551115123125783e-17
21003,0.9,C2,0.00020210303740939104,0.39905659800082643,0.006829140313702409,0.18638175870980692,-0.0009434019991735876,0.005554030021092143,0.0,True,True,True,True,True,-1.0,1.0,5.551115123125783e-17
21003,0.9,C3,0.0002493857305603583,0.39004741973830354,0.015689703775578767,0.1096895875182218,-0.004167536469215666,0.020268828033799202,0.0,True,True,True,True,True,-1.0,1.0,0.0
21003,0.9,C4,0.00011092534202065745,0.39859062886381064,0.010284108231668032,0.13169369849954327,-0.0014093711361893857,0.015028219603746062,0.0,True,True,True,True,True,-1.0,1.0,5.551115123125783e-17
21003,0.9,C5,1.0373445036743098e-05,0.39205008341856357,0.0451210195984344,0.19953844697024345,-0.004648366119847563,0.03170913335458225,0.0,True,True,True,True,True,-1.0,1.0,0.0
21003,0.9,C6,7.545349958151251e-05,0.1985872906582678,0.01020293777586534,0.12311676064468227,-0.00141270934173221,0.009233213491743025,0.0,True,True,True,True,True,-1.0,1.0,5.551115123125783e-17
21003,0.9,C7,0.00018411685825775004,0.3969804126022281,0.00214451604632232,0.1456270560416379,-0.002971708845681015,0.017121578195660736,0.0,True,True,True,True,True,-1.0,1.0,5.551115123125783e-17
21003,1.0,C1,9.351484115939772e-06,0.39990873156661133,0.02315470550580545,0.15232447776148966,-1.6267068858599742e-08,0.00011407740820143508,0.0,True,True,True,True,True,-1.0,1.0,5.551115123125783e-17
21003,1.0,C2,1.713917266845332e-05,0.39991149026124434,0.006829140313702409,0.18638175870980692,-6.110156117178356e-08,0.00022109104220566222,0.0,True,True,True,True,True,-1.0,1.0,5.551115123125783e-17
21003,1.0,C3,3.9532672932509304e-05,0.3970456684502011,0.015689703775578767,0.1096895875182218,-4.239681937134865e-05,0.005623712149995519,0.0,True,True,True,True,True,-1.0,1.0,0.0
21003,1.0,C4,6.328312979553621e-06,0.39990077007940966,0.010284108231668032,0.13169369849954327,-7.678358968088439e-08,0.00024784445070674677,0.0,True,True,True,True,True,-1.0,1.0,5.551115123125783e-17
21003,1.0,C5,4.3130196761493114e-08,0.3999998056504568,0.0451210195984344,0.19953844697024345,-1.9434954323660492e-07,0.0002626943372407986,0.0,True,True,True,True,True,-1.0,1.0,0.0
21003,1.0,C6,9.232378261921103e-06,0.19999631684607888,0.01020293777586534,0.12311676064468227,-3.6831539211301667e-06,0.0017165439513458502,0.0,True,True,True,True,True,-1.0,1.0,5.551115123125783e-17
21003,1.0,C7,3.055106408229261e-05,0.3976753333003217,0.00214451604632232,0.1456270560416379,-4.0473622732767334e-05,0.004943768933297149,0.0,True,True,True,True,True,-1.0,1.0,5.551115123125783e-17
21004,0.0,C1,3.587143070389461e-05,0.24506110569554804,0.024978201895646812,0.17014522692883038,-0.024999473645563042,0.08469473261301956,0.0,True,True,True,True,True,-1.0,1.0,3.700743415417188e-17
21004,0.0,C2,0.000621115835019,0.302457848904607,0.06150569012398069,0.14851673702347779,-0.06242837671959664,0.12689132012658955,0.0,True,True,True,True,True,-1.0,1.0,3.700743415417188e-17
21004,0.0,C3,6.472927815984693e-05,0.3299228310465195,0.011656658707912715,0.1419937820438325,-0.012744294452032956,0.05867441794691547,0.0,True,True,True,True,True,-1.0,1.0,0.0
21004,0.0,C4,0.0005496973117292126,0.34880825232684004,0.0031585420970913214,0.1982915117462705,-0.004526693748817451,0.09142276331912047,0.0,True,True,True,True,True,-1.0,1.0,5.551115123125783e-17
21004,0.0,C5,4.782272074706973e-05,0.38361859156627653,0.016367318646706153,0.14215612440364192,-0.016381408433723488,0.05784387559635809,0.0,True,True,True,True,True,-1.0,1.0,0.0
21004,0.0,C6,4.8570193444490065e-05,0.17264980367331415,0.02469924359077369,0.13423518995683295,-0.027350196326685866,0.06576481004316706,0.0,True,True,True,True,True,-1.0,1.0,5.551115123125783e-17
21004,0.0,C7,9.713259949466632e-05,0.35804720574295734,0.003683233339075831,0.1293998026079312,-0.004978151558009042,0.07060019739206881,0.0,True,True,True,True,True,-1.0,1.0,3.700743415417188e-17
21004,0.1,C1,4.244848012446597e-05,0.2605491614337076,0.024978201895646812,0.17014522692883038,-0.022499526576435086,0.09222623165346043,0.0,True,True,True,True,True,-1.0,1.0,3.700743415417188e-17
21004,0.1,C2,0.000610599003249336,0.3117867439438763,0.06150569012398069,0.14851673702347779,-0.05645114216229516,0.11446867894563102,0.0,True,True,True,True,True,-1.0,1.0,3.700743415417188e-17
21004,0.1,C3,8.032023454580166e-05,0.33658472988583116,0.011656658707912715,0.1419937820438325,-0.011527945986031018,0.07280697615222392,0.0,True,True,True,True,True,-1.0,1.0,0.0
21004,0.1,C4,0.0007345123826485535,0.3534837528718806,0.0031585420970913214,0.1982915117462705,-0.004240643756340562,0.08255850802328528,0.0,True,True,True,True,True,-1.0,1.0,5.551115123125783e-17
21004,0.1,C5,7.609698329383185e-05,0.3852545287994964,0.016367318646706153,0.14215612440364192,-0.014745471200503624,0.052060957128142515,0.0,True,True,True,True,True,-1.0,1.0,0.0
21004,0.1,C6,4.372408303925886e-05,0.17514195157636564,0.02469924359077369,0.13423518995683295,-0.02485804842363437,0.05921787079129372,0.0,True,True,True,True,True,-1.0,1.0,5.551115123125783e-17
21004,0.1,C7,8.745719671894803e-05,0.3618213811811945,0.003683233339075831,0.1293998026079312,-0.004638467937897711,0.06359521013327003,0.0,True,True,True,True,True,-1.0,1.0,3.700743415417188e-17
21004,0.2,C1,4.022228957298427e-05,0.2760372171718672,0.024978201895646812,0.17014522692883038,-0.019999579507307103,0.09498432903430995,0.0,True,True,True,True,True,-1.0,1.0,3.700743415417188e-17
21004,0.2,C2,0.0005432871073275747,0.3211156389831456,0.06150569012398069,0.14851673702347779,-0.05047390760499368,0.10204603776467253,0.0,True,True,True,True,True,-1.0,1.0,3.700743415417188e-17
21004,0.2,C3,9.591119093175638e-05,0.3432466287251429,0.011656658707912715,0.1419937820438325,-0.010311597520029081,0.08693953435753238,0.0,True,True,True,True,True,-1.0,1.0,0.0
21004,0.2,C4,0.0009193274535678943,0.3581592534169211,0.0031585420970913214,0.1982915117462705,-0.003954593763863673,0.07369425272745009,0.0,True,True,True,True,True,-1.0,1.0,5.551115123125783e-17
21004,0.2,C5,0.00010039240182520509,0.3868904660327163,0.016367318646706153,0.14215612440364192,-0.013109533967283704,0.04627803865992691,0.0,True,True,True,True,True,-1.0,1.0,0.0
21004,0.2,C6,3.887797263402767e-05,0.1776340994794171,0.02469924359077369,0.13423518995683295,-0.022365900520582904,0.05267093153942035,0.0,True,True,True,True,True,-1.0,1.0,5.551115123125783e-17
21004,0.2,C7,7.778179394322974e-05,0.36559555661943166,0.003683233339075831,0.1293998026079312,-0.0042987843177863805,0.056590222874471234,0.0,True,True,True,True,True,-1.0,1.0,3.700743415417188e-17
21004,0.3,C1,3.519898798555769e-05,0.2915252729100267,0.024978201895646812,0.17014522692883038,-0.017499632438179147,0.08313246480091377,0.0,True,True,True,True,True,-1.0,1.0,3.700743415417188e-17
21004,0.3,C2,0.00047597521140581344,0.3304445340224149,0.06150569012398069,0.14851673702347779,-0.0444966730476922,0.08962339658371399,0.0,True,True,True,True,True,-1.0,1.0,3.700743415417188e-17
21004,0.3,C3,0.0001115021473177111,0.34990852756445456,0.011656658707912715,0.1419937820438325,-0.009095249054027116,0.10033596855696142,0.0,True,True,True,True,True,-1.0,1.0,0.0
21004,0.3,C4,0.0008533066202529044,0.3628347539619617,0.0031585420970913214,0.1982915117462705,-0.003668543771386784,0.06482999743161488,0.0,True,True,True,True,True,-1.0,1.0,5.551115123125783e-17
21004,0.3,C5,8.786043969807801e-05,0.3885264032659362,0.016367318646706153,0.14215612440364192,-0.01147359673406384,0.040495120191711316,0.0,True,True,True,True,True,-1.0,1.0,0.0
21004,0.3,C6,3.403186222879647e-05,0.1801262473824686,0.02469924359077369,0.13423518995683295,-0.01987375261753141,0.046123992287547,0.0,True,True,True,True,True,-1.0,1.0,5.551115123125783e-17
21004,0.3,C7,6.810639116751146e-05,0.3693697320576689,0.003683233339075831,0.1293998026079312,-0.00395910069767505,0.04958523561567245,0.0,True,True,True,True,True,-1.0,1.0,3.700743415417188e-17
21004,0.4,C1,3.0175686398131098e-05,0.3070133286481863,0.024978201895646812,0.17014522692883038,-0.014999685369051163,0.07128060056751762,0.0,True,True,True,True,True,-1.0,1.0,3.700743415417188e-17
21004,0.4,C2,0.0004086633154840521,0.33977342906168423,0.06150569012398069,0.14851673702347779,-0.03851943849039069,0.07720075540275546,0.0,True,True,True,True,True,-1.0,1.0,3.700743415417188e-17
21004,0.4,C3,0.00012709310370366582,0.3565704264037663,0.011656658707912715,0.1419937820438325,-0.007878900588025178,0.08633224448770915,0.0,True,True,True,True,True,-1.0,1.0,0.0
21004,0.4,C4,0.0007334715326125202,0.36751025450700225,0.0031585420970913214,0.1982915117462705,-0.0033824937789098952,0.055965742135779706,0.0,True,True,True,True,True,-1.0,1.0,5.551115123125783e-17
21004,0.4,C5,7.53284775709509e-05,0.3901623404991561,0.016367318646706153,0.14215612440364192,-0.00983765950084392,0.034712201723495734,0.0,True,True,True,True,True,-1.0,1.0,0.0
21004,0.4,C6,2.918575182356527e-05,0.1826183952855201,0.02469924359077369,0.13423518995683295,-0.017381604714479915,0.039577053035673646,0.0,True,True,True,True,True,-1.0,1.0,5.551115123125783e-17
21004,0.4,C7,5.843098839179317e-05,0.37314390749590604,0.003683233339075831,0.1293998026079312,-0.003619417077563719,0.04258024835687367,0.0,True,True,True,True,True,-1.0,1.0,3.700743415417188e-17
21004,0.5,C1,2.515238481070451e-05,0.3225013843863459,0.024978201895646812,0.17014522692883038,-0.012499738299923208,0.05942873633412141,0.0,True,True,True,True,True,-1.0,1.0,3.700743415417188e-17
21004,0.5,C2,0.0003413514195622908,0.34910232410095354,0.06150569012398069,0.14851673702347779,-0.03254220393308921,0.06477811422179695,0.0,True,True,True,True,True,-1.0,1.0,3.700743415417188e-17
21004,0.5,C3,0.0001425588904021688,0.36323232524307797,0.011656658707912715,0.1419937820438325,-0.006662552122023241,0.07232852041845683,0.0,True,True,True,True,True,-1.0,1.0,0.0
21004,0.5,C4,0.0006136364449721362,0.37218575505204277,0.0031585420970913214,0.1982915117462705,-0.003096443786433034,0.0471014868399445,0.0,True,True,True,True,True,-1.0,1.0,5.551115123125783e-17
21004,0.5,C5,6.279651544382383e-05,0.39179827773237597,0.016367318646706153,0.14215612440364192,-0.008201722267624056,0.028929283255280158,0.0,True,True,True,True,True,-1.0,1.0,0.0
21004,0.5,C6,2.4339641418334074e-05,0.18511054318857156,0.02469924359077369,0.13423518995683295,-0.014889456811428448,0.03303011378380033,0.0,True,True,True,True,True,-1.0,1.0,5.551115123125783e-17
21004,0.5,C7,4.875558561607488e-05,0.3769180829341432,0.003683233339075831,0.1293998026079312,-0.0032797334574523884,0.03557526109807488,0.0,True,True,True,True,True,-1.0,1.0,3.700743415417188e-17
21004,0.6,C1,2.0129083223277922e-05,0.33798944012450544,0.024978201895646812,0.17014522692883038,-0.009999791230795252,0.047576872100725254,0.0,True,True,True,True,True,-1.0,1.0,3.700743415417188e-17
21004,0.6,C2,0.00027403952364052955,0.35843121914022286,0.06150569012398069,0.14851673702347779,-0.026564969375787728,0.05235547304083844,0.0,True,True,True,True,True,-1.0,1.0,3.700743415417188e-17
21004,0.6,C3,0.00011414447531895037,0.3698942240823897,0.011656658707912715,0.1419937820438325,-0.005446203656021303,0.058324796349204525,0.0,True,True,True,True,True,-1.0,1.0,0.0
21004,0.6,C4,0.0004938013573317521,0.37686125559708333,0.0031585420970913214,0.1982915117462705,-0.002810393793956145,0.038237231544109296,0.0,True,True,True,True,True,-1.0,1.0,5.551115123125783e-17
21004,0.6,C5,5.026455331669673e-05,0.39343421496559583,0.016367318646706153,0.14215612440364192,-0.006565785034404192,0.02314636478706457,0.0,True,True,True,True,True,-1.0,1.0,0.0
21004,0.6,C6,1.949353101310288e-05,0.18760269109162306,0.02469924359077369,0.13423518995683295,-0.012397308908376953,0.026483174531926973,0.0,True,True,True,True,True,-1.0,1.0,5.551115123125783e-17
21004,0.6,C7,3.9080182840356596e-05,0.38069225837238035,0.003683233339075831,0.1293998026079312,-0.0029400498373410577,0.0285702738392761,0.0,True,True,True,True,True,-1.0,1.0,3.700743415417188e-17
21004,0.7,C1,1.5105781635851338e-05,0.35347749586266497,0.024978201895646812,0.17014522692883038,-0.007499844161667268,0.03572500786732907,0.0,True,True,True,True,True,-1.0,1.0,3.700743415417188e-17
21004,0.7,C2,0.00020672762771876827,0.36776011417949217,0.06150569012398069,0.14851673702347779,-0.020587734818486247,0.03993283185987992,0.0,True,True,True,True,True,-1.0,1.0,3.700743415417188e-17
21004,0.7,C3,8.573006023573194e-05,0.3765561229217014,0.011656658707912715,0.1419937820438325,-0.004229855190019366,0.04432107227995222,0.0,True,True,True,True,True,-1.0,1.0,0.0
21004,0.7,C4,0.00037396626969136797,0.3815367561421239,0.0031585420970913214,0.1982915117462705,-0.0025243438014792563,0.02937297624827412,0.0,True,True,True,True,True,-1.0,1.0,5.551115123125783e-17
21004,0.7,C5,3.7732591189569654e-05,0.39507015219881575,0.016367318646706153,0.14215612440364192,-0.004929847801184273,0.01736344631884898,0.0,True,True,True,True,True,-1.0,1.0,0.0
21004,0.7,C6,1.4647420607871683e-05,0.19009483899467455,0.02469924359077369,0.13423518995683295,-0.009905161005325458,0.019936235280053616,0.0,True,True,True,True,True,-1.0,1.0,5.551115123125783e-17
21004,0.7,C7,2.940478006463831e-05,0.3844664338106175,0.003683233339075831,0.1293998026079312,-0.0026003662172296993,0.021565286580477322,0.0,True,True,True,True,True,-1.0,1.0,3.700743415417188e-17
21004,0.8,C1,1.0082480048424747e-05,0.36896555160082456,0.024978201895646812,0.17014522692883038,-0.004999897092539313,0.023873143633932892,0.0,True,True,True,True,True,-1.0,1.0,3.700743415417188e-17
21004,0.8,C2,0.00013941573179700694,0.3770890092187615,0.06150569012398069,0.14851673702347779,-0.014610500261184767,0.02751019067892138,0.0,True,True,True,True,True,-1.0,1.0,3.700743415417188e-17
21004,0.8,C3,5.7315645152513446e-05,0.3832180217610131,0.011656658707912715,0.1419937820438325,-0.0030135067240174007,0.030317348210699924,0.0,True,True,True,True,True,-1.0,1.0,0.0
21004,0.8,C4,0.00025413118205098377,0.3862122566871644,0.0031585420970913214,0.1982915117462705,-0.0022382938090023674,0.020508720952438914,0.0,True,True,True,True,True,-1.0,1.0,5.551115123125783e-17
21004,0.8,C5,2.5200629062442547e-05,0.3967060894320356,0.016367318646706153,0.14215612440364192,-0.0032939105679644087,0.011580527850633404,0.0,True,True,True,True,True,-1.0,1.0,0.0
21004,0.8,C6,9.801310202640474e-06,0.19258698689772602,0.02469924359077369,0.13423518995683295,-0.007413013102273991,0.013389296028180259,0.0,True,True,True,True,True,-1.0,1.0,5.551115123125783e-17
21004,0.8,C7,1.9729377288920023e-05,0.38824060924885473,0.003683233339075831,0.1293998026079312,-0.0022606825971183686,0.014560299321678516,0.0,True,True,True,True,True,-1.0,1.0,3.700743415417188e-17
21004,0.9,C1,5.059178460998156e-06,0.38445360733898415,0.024978201895646812,0.17014522692883038,-0.002499950023411357,0.01202127940053671,0.0,True,True,True,True,True,-1.0,1.0,3.700743415417188e-17
21004,0.9,C2,7.210383587524566e-05,0.3864179042580308,0.06150569012398069,0.14851673702347779,-0.007403395874311602,0.015087549497962871,0.0,True,True,True,True,True,-1.0,1.0,3.700743415417188e-17
21004,0.9,C3,2.890123006929501e-05,0.3898799206003248,0.011656658707912715,0.1419937820438325,-0.0017971582580154633,0.016313624141447602,0.0,True,True,True,True,True,-1.0,1.0,0.0
21004,0.9,C4,0.00013429609441059968,0.390887757232205,0.0031585420970913214,0.1982915117462705,-0.0019522438165254785,0.011644465656603709,0.0,True,True,True,True,True,-1.0,1.0,5.551115123125783e-17
21004,0.9,C5,1.2668666935315468e-05,0.3983420266652555,0.016367318646706153,0.14215612440364192,-0.0016579733347445447,0.005797609382417801,0.0,True,True,True,True,True,-1.0,1.0,0.0
21004,0.9,C6,4.955199797409278e-06,0.19507913480077752,0.02469924359077369,0.13423518995683295,-0.004920865199222496,0.0068423567763069015,0.0,True,True,True,True,True,-1.0,1.0,5.551115123125783e-17
21004,0.9,C7,1.0053974513201736e-05,0.3920147846870919,0.003683233339075831,0.1293998026079312,-0.001920998977007038,0.007555312062879738,0.0,True,True,True,True,True,-1.0,1.0,3.700743415417188e-17
21004,1.0,C1,3.587687357157213e-08,0.3999805504200034,0.024978201895646812,0.17014522692883038,-2.954283373490796e-09,4.8615087141407054e-05,0.0,True,True,True,True,True,-1.0,1.0,3.700743415417188e-17
21004,1.0,C2,4.791939953484379e-06,0.3989233840686912,0.06150569012398069,0.14851673702347779,-8.87717042252767e-06,0.0019579458528742877,0.0,True,True,True,True,True,-1.0,1.0,3.700743415417188e-17
21004,1.0,C3,4.868149860765719e-07,0.3965418194396365,0.011656658707912715,0.1419937820438325,-6.6695479294109905e-06,0.0008825553680775755,0.0,True,True,True,True,True,-1.0,1.0,0.0
21004,1.0,C4,1.4461006770215582e-05,0.39777196692656014,0.0031585420970913214,0.1982915117462705,-9.661962062645912e-06,0.0027802103607685313,0.0,True,True,True,True,True,-1.0,1.0,5.551115123125783e-17
21004,1.0,C5,1.367048081883746e-07,0.39999265427312025,0.016367318646706153,0.14215612440364192,-2.6977869937994114e-10,1.4690914202197813e-05,0.0,True,True,True,True,True,-1.0,1.0,0.0
21004,1.0,C6,1.0908939217808275e-07,0.1999542631358288,0.02469924359077369,0.13423518995683295,-4.573686417119749e-05,0.00029541752443357217,0.0,True,True,True,True,True,-1.0,1.0,5.551115123125783e-17
21004,1.0,C7,3.785717374834495e-07,0.3989341876079676,0.003683233339075831,0.1293998026079312,-8.701615576450772e-06,0.0005503248040809594,0.0,True,True,True,True,True,-1.0,1.0,3.700743415417188e-17
21005,0.0,C1,5.571306363787342e-05,0.3129891090293029,0.07810762709750325,0.1823627466473029,-0.07816123240811317,0.07080822748104473,0.0,True,True,True,True,True,-1.0,1.0,3.700743415417188e-17
21005,0.0,C2,0.0013513090899853154,0.35999666818872295,0.03973701184657663,0.10426450805152515,-0.040003331811277076,0.10287782317358737,0.0,True,True,True,True,True,-1.0,1.0,7.401486830834377e-17
21005,0.0,C3,0.00029553519205615595,0.35733292039493403,0.04246603253219133,0.14077319995244753,-0.042667079605065994,0.059226800047552486,0.0,True,True,True,True,True,-1.0,1.0,0.0
21005,0.0,C4,0.0008589772158948364,0.2848428542508925,0.05634807430062688,0.18630876434582616,-0.05645083593758665,0.06712797521080863,0.0,True,True,True,True,True,-1.0,1.0,7.401486830834377e-17
21005,0.0,C5,0.00011387658982433748,0.38325535770363606,0.016586613585559018,0.08482605019792704,-0.016744642296363965,0.11517394980207298,0.0,True,True,True,True,True,-1.0,1.0,0.0
21005,0.0,C6,0.00010709858327978451,0.1669323331301127,0.03289616681967139,0.12141278654525693,-0.033067666869887324,0.07858721345474308,0.0,True,True,True,True,True,-1.0,1.0,5.551115123125783e-17
21005,0.0,C7,0.00041887128527376866,0.32895631622340693,0.07088585981077455,0.10637621793063617,-0.07104368377659309,0.10185488002072693,0.0,True,True,True,True,True,-1.0,1.0,5.551115123125783e-17
21005,0.1,C1,7.531244814566515e-05,0.32165502380189226,0.07810762709750325,0.1823627466473029,-0.07035566301186769,0.07173795935111696,0.0,True,True,True,True,True,-1.0,1.0,3.700743415417188e-17
21005,0.1,C2,0.001427029684419614,0.3639497032755938,0.03973701184657663,0.10426450805152515,-0.03605029672440624,0.10869512154695868,0.0,True,True,True,True,True,-1.0,1.0,7.401486830834377e-17
21005,0.1,C3,0.00046507927584964014,0.3615883757113192,0.04246603253219133,0.14077319995244753,-0.038411624288680835,0.05332661268306843,0.0,True,True,True,True,True,-1.0,1.0,0.0
21005,0.1,C4,0.0007763543049182481,0.29635854835668596,0.05634807430062688,0.18630876434582616,-0.05081148129747831,0.06092702224526356,0.0,True,True,True,True,True,-1.0,1.0,7.401486830834377e-17
21005,0.1,C5,0.0001025084828055136,0.384921575280967,0.016586613585559018,0.08482605019792704,-0.015078424719033034,0.1036961042477628,0.0,True,True,True,True,True,-1.0,1.0,0.0
21005,0.1,C6,0.00012908847431734066,0.17023087671103218,0.03289616681967139,0.12141278654525693,-0.02976912328896783,0.07202661685682545,0.0,True,True,True,True,True,-1.0,1.0,5.551115123125783e-17
21005,0.1,C7,0.000396049329828422,0.3360606754026552,0.07088585981077455,0.10637621793063617,-0.0639393245973448,0.09638762547437146,0.0,True,True,True,True,True,-1.0,1.0,5.551115123125783e-17
21005,0.2,C1,8.146644899948676e-05,0.33032093857448164,0.07810762709750325,0.1823627466473029,-0.0625500936156222,0.0726676912211892,0.0,True,True,True,True,True,-1.0,1.0,3.700743415417188e-17
21005,0.2,C2,0.0015027502788539128,0.36790273836246457,0.03973701184657663,0.10426450805152515,-0.03209726163753546,0.09994129015465913,0.0,True,True,True,True,True,-1.0,1.0,7.401486830834377e-17
21005,0.2,C3,0.0006346233596431243,0.36584383102770435,0.04246603253219133,0.14077319995244753,-0.034156168972295675,0.04742642531858437,0.0,True,True,True,True,True,-1.0,1.0,0.0
21005,0.2,C4,0.0006937313939416597,0.3078742424624794,0.05634807430062688,0.18630876434582616,-0.04517212665737,0.054726069279718466,0.0,True,True,True,True,True,-1.0,1.0,7.401486830834377e-17
21005,0.2,C5,9.114037578668973e-05,0.3865877928582979,0.016586613585559018,0.08482605019792704,-0.013412207141702104,0.09221825869345258,0.0,True,True,True,True,True,-1.0,1.0,0.0
21005,0.2,C6,0.00013911724761768419,0.17352942029195167,0.03289616681967139,0.12141278654525693,-0.026470579708048336,0.064069273130315,0.0,True,True,True,True,True,-1.0,1.0,5.551115123125783e-17
21005,0.2,C7,0.0003524196731442253,0.3431650345819035,0.07088585981077455,0.10637621793063617,-0.05683496541809652,0.08586066407366573,0.0,True,True,True,True,True,-1.0,1.0,5.551115123125783e-17
21005,0.3,C1,7.916059151822311e-05,0.338986853347071,0.07810762709750325,0.1823627466473029,-0.05474452421937673,0.07359742309126141,0.0,True,True,True,True,True,-1.0,1.0,3.700743415417188e-17
21005,0.3,C2,0.0015784708732882115,0.3718557734493354,0.03973701184657663,0.10426450805152515,-0.02814422655066462,0.08748559076782064,0.0,True,True,True,True,True,-1.0,1.0,7.401486830834377e-17
21005,0.3,C3,0.0006663608295715144,0.37009928634408956,0.04246603253219133,0.14077319995244753,-0.02990071365591046,0.04152623795410032,0.0,True,True,True,True,True,-1.0,1.0,0.0
21005,0.3,C4,0.0006111084829650714,0.3193899365682729,0.05634807430062688,0.18630876434582616,-0.03953277201726166,0.04852511631417338,0.0,True,True,True,True,True,-1.0,1.0,7.401486830834377e-17
21005,0.3,C5,7.977226876786585e-05,0.38825401043562885,0.016586613585559018,0.08482605019792704,-0.011745989564371173,0.08074041313914236,0.0,True,True,True,True,True,-1.0,1.0,0.0
21005,0.3,C6,0.0001217740221997247,0.17682796387287117,0.03289616681967139,0.12141278654525693,-0.023172036127128842,0.05611192940380455,0.0,True,True,True,True,True,-1.0,1.0,5.551115123125783e-17
21005,0.3,C7,0.00030879001646002863,0.3502693937611518,0.07088585981077455,0.10637621793063617,-0.04973060623884823,0.07533370267295998,0.0,True,True,True,True,True,-1.0,1.0,5.551115123125783e-17
21005,0.4,C1,7.685473403695945e-05,0.3476527681196604,0.07810762709750325,0.1823627466473029,-0.046938954823131235,0.07452715496133364,0.0,True,True,True,True,True,-1.0,1.0,3.700743415417188e-17
21005,0.4,C2,0.0016541914677225102,0.3758088085362062,0.03973701184657663,0.10426450805152515,-0.024191191463793837,0.07502989138098211,0.0,True,True,True,True,True,-1.0,1.0,7.401486830834377e-17
21005,0.4,C3,0.0006428062620886971,0.3743547416604747,0.04246603253219133,0.14077319995244753,-0.0256452583395253,0.03562605058961625,0.0,True,True,True,True,True,-1.0,1.0,0.0
21005,0.4,C4,0.000528485571988483,0.33090563067406636,0.05634807430062688,0.18630876434582616,-0.03389341737715332,0.042324163348628305,0.0,True,True,True,True,True,-1.0,1.0,7.401486830834377e-17
21005,0.4,C5,6.8404161749042e-05,0.3899202280129598,0.016586613585559018,0.08482605019792704,-0.010079771987040242,0.06926256758483221,0.0,True,True,True,True,True,-1.0,1.0,0.0
21005,0.4,C6,0.0001044307967817652,0.18012650745379066,0.03289616681967139,0.12141278654525693,-0.019873492546209348,0.04815458567729408,0.0,True,True,True,True,True,-1.0,1.0,5.551115123125783e-17
21005,0.4,C7,0.00026516035977583186,0.3573737529404001,0.07088585981077455,0.10637621793063617,-0.04262624705959994,0.06480674127225425,0.0,True,True,True,True,True,-1.0,1.0,5.551115123125783e-17
21005,0.5,C1,7.454887655569579e-05,0.35631868289224977,0.07810762709750325,0.1823627466473029,-0.03913338542688574,0.07545688683140585,0.0,True,True,True,True,True,-1.0,1.0,3.700743415417188e-17
21005,0.5,C2,0.001729912062156809,0.379761843623077,0.03973701184657663,0.10426450805152515,-0.020238156376923,0.0625741919941436,0.0,True,True,True,True,True,-1.0,1.0,7.401486830834377e-17
21005,0.5,C3,0.0006192516946058798,0.3786101969768599,0.04246603253219133,0.14077319995244753,-0.02138980302314014,0.02972586322513221,0.0,True,True,True,True,True,-1.0,1.0,0.0
21005,0.5,C4,0.00044586266101189474,0.3424213247798598,0.05634807430062688,0.18630876434582616,-0.028254062737045005,0.03612321038308325,0.0,True,True,True,True,True,-1.0,1.0,7.401486830834377e-17
21005,0.5,C5,5.703605473021812e-05,0.3915864455902907,0.016586613585559018,0.08482605019792704,-0.008413554409709312,0.057784722030521984,0.0,True,True,True,True,True,-1.0,1.0,0.0
21005,0.5,C6,8.70875713638057e-05,0.18342505103471016,0.03289616681967139,0.12141278654525693,-0.016574948965289854,0.04019724195078364,0.0,True,True,True,True,True,-1.0,1.0,5.551115123125783e-17
21005,0.5,C7,0.00022153070309163518,0.3644781121196483,0.07088585981077455,0.10637621793063617,-0.03552188788035171,0.0542797798715485,0.0,True,True,True,True,True,-1.0,1.0,5.551115123125783e-17
21005,0.6,C1,7.224301907443213e-05,0.36498459766483915,0.07810762709750325,0.1823627466473029,-0.031327816030640276,0.07638661870147809,0.0,True,True,True,True,True,-1.0,1.0,3.700743415417188e-17
21005,0.6,C2,0.0015952118067326855,0.3837148787099478,0.03973701184657663,0.10426450805152515,-0.016285121290052218,0.05011849260730511,0.0,True,True,True,True,True,-1.0,1.0,7.401486830834377e-17
21005,0.6,C3,0.0005956971271230625,0.38286565229324504,0.04246603253219133,0.14077319995244753,-0.017134347706754982,0.023825675860648154,0.0,True,True,True,True,True,-1.0,1.0,0.0
21005,0.6,C4,0.00036323975003530644,0.35393701888565327,0.05634807430062688,0.18630876434582616,-0.022614708096936664,0.029922257417538164,0.0,True,True,True,True,True,-1.0,1.0,7.401486830834377e-17
21005,0.6,C5,4.566794771139425e-05,0.3932526631676217,0.016586613585559018,0.08482605019792704,-0.006747336832378326,0.04630687647621179,0.0,True,True,True,True,True,-1.0,1.0,0.0
21005,0.6,C6,6.97443459458462e-05,0.18672359461562965,0.03289616681967139,0.12141278654525693,-0.01327640538437036,0.0322398982242732,0.0,True,True,True,True,True,-1.0,1.0,5.551115123125783e-17
21005,0.6,C7,0.0001779010464074385,0.3715824712988966,0.07088585981077455,0.10637621793063617,-0.028417528701103423,0.04375281847084275,0.0,True,True,True,True,True,-1.0,1.0,5.551115123125783e-17
21005,0.7,C1,6.993716159316848e-05,0.37365051243742853,0.07810762709750325,0.1823627466473029,-0.023522246634394783,0.06553745042993214,0.0,True,True,True,True,True,-1.0,1.0,3.700743415417188e-17
21005,0.7,C2,0.0012136619043687335,0.38766791379681864,0.03973701184657663,0.10426450805152515,-0.01233208620318138,0.03766279322046659,0.0,True,True,True,True,True,-1.0,1.0,7.401486830834377e-17
21005,0.7,C3,0.00046800489967693446,0.38712110760963026,0.04246603253219133,0.14077319995244753,-0.012878892390369767,0.0179254884961641,0.0,True,True,True,True,True,-1.0,1.0,0.0
21005,0.7,C4,0.00028061683905871815,0.36545271299144677,0.05634807430062688,0.18630876434582616,-0.016975353456828324,0.02372130445199308,0.0,True,True,True,True,True,-1.0,1.0,7.401486830834377e-17
21005,0.7,C5,3.4299840692570387e-05,0.3949188807449526,0.016586613585559018,0.08482605019792704,-0.005081119255047395,0.034829030921901594,0.0,True,True,True,True,True,-1.0,1.0,0.0
21005,0.7,C6,5.240112052788672e-05,0.19002213819654915,0.03289616681967139,0.12141278654525693,-0.009977861803450866,0.02428255449776273,0.0,True,True,True,True,True,-1.0,1.0,5.551115123125783e-17
21005,0.7,C7,0.00013427138972324179,0.3786868304781449,0.07088585981077455,0.10637621793063617,-0.021313169521855135,0.03322585707013703,0.0,True,True,True,True,True,-1.0,1.0,5.551115123125783e-17
21005,0.8,C1,4.94727584120698e-05,0.3823164272100179,0.07810762709750325,0.1823627466473029,-0.01571667723814929,0.04380890715525143,0.0,True,True,True,True,True,-1.0,1.0,3.700743415417188e-17
21005,0.8,C2,0.0008321120020047812,0.3916209488836894,0.03973701184657663,0.10426450805152515,-0.008379051116310599,0.02520709383362807,0.0,True,True,True,True,True,-1.0,1.0,7.401486830834377e-17
21005,0.8,C3,0.0003153231328459948,0.3913765629260154,0.04246603253219133,0.14077319995244753,-0.008623437073984608,0.012025301131680044,0.0,True,True,True,True,True,-1.0,1.0,0.0
21005,0.8,C4,0.00019799392808212963,0.3769684070972402,0.05634807430062688,0.18630876434582616,-0.011335998816719983,0.01752035148644801,0.0,True,True,True,True,True,-1.0,1.0,7.401486830834377e-17
21005,0.8,C5,2.29317336737465e-05,0.39658509832228356,0.016586613585559018,0.08482605019792704,-0.0034149016777164642,0.0233511853675914,0.0,True,True,True,True,True,-1.0,1.0,0.0
21005,0.8,C6,3.505789510992722e-05,0.19332068177746864,0.03289616681967139,0.12141278654525693,-0.006679318222531372,0.01632521077125229,0.0,True,True,True,True,True,-1.0,1.0,5.551115123125783e-17
21005,0.8,C7,9.064173303904502e-05,0.3857911896573932,0.07088585981077455,0.10637621793063617,-0.014208810342606848,0.022698895669431257,0.0,True,True,True,True,True,-1.0,1.0,5.551115123125783e-17
21005,0.9,C1,2.4860195166608002e-05,0.3909823419826073,0.07810762709750325,0.1823627466473029,-0.007911107841903797,0.02208036388057072,0.0,True,True,True,True,True,-1.0,1.0,3.700743415417188e-17
21005,0.9,C2,0.0004505620996408293,0.39557398397056026,0.03973701184657663,0.10426450805152515,-0.004426016029439761,0.012751394446789549,0.0,True,True,True,True,True,-1.0,1.0,7.401486830834377e-17
21005,0.9,C3,0.00016264136601505555,0.3956320182424006,0.04246603253219133,0.14077319995244753,-0.004367981757599448,0.006125113767195961,0.0,True,True,True,True,True,-1.0,1.0,0.0
21005,0.9,C4,0.00011537101710554134,0.38848410120303367,0.05634807430062688,0.18630876434582616,-0.0056966441766116704,0.011319398520902912,0.0,True,True,True,True,True,-1.0,1.0,7.401486830834377e-17
21005,0.9,C5,1.1563626654922639e-05,0.3982513158996145,0.016586613585559018,0.08482605019792704,-0.0017486841003855336,0.011873339813281203,0.0,True,True,True,True,True,-1.0,1.0,0.0
21005,0.9,C6,1.7714669691967707e-05,0.19661922535838813,0.03289616681967139,0.12141278654525693,-0.003380774641611878,0.008367867044741822,0.0,True,True,True,True,True,-1.0,1.0,5.551115123125783e-17
21005,0.9,C7,4.7012076354848364e-05,0.39289554883664146,0.07088585981077455,0.10637621793063617,-0.0071044511633585605,0.012171934268725537,0.0,True,True,True,True,True,-1.0,1.0,5.551115123125783e-17
21005,1.0,C1,2.476319211462013e-07,0.3999999226389133,0.07810762709750325,0.1823627466473029,-7.736108670330921e-08,0.0003518206058900075,0.0,True,True,True,True,True,-1.0,1.0,3.700743415417188e-17
21005,1.0,C2,6.901219727687737e-05,0.3998815908226669,0.03973701184657663,0.10426450805152515,-1.0929446059293468e-07,0.00029569505995102885,0.0,True,True,True,True,True,-1.0,1.0,7.401486830834377e-17
21005,1.0,C3,9.959599184116309e-06,0.39988747355878573,0.04246603253219133,0.14077319995244753,-6.323985829448375e-08,0.00022492640271193354,0.0,True,True,True,True,True,-1.0,1.0,0.0
21005,1.0,C4,3.2748106128953043e-05,0.3999997953088271,0.05634807430062688,0.18630876434582616,-2.0469117290033978e-07,0.0005722812915148201,0.0,True,True,True,True,True,-1.0,1.0,7.401486830834377e-17
21005,1.0,C5,1.9551963609876547e-07,0.3999999320487513,0.016586613585559018,0.08482605019792704,-6.795124873892888e-08,0.0003297301897208227,0.0,True,True,True,True,True,-1.0,1.0,0.0
21005,1.0,C6,3.7144427400822113e-07,0.19999978933825652,0.03289616681967139,0.12141278654525693,-2.1066174349382294e-07,0.00041052331823138166,0.0,True,True,True,True,True,-1.0,1.0,5.551115123125783e-17
21005,1.0,C7,3.3824196706516534e-06,0.39999990801588975,0.07088585981077455,0.10637621793063617,-9.198411027311337e-08,0.0003836333880465337,0.0,True,True,True,True,True,-1.0,1.0,5.551115123125783e-17
