seed,kappa,criterion,min_active_g,max_active_g,max_active_theta,max_g_minus_max_theta,structural_zero_max_abs,lower_bound_ok,upper_bound_ok,structural_zero_ok,curvature_mean
21001,0.0,C1,3.24931284904e-06,0.32217036679414207,0.3228852371419042,-0.000714870347762131,0.0,True,True,True,5.551115123125783e-17
21001,0.0,C2,0.00033901916617479314,0.3587731085615006,0.3618725939829085,-0.0030994854214079215,0.0,True,True,True,3.700743415417188e-17
21001,0.0,C3,0.00026011419482551643,0.3793098122542385,0.38284118187082117,-0.0035313696165826802,0.0,True,True,True,0.0
21001,0.0,C4,0.0004900677349729925,0.38299533144584225,0.3857612371247332,-0.0027659056788909564,0.0,True,True,True,3.700743415417188e-17
21001,0.0,C5,7.878352062848051e-05,0.3541913804214366,0.3541965736154059,-5.193193969299514e-06,0.0,True,True,True,0.0
21001,0.0,C6,0.0017957421847370257,0.18713395141060687,0.1879905597396977,-0.0008566083290908189,0.0,True,True,True,3.700743415417188e-17
21001,0.0,C7,0.00038935154888589373,0.25229997054118375,0.2550497491738091,-0.002749778632625377,0.0,True,True,True,7.401486830834377e-17
21001,0.1,C1,2.9243936774288123e-06,0.3222416955560847,0.3228852371419042,-0.0006435415858195292,0.0,True,True,True,5.551115123125783e-17
21001,0.1,C2,0.0003322637716816546,0.3584658147685829,0.3618725939829085,-0.0034067792143255837,0.0,True,True,True,3.700743415417188e-17
21001,0.1,C3,0.00023420519244350755,0.3793098122542385,0.38284118187082117,-0.0035313696165826802,0.0,True,True,True,0.0
21001,0.1,C4,0.000519359333448372,0.3828305669967031,0.3857612371247332,-0.0029306701280301106,0.0,True,True,True,3.700743415417188e-17
21001,0.1,C5,7.485054697823625e-05,0.3541918997332193,0.3541965736154059,-4.673882186612133e-06,0.0,True,True,True,0.0
21001,0.1,C6,0.0016190096212587732,0.18718511371417867,0.1879905597396977,-0.0008054460255190188,0.0,True,True,True,3.700743415417188e-17
21001,0.1,C7,0.00036609189216593144,0.2520279573083719,0.2550497491738091,-0.003021791865437218,0.0,True,True,True,7.401486830834377e-17
21001,0.2,C1,2.599474505817624e-06,0.32231302431802733,0.3228852371419042,-0.000572212823876872,0.0,True,True,True,5.551115123125783e-17
21001,0.2,C2,0.0003155757894712198,0.3581585209756653,0.3618725939829085,-0.0037140730072431904,0.0,True,True,True,3.700743415417188e-17
21001,0.2,C3,0.00020829619006149867,0.3793098122542385,0.38284118187082117,-0.0035313696165826802,0.0,True,True,True,0.0
21001,0.2,C4,0.0005486509319237516,0.382665802547564,0.3857612371247332,-0.0030954345771692093,0.0,True,True,True,3.700743415417188e-17
21001,0.2,C5,7.091757332799199e-05,0.3541924190450021,0.3541965736154059,-4.154570403813729e-06,0.0,True,True,True,0.0
21001,0.2,C6,0.0014422770577805207,0.18723627601775053,0.1879905597396977,-0.0007542837219471632,0.0,True,True,True,3.700743415417188e-17
21001,0.2,C7,0.0003428322354459692,0.25175594407556007,0.2550497491738091,-0.0032938050982490585,0.0,True,True,True,7.401486830834377e-17
21001,0.3,C1,2.274555334206436e-06,0.3223843530799699,0.3228852371419042,-0.0005008840619343258,0.0,True,True,True,5.551115123125783e-17
21001,0.3,C2,0.0002941493248239244,0.35785122718274764,0.3618725939829085,-0.004021366800160853,0.0,True,True,True,3.700743415417188e-17
21001,0.3,C3,0.0001823871876794898,0.3793098122542385,0.38284118187082117,-0.0035313696165826802,0.0,True,True,True,0.0
21001,0.3,C4,0.0005779425303991313,0.38250103809842484,0.3857612371247332,-0.0032601990263083636,0.0,True,True,True,3.700743415417188e-17
21001,0.3,C5,6.698459967774773e-05,0.3541929383567848,0.3541965736154059,-3.635258621126347e-06,0.0,True,True,True,0.0
21001,0.3,C6,0.0012655444943022681,0.18728743832132233,0.1879905597396977,-0.0007031214183753631,0.0,True,True,True,3.700743415417188e-17
21001,0.3,C7,0.0003195725787260069,0.2514839308427482,0.2550497491738091,-0.0035658183310608993,0.0,True,True,True,7.401486830834377e-17
21001,0.4,C1,1.9496361625952478e-06,0.3224556818419125,0.3228852371419042,-0.00042955529999172404,0.0,True,True,True,5.551115123125783e-17
21001,0.4,C2,0.000272722860176629,0.35754393338983,0.3618725939829085,-0.004328660593078515,0.0,True,True,True,3.700743415417188e-17
21001,0.4,C3,0.00015647818529748088,0.3793098122542385,0.38284118187082117,-0.0035313696165826802,0.0,True,True,True,0.0
21001,0.4,C4,0.0006072341288745109,0.3823362736492857,0.3857612371247332,-0.0034249634754475178,0.0,True,True,True,3.700743415417188e-17
21001,0.4,C5,6.305162602750347e-05,0.35419345766856747,0.3541965736154059,-3.1159468384389655e-06,0.0,True,True,True,0.0
21001,0.4,C6,0.0010888119308240156,0.18733860062489419,0.1879905597396977,-0.0006519591148035075,0.0,True,True,True,3.700743415417188e-17
21001,0.4,C7,0.00029631292200604466,0.25121191760993644,0.2550497491738091,-0.0038378315638726845,0.0,True,True,True,7.401486830834377e-17
21001,0.5,C1,1.62471699098406e-06,0.32252701060385514,0.3228852371419042,-0.0003582265380490668,0.0,True,True,True,5.551115123125783e-17
21001,0.5,C2,0.0002512963955293336,0.3572366395969123,0.3618725939829085,-0.004635954385996177,0.0,True,True,True,3.700743415417188e-17
21001,0.5,C3,0.000130569182915472,0.3793098122542385,0.38284118187082117,-0.0035313696165826802,0.0,True,True,True,0.0
21001,0.5,C4,0.0006365257273498906,0.3821715092001466,0.3857612371247332,-0.0035897279245866165,0.0,True,True,True,3.700743415417188e-17
21001,0.5,C5,5.911865237725922e-05,0.35419397698035027,0.3541965736154059,-2.5966350556405615e-06,0.0,True,True,True,0.0
21001,0.5,C6,0.0009120793673457631,0.18738976292846599,0.1879905597396977,-0.0006007968112317075,0.0,True,True,True,3.700743415417188e-17
21001,0.5,C7,0.0002730532652860824,0.2509399043771246,0.2550497491738091,-0.004109844796684525,0.0,True,True,True,7.401486830834377e-17
21001,0.6,C1,1.299797819372872e-06,0.32259833936579774,0.3228852371419042,-0.00028689777610646505,0.0,True,True,True,5.551115123125783e-17
21001,0.6,C2,0.00022986993088203815,0.35692934580399466,0.3618725939829085,-0.004943248178913839,0.0,True,True,True,3.700743415417188e-17
21001,0.6,C3,0.00010466018053346312,0.3793098122542385,0.38284118187082117,-0.0035313696165826802,0.0,True,True,True,0.0
21001,0.6,C4,0.0005289332895207184,0.38200674475100743,0.3857612371247332,-0.0037544923737257707,0.0,True,True,True,3.700743415417188e-17
21001,0.6,C5,5.518567872701497e-05,0.35419449629213295,0.3541965736154059,-2.07732327295318e-06,0.0,True,True,True,0.0
21001,0.6,C6,0.0007353468038675105,0.18744092523203784,0.1879905597396977,-0.0005496345076598519,0.0,True,True,True,3.700743415417188e-17
21001,0.6,C7,0.00024979360856612013,0.25066789114431276,0.2550497491738091,-0.004381858029496366,0.0,True,True,True,7.401486830834377e-17
21001,0.7,C1,9.748786477616841e-07,0.32266966812774034,0.3228852371419042,-0.00021556901416386332,0.0,True,True,True,5.551115123125783e-17
21001,0.7,C2,0.00020844346623474276,0.35662205201107705,0.3618725939829085,-0.005250541971831446,0.0,True,True,True,3.700743415417188e-17
21001,0.7,C3,7.875117815145423e-05,0.3793098122542385,0.38284118187082117,-0.0035313696165826802,0.0,True,True,True,0.0
21001,0.7,C4,0.0003979571800037523,0.38184198030186833,0.3857612371247332,-0.003919256822864869,0.0,True,True,True,3.700743415417188e-17
21001,0.7,C5,5.12527050767707e-05,0.35419501560391564,0.3541965736154059,-1.5580114902657982e-06,0.0,True,True,True,0.0
21001,0.7,C6,0.000558614240389258,0.18749208753560964,0.1879905597396977,-0.0004984722040880518,0.0,True,True,True,3.700743415417188e-17
21001,0.7,C7,0.00022653395184615784,0.2503958779115009,0.2550497491738091,-0.004653871262308207,0.0,True,True,True,7.401486830834377e-17
21001,0.8,C1,6.499594761504955e-07,0.32274099688968294,0.3228852371419042,-0.00014424025222126158,0.0,True,True,True,5.551115123125783e-17
21001,0.8,C2,0.00018701700158744737,0.3563147582181594,0.3618725939829085,-0.005557835764749108,0.0,True,True,True,3.700743415417188e-17
21001,0.8,C3,5.2842175769445324e-05,0.3793098122542385,0.38284118187082117,-0.0035313696165826802,0.0,True,True,True,0.0
21001,0.8,C4,0.0002669810704867861,0.3816772158527292,0.3857612371247332,-0.004084021272004024,0.0,True,True,True,3.700743415417188e-17
21001,0.8,C5,4.731973142652645e-05,0.3541955349156984,0.3541965736154059,-1.0386997075229054e-06,0.0,True,True,True,0.0
21001,0.8,C6,0.0003818816769110053,0.1875432498391815,0.1879905597396977,-0.00044730990051619623,0.0,True,True,True,3.700743415417188e-17
21001,0.8,C7,0.00020327429512619554,0.2501238646786891,0.2550497491738091,-0.0049258844951200476,0.0,True,True,True,7.401486830834377e-17
21001,0.9,C1,3.2504030453930757e-07,0.32281232565162554,0.3228852371419042,-7.291149027865984e-05,0.0,True,True,True,5.551115123125783e-17
21001,0.9,C2,0.00013779034903059346,0.3560074644252417,0.3618725939829085,-0.005865129557666771,0.0,True,True,True,3.700743415417188e-17
21001,0.9,C3,2.6933173387436446e-05,0.3793098122542385,0.38284118187082117,-0.0035313696165826802,0.0,True,True,True,0.0
21001,0.9,C4,0.00013600496096982022,0.3815124514035901,0.3857612371247332,-0.004248785721143122,0.0,True,True,True,3.700743415417188e-17
21001,0.9,C5,4.3386757776282194e-05,0.3541960542274811,0.3541965736154059,-5.193879247800126e-07,0.0,True,True,True,0.0
21001,0.9,C6,0.00020514911343275284,0.1875944121427533,0.1879905597396977,-0.00039614759694439616,0.0,True,True,True,3.700743415417188e-17
21001,0.9,C7,0.00011507296390790362,0.24985185144587724,0.2550497491738091,-0.005197897727931888,0.0,True,True,True,7.401486830834377e-17
21001,1.0,C1,1.211329281196567e-10,0.32288365441356814,0.3228852371419042,-1.5827283360581035e-06,0.0,True,True,True,5.551115123125783e-17
21001,1.0,C2,4.915175813343169e-06,0.35570017063232406,0.3618725939829085,-0.006172423350584433,0.0,True,True,True,3.700743415417188e-17
21001,1.0,C3,1.0241710054275643e-06,0.3793098122542385,0.38284118187082117,-0.0035313696165826802,0.0,True,True,True,0.0
21001,1.0,C4,5.028851452854201e-06,0.3813476869544509,0.3857612371247332,-0.004413550170282277,0.0,True,True,True,3.700743415417188e-17
21001,1.0,C5,7.828461779282073e-07,0.3541965735392638,0.3541965736154059,-7.614209263095972e-11,0.0,True,True,True,0.0
21001,1.0,C6,2.841654995450033e-05,0.18764557444632515,0.1879905597396977,-0.0003449852933725406,0.0,True,True,True,3.700743415417188e-17
21001,1.0,C7,4.808666323755883e-06,0.2495798382130654,0.2550497491738091,-0.005469910960743729,0.0,True,True,True,7.401486830834377e-17
21002,0.0,C1,0.00011792825256847758,0.3491004386128818,0.34921804574063176,-0.00011760712774994131,0.0,True,True,True,3.700743415417188e-17
21002,0.0,C2,0.0005272275907643854,0.29088893098661794,0.2928222552156142,-0.0019333242289962804,0.0,True,True,True,5.551115123125783e-17
21002,0.0,C3,0.0008080217613189326,0.33534670851826537,0.33649646827274804,-0.001149759754482671,0.0,True,True,True,0.0
21002,0.0,C4,0.00022010230967645645,0.36407165353589205,0.36681709869596135,-0.002745445160069304,0.0,True,True,True,5.551115123125783e-17
21002,0.0,C5,6.558838021334454e-05,0.3691230571156786,0.3692181014061877,-9.504429050910534e-05,0.0,True,True,True,0.0
21002,0.0,C6,0.0002406149593519045,0.146032608738279,0.1466646246821684,-0.0006320159438893969,0.0,True,True,True,5.551115123125783e-17
21002,0.0,C7,0.0019513150756408056,0.3804455518873052,0.3819528129804527,-0.0015072610931474717,0.0,True,True,True,3.700743415417188e-17
21002,0.1,C1,0.00011086037089238761,0.34910278996329924,0.34921804574063176,-0.00011525577733251247,0.0,True,True,True,3.700743415417188e-17
21002,0.1,C2,0.0004957312168656331,0.291004164567715,0.2928222552156142,-0.0018180906478992287,0.0,True,True,True,5.551115123125783e-17
21002,0.1,C3,0.0008478303980531252,0.33534670851826537,0.33649646827274804,-0.001149759754482671,0.0,True,True,True,0.0
21002,0.1,C4,0.00022448632534715488,0.3642351473472774,0.36681709869596135,-0.002581951348683942,0.0,True,True,True,5.551115123125783e-17
21002,0.1,C5,6.558838021334454e-05,0.3691183061244704,0.3692181014061877,-9.979528171732976e-05,0.0,True,True,True,0.0
21002,0.1,C6,0.0002549959935273063,0.14609553798058975,0.1466646246821684,-0.0005690867015786527,0.0,True,True,True,5.551115123125783e-17
21002,0.1,C7,0.0017601639974811224,0.38059568320168047,0.3819528129804527,-0.0013571297787722258,0.0,True,True,True,3.700743415417188e-17
21002,0.2,C1,0.00010379248921629764,0.3491051413137167,0.34921804574063176,-0.00011290442691502811,0.0,True,True,True,3.700743415417188e-17
21002,0.2,C2,0.0004642348429668809,0.29111939814881194,0.2928222552156142,-0.001702857066802288,0.0,True,True,True,5.551115123125783e-17
21002,0.2,C3,0.0007927874354631386,0.33534670851826537,0.33649646827274804,-0.001149759754482671,0.0,True,True,True,0.0
21002,0.2,C4,0.0002288703410178533,0.3643986411586628,0.36681709869596135,-0.0024184575372985795,0.0,True,True,True,5.551115123125783e-17
21002,0.2,C5,6.558838021334454e-05,0.3691135551332621,0.3692181014061877,-0.0001045462729256097,0.0,True,True,True,0.0
21002,0.2,C6,0.00026937702770270824,0.14615846722290043,0.1466646246821684,-0.0005061574592679641,0.0,True,True,True,5.551115123125783e-17
21002,0.2,C7,0.0015690129193214391,0.3807458145160557,0.3819528129804527,-0.00120699846439698,0.0,True,True,True,3.700743415417188e-17
21002,0.3,C1,9.672460754020765e-05,0.34910749266413416,0.34921804574063176,-0.00011055307649759927,0.0,True,True,True,3.700743415417188e-17
21002,0.3,C2,0.0004327384690681286,0.291234631729909,0.2928222552156142,-0.0015876234857052363,0.0,True,True,True,5.551115123125783e-17
21002,0.3,C3,0.0006954988751272557,0.33534670851826537,0.33649646827274804,-0.001149759754482671,0.0,True,True,True,0.0
21002,0.3,C4,0.0002332543566885517,0.364562134970048,0.36681709869596135,-0.002254963725913328,0.0,True,True,True,5.551115123125783e-17
21002,0.3,C5,6.558838021334454e-05,0.3691088041420539,0.3692181014061877,-0.00010929726413383412,0.0,True,True,True,0.0
21002,0.3,C6,0.00027236717797419227,0.14622139646521115,0.1466646246821684,-0.0004432282169572477,0.0,True,True,True,5.551115123125783e-17
21002,0.3,C7,0.0013778618411617559,0.38089594583043096,0.3819528129804527,-0.0010568671500217341,0.0,True,True,True,3.700743415417188e-17
21002,0.4,C1,8.965672586411768e-05,0.34910984401455153,0.34921804574063176,-0.00010820172608022594,0.0,True,True,True,3.700743415417188e-17
21002,0.4,C2,0.0004012420951693763,0.29134986531100593,0.2928222552156142,-0.0014723899046082956,0.0,True,True,True,5.551115123125783e-17
21002,0.4,C3,0.0005982103147913726,0.33534670851826537,0.33649646827274804,-0.001149759754482671,0.0,True,True,True,0.0
21002,0.4,C4,0.00021248823724499133,0.3647256287814334,0.36681709869596135,-0.002091469914527966,0.0,True,True,True,5.551115123125783e-17
21002,0.4,C5,6.558838021334454e-05,0.3691040531508456,0.3692181014061877,-0.00011404825534211405,0.0,True,True,True,0.0
21002,0.4,C6,0.0002336723109867968,0.1462843257075219,0.1466646246821684,-0.00038029897464650353,0.0,True,True,True,5.551115123125783e-17
21002,0.4,C7,0.0011867107630020727,0.3810460771448062,0.3819528129804527,-0.0009067358356464883,0.0,True,True,True,3.700743415417188e-17
21002,0.5,C1,7.706713710421723e-05,0.349112195364969,0.34921804574063176,-0.00010585037566274158,0.0,True,True,True,3.700743415417188e-17
21002,0.5,C2,0.000369745721270624,0.291465098892103,0.2928222552156142,-0.0013571563235112438,0.0,True,True,True,5.551115123125783e-17
21002,0.5,C3,0.0005009217544554896,0.33534670851826537,0.33649646827274804,-0.001149759754482671,0.0,True,True,True,0.0
21002,0.5,C4,0.00017731463360611427,0.3648891225928187,0.36681709869596135,-0.001927976103142659,0.0,True,True,True,5.551115123125783e-17
21002,0.5,C5,6.558838021334454e-05,0.3690993021596374,0.3692181014061877,-0.00011879924655033847,0.0,True,True,True,0.0
21002,0.5,C6,0.00019497744399940133,0.14634725494983264,0.1466646246821684,-0.0003173697323357594,0.0,True,True,True,5.551115123125783e-17
21002,0.5,C7,0.0009955596848423894,0.38119620845918145,0.3819528129804527,-0.0007566045212712424,0.0,True,True,True,3.700743415417188e-17
21002,0.6,C1,6.168771330575919e-05,0.34911454671538644,0.34921804574063176,-0.00010349902524531274,0.0,True,True,True,3.700743415417188e-17
21002,0.6,C2,0.0003142412354887486,0.2915803324732,0.2928222552156142,-0.0012419227424142476,0.0,True,True,True,5.551115123125783e-17
21002,0.6,C3,0.0004036331941196066,0.33534670851826537,0.33649646827274804,-0.001149759754482671,0.0,True,True,True,0.0
21002,0.6,C4,0.00014214102996723728,0.36505261640420406,0.36681709869596135,-0.0017644822917572967,0.0,True,True,True,5.551115123125783e-17
21002,0.6,C5,6.558838021334454e-05,0.36909455116842915,0.3692181014061877,-0.00012355023775856289,0.0,True,True,True,0.0
21002,0.6,C6,0.00015628257701200585,0.14641018419214333,0.1466646246821684,-0.00025444049002507074,0.0,True,True,True,5.551115123125783e-17
21002,0.6,C7,0.0008044086066827062,0.38134633977355664,0.3819528129804527,-0.0006064732068960521,0.0,True,True,True,3.700743415417188e-17
21002,0.7,C1,4.630828950730114e-05,0.34911689806580387,0.34921804574063176,-0.0001011476748278839,0.0,True,True,True,3.700743415417188e-17
21002,0.7,C2,0.0002365277406684439,0.291695566054297,0.2928222552156142,-0.0011266891613172514,0.0,True,True,True,5.551115123125783e-17
21002,0.7,C3,0.0003063446337837236,0.33534670851826537,0.33649646827274804,-0.001149759754482671,0.0,True,True,True,0.0
21002,0.7,C4,0.00010696742632836025,0.3652161102155894,0.36681709869596135,-0.0016009884803719343,0.0,True,True,True,5.551115123125783e-17
21002,0.7,C5,5.3442034783859144e-05,0.36908980017722093,0.3692181014061877,-0.0001283012289667873,0.0,True,True,True,0.0
21002,0.7,C6,0.00011758771002461035,0.14647311343445404,0.1466646246821684,-0.00019151124771435435,0.0,True,True,True,5.551115123125783e-17
21002,0.7,C7,0.000613257528523023,0.3814964710879319,0.3819528129804527,-0.00045634189252080626,0.0,True,True,True,3.700743415417188e-17
21002,0.8,C1,3.0928865708843085e-05,0.34911924941622136,0.34921804574063176,-9.879632441039954e-05,0.0,True,True,True,3.700743415417188e-17
21002,0.8,C2,0.000158814245848139,0.29181079963539397,0.2928222552156142,-0.0010114555802202552,0.0,True,True,True,5.551115123125783e-17
21002,0.8,C3,0.0002090560734478405,0.33534670851826537,0.33649646827274804,-0.001149759754482671,0.0,True,True,True,0.0
21002,0.8,C4,7.179382268948321e-05,0.36537960402697467,0.36681709869596135,-0.001437494668986683,0.0,True,True,True,5.551115123125783e-17
21002,0.8,C5,3.56607168081927e-05,0.36908504918601265,0.3692181014061877,-0.00013305222017506724,0.0,True,True,True,0.0
21002,0.8,C6,7.889284303721486e-05,0.1465360426767648,0.1466646246821684,-0.0001285820054036102,0.0,True,True,True,5.551115123125783e-17
21002,0.8,C7,0.0004221064503633395,0.38164660240230713,0.3819528129804527,-0.0003062105781455604,0.0,True,True,True,3.700743415417188e-17
21002,0.9,C1,1.5549441910385045e-05,0.3491216007666388,0.34921804574063176,-9.64449739929707e-05,0.0,True,True,True,3.700743415417188e-17
21002,0.9,C2,8.110075102783428e-05,0.29192603321649097,0.2928222552156142,-0.000896221999123259,0.0,True,True,True,5.551115123125783e-17
21002,0.9,C3,0.00011176751311195752,0.33534670851826537,0.33649646827274804,-0.001149759754482671,0.0,True,True,True,0.0
21002,0.9,C4,3.662021905060618e-05,0.36554309783836003,0.36681709869596135,-0.0012740008576013206,0.0,True,True,True,5.551115123125783e-17
21002,0.9,C5,1.7879398832526253e-05,0.3690802981948044,0.3692181014061877,-0.00013780321138329166,0.0,True,True,True,0.0
21002,0.9,C6,4.0197976049819406e-05,0.1465989719190755,0.1466646246821684,-6.56527630928938e-05,0.0,True,True,True,5.551115123125783e-17
21002,0.9,C7,0.00023095537220365624,0.3817967337166824,0.3819528129804527,-0.00015607926377031456,0.0,True,True,True,3.700743415417188e-17
21002,1.0,C1,1.7001811192698601e-07,0.34912395211705627,0.34921804574063176,-9.409362357548634e-05,0.0,True,True,True,3.700743415417188e-17
21002,1.0,C2,3.3872562075294687e-06,0.29204126679758796,0.2928222552156142,-0.0007809884180262627,0.0,True,True,True,5.551115123125783e-17
21002,1.0,C3,1.4478952776074534e-05,0.33534670851826537,0.33649646827274804,-0.001149759754482671,0.0,True,True,True,0.0
21002,1.0,C4,1.4466154117291814e-06,0.3657065916497454,0.36681709869596135,-0.0011105070462159583,0.0,True,True,True,5.551115123125783e-17
21002,1.0,C5,9.808085685982914e-08,0.36907554720359614,0.3692181014061877,-0.0001425542025915716,0.0,True,True,True,0.0
21002,1.0,C6,1.5031090624239147e-06,0.14666190116138622,0.1466646246821684,-2.7235207821774132e-06,0.0,True,True,True,5.551115123125783e-17
21002,1.0,C7,3.980429404397301e-05,0.3819468650310576,0.3819528129804527,-5.947949395068708e-06,0.0,True,True,True,3.700743415417188e-17
21003,0.0,C1,0.00036261807887202506,0.35815979407546455,0.35826196806740024,-0.00010217399193568344,0.0,True,True,True,5.551115123125783e-17
21003,0.0,C2,0.00035053251280037494,0.39295354329846527,0.3931708596862976,-0.00021731638783234475,0.0,True,True,True,5.551115123125783e-17
21003,0.0,C3,0.0012696994098622095,0.37871486373023727,0.38431029622442126,-0.005595432494183983,0.0,True,True,True,0.0
21003,0.0,C4,0.00038422865264793274,0.3894744194655145,0.389715891768332,-0.00024147230281751364,0.0,True,True,True,3.700743415417188e-17
21003,0.0,C5,2.4592840427433986e-05,0.3205025833315245,0.3207261443759313,-0.0002235610444067948,0.0,True,True,True,0.0
21003,0.0,C6,0.0005223642785497756,0.18898257472627455,0.18979706222413467,-0.0008144874978601169,0.0,True,True,True,5.551115123125783e-17
21003,0.0,C7,0.0006720181778831439,0.39219574513167843,0.3978554839536777,-0.005659738821999272,0.0,True,True,True,5.551115123125783e-17
21003,0.1,C1,0.0003266042270438531,0.35815366538431004,0.35826196806740024,-0.00010830268309020008,0.0,True,True,True,5.551115123125783e-17
21003,0.1,C2,0.00037142679192778106,0.39295788722388664,0.3931708596862976,-0.00021297246241097634,0.0,True,True,True,5.551115123125783e-17
21003,0.1,C3,0.0013322918273555595,0.37871486373023727,0.38431029622442126,-0.005595432494183983,0.0,True,True,True,0.0
21003,0.1,C4,0.0004071526927104975,0.3894502871971253,0.389715891768332,-0.0002656045712066679,0.0,True,True,True,3.700743415417188e-17
21003,0.1,C5,2.5822078673810875e-05,0.3205025833315245,0.3207261443759313,-0.0002235610444067948,0.0,True,True,True,0.0
21003,0.1,C6,0.0005119879744935531,0.1889014755023855,0.18979706222413467,-0.0008955867217491642,0.0,True,True,True,5.551115123125783e-17
21003,0.1,C7,0.0007383894200238509,0.39163782257585833,0.3978554839536777,-0.006217661377819372,0.0,True,True,True,5.551115123125783e-17
21003,0.2,C1,0.00029059037521568114,0.3581475366931555,0.35826196806740024,-0.00011443137424471672,0.0,True,True,True,5.551115123125783e-17
21003,0.2,C2,0.00039232107105518723,0.3929622311493079,0.3931708596862976,-0.00020862853698971895,0.0,True,True,True,5.551115123125783e-17
21003,0.2,C3,0.0013948842448489095,0.37871486373023727,0.38431029622442126,-0.005595432494183983,0.0,True,True,True,0.0
21003,0.2,C4,0.00043007673277306233,0.3894261549287361,0.389715891768332,-0.0002897368395958777,0.0,True,True,True,3.700743415417188e-17
21003,0.2,C5,2.7051316920187768e-05,0.3205025833315245,0.3207261443759313,-0.0002235610444067948,0.0,True,True,True,0.0
21003,0.2,C6,0.0005016116704373305,0.1888203762784965,0.18979706222413467,-0.0009766859456381838,0.0,True,True,True,5.551115123125783e-17
21003,0.2,C7,0.0008047606621645578,0.39139312463865233,0.3978554839536777,-0.006462359315025368,0.0,True,True,True,5.551115123125783e-17
21003,0.3,C1,0.0002545765233875092,0.358141408002001,0.35826196806740024,-0.00012056006539923336,0.0,True,True,True,5.551115123125783e-17
21003,0.3,C2,0.00041321535018259335,0.3929665750747292,0.3931708596862976,-0.00020428461156840605,0.0,True,True,True,5.551115123125783e-17
21003,0.3,C3,0.0014574766623422595,0.37871486373023727,0.38431029622442126,-0.005595432494183983,0.0,True,True,True,0.0
21003,0.3,C4,0.0004530007728356271,0.3894020226603469,0.389715891768332,-0.0003138691079850875,0.0,True,True,True,3.700743415417188e-17
21003,0.3,C5,2.8280555166564657e-05,0.3205025833315245,0.3207261443759313,-0.0002235610444067948,0.0,True,True,True,0.0
21003,0.3,C6,0.0004912353663811081,0.18873927705460744,0.18979706222413467,-0.0010577851695272311,0.0,True,True,True,5.551115123125783e-17
21003,0.3,C7,0.0008711319043052649,0.3917266237982854,0.3978554839536777,-0.006128860155392324,0.0,True,True,True,5.551115123125783e-17
21003,0.4,C1,0.00021856267155933716,0.3581352793108465,0.35826196806740024,-0.00012668875655375,0.0,True,True,True,5.551115123125783e-17
21003,0.4,C2,0.0004341096293099995,0.39297091900015046,0.3931708596862976,-0.00019994068614714866,0.0,True,True,True,5.551115123125783e-17
21003,0.4,C3,0.0012948618017986466,0.37871486373023727,0.38431029622442126,-0.005595432494183983,0.0,True,True,True,0.0
21003,0.4,C4,0.0004759248128981919,0.3893778903919577,0.389715891768332,-0.0003380013763742973,0.0,True,True,True,3.700743415417188e-17
21003,0.4,C5,2.9509793412941546e-05,0.3205025833315245,0.3207261443759313,-0.0002235610444067948,0.0,True,True,True,0.0
21003,0.4,C6,0.0004808590623248856,0.18865817783071842,0.18979706222413467,-0.0011388843934162507,0.0,True,True,True,5.551115123125783e-17
21003,0.4,C7,0.0009375031464459719,0.3920601229579184,0.3978554839536777,-0.00579536099575928,0.0,True,True,True,5.551115123125783e-17
21003,0.5,C1,0.00018254881973116526,0.35812915061969197,0.35826196806740024,-0.00013281744770826664,0.0,True,True,True,5.551115123125783e-17
21003,0.5,C2,0.00045500390843740564,0.39297526292557183,0.3931708596862976,-0.00019559676072578025,0.0,True,True,True,5.551115123125783e-17
21003,0.5,C3,0.0010840614399455584,0.37871486373023727,0.38431029622442126,-0.005595432494183983,0.0,True,True,True,0.0
21003,0.5,C4,0.0004988488529607567,0.38935375812356854,0.389715891768332,-0.00036213364476345156,0.0,True,True,True,3.700743415417188e-17
21003,0.5,C5,2.543699439432564e-05,0.3205025833315245,0.3207261443759313,-0.0002235610444067948,0.0,True,True,True,0.0
21003,0.5,C6,0.00047048275826866307,0.18857707860682935,0.18979706222413467,-0.0012199836173053258,0.0,True,True,True,5.551115123125783e-17
21003,0.5,C7,0.0010038743885866788,0.39239362211755147,0.3978554839536777,-0.005461861836126236,0.0,True,True,True,5.551115123125783e-17
21003,0.6,C1,0.00014653496790299327,0.3581230219285375,0.35826196806740024,-0.00013894613886272777,0.0,True,True,True,5.551115123125783e-17
21003,0.6,C2,0.0004758981875648117,0.39297960685099315,0.3931708596862976,-0.00019125283530446735,0.0,True,True,True,5.551115123125783e-17
21003,0.6,C3,0.0008732610780924702,0.37871486373023727,0.38431029622442126,-0.005595432494183983,0.0,True,True,True,0.0
21003,0.6,C4,0.0005217728930233214,0.38932962585517933,0.389715891768332,-0.00038626591315266134,0.0,True,True,True,3.700743415417188e-17
21003,0.6,C5,2.035293549590998e-05,0.3205025833315245,0.3207261443759313,-0.0002235610444067948,0.0,True,True,True,0.0
21003,0.6,C6,0.0004601064542124406,0.18849597938294033,0.18979706222413467,-0.0013010828411943454,0.0,True,True,True,5.551115123125783e-17
21003,0.6,C7,0.0010093424416190914,0.3927271212771845,0.3978554839536777,-0.005128362676493192,0.0,True,True,True,5.551115123125783e-17
21003,0.7,C1,0.00011052111607482131,0.35811689323738294,0.35826196806740024,-0.00014507483001729993,0.0,True,True,True,5.551115123125783e-17
21003,0.7,C2,0.00042589997966208614,0.39298395077641446,0.3931708596862976,-0.00018690890988315445,0.0,True,True,True,5.551115123125783e-17
21003,0.7,C3,0.0006624607162393821,0.37871486373023727,0.38431029622442126,-0.005595432494183983,0.0,True,True,True,0.0
21003,0.7,C4,0.0005446969330858861,0.3893054935867901,0.389715891768332,-0.00041039818154187113,0.0,True,True,True,3.700743415417188e-17
21003,0.7,C5,1.526887659749432e-05,0.3205025833315245,0.3207261443759313,-0.0002235610444067948,0.0,True,True,True,0.0
21003,0.7,C6,0.00039299182502444924,0.18841488015905128,0.18979706222413467,-0.0013821820650833927,0.0,True,True,True,5.551115123125783e-17
21003,0.7,C7,0.0009165313475827955,0.39306062043681766,0.3978554839536777,-0.004794863516860037,0.0,True,True,True,5.551115123125783e-17
21003,0.8,C1,7.45072642466493e-05,0.3581107645462284,0.35826196806740024,-0.00015120352117181657,0.0,True,True,True,5.551115123125783e-17
21003,0.8,C2,0.0002869843530435606,0.39298829470183577,0.3931708596862976,-0.00018256498446184155,0.0,True,True,True,5.551115123125783e-17
21003,0.8,C3,0.00045166035438629347,0.37871486373023727,0.38431029622442126,-0.005595432494183983,0.0,True,True,True,0.0
21003,0.8,C4,0.0004483018666131458,0.38928136131840096,0.389715891768332,-0.0004345304499310254,0.0,True,True,True,3.700743415417188e-17
21003,0.8,C5,1.018481769907866e-05,0.3205025833315245,0.3207261443759313,-0.0002235610444067948,0.0,True,True,True,0.0
21003,0.8,C6,0.0002649150138020572,0.18833378093516226,0.18979706222413467,-0.0014632812889724123,0.0,True,True,True,5.551115123125783e-17
21003,0.8,C7,0.0008237202535464991,0.3933941195964507,0.3978554839536777,-0.004461364357226993,0.0,True,True,True,5.551115123125783e-17
21003,0.9,C1,3.8493412418477365e-05,0.3581046358550739,0.35826196806740024,-0.0001573322123263332,0.0,True,True,True,5.551115123125783e-17
21003,0.9,C2,0.0001480687264250354,0.39299263862725714,0.3931708596862976,-0.00017822105904047314,0.0,True,True,True,5.551115123125783e-17
21003,0.9,C3,0.00024085999253320537,0.37871486373023727,0.38431029622442126,-0.005595432494183983,0.0,True,True,True,0.0
21003,0.9,C4,0.00023031654364711232,0.38925722905001175,0.389715891768332,-0.0004586627183202352,0.0,True,True,True,3.700743415417188e-17
21003,0.9,C5,5.1007588006630066e-06,0.3205025833315245,0.3207261443759313,-0.0002235610444067948,0.0,True,True,True,0.0
21003,0.9,C6,0.00013683820257966514,0.1882526817112732,0.18979706222413467,-0.0015443805128614596,0.0,True,True,True,5.551115123125783e-17
21003,0.9,C7,0.000546423483113945,0.39372761875608375,0.3978554839536777,-0.0041278651975939495,0.0,True,True,True,5.551115123125783e-17
21003,1.0,C1,2.4795605903053964e-06,0.35809850716391944,0.35826196806740024,-0.00016346090348079434,0.0,True,True,True,5.551115123125783e-17
21003,1.0,C2,9.153099806510049e-06,0.3929969825526784,0.3931708596862976,-0.00017387713361921575,0.0,True,True,True,5.551115123125783e-17
21003,1.0,C3,3.0059630680117053e-05,0.37871486373023727,0.38431029622442126,-0.005595432494183983,0.0,True,True,True,0.0
21003,1.0,C4,1.2331220681078625e-05,0.38923309678162255,0.389715891768332,-0.000482794986709445,0.0,True,True,True,3.700743415417188e-17
21003,1.0,C5,1.669990224734714e-08,0.3205025833315245,0.3207261443759313,-0.0002235610444067948,0.0,True,True,True,0.0
21003,1.0,C6,8.761391357273082e-06,0.1881715824873842,0.18979706222413467,-0.0016254797367504792,0.0,True,True,True,5.551115123125783e-17
21003,1.0,C7,6.077454192880139e-05,0.3940611179157168,0.3978554839536777,-0.0037943660379609057,0.0,True,True,True,5.551115123125783e-17
21004,0.0,C1,3.587143070389461e-05,0.24506110569554804,0.24509089348340868,-2.978778786064118e-05,0.0,True,True,True,5.551115123125783e-17
21004,0.0,C2,0.000621115835019,0.302457848904607,0.30448641988653324,-0.00202857098192627,0.0,True,True,True,3.700743415417188e-17
21004,0.0,C3,6.472927815984693e-05,0.3299228310465195,0.33183911905919966,-0.0019162880126801785,0.0,True,True,True,0.0
21004,0.0,C4,0.0005496973117292126,0.34880825232684004,0.35124962192204934,-0.0024413695952092973,0.0,True,True,True,7.401486830834377e-17
21004,0.0,C5,4.782272074706973e-05,0.38361859156627653,0.38363268135329387,-1.4089787017335098e-05,0.0,True,True,True,0.0
21004,0.0,C6,4.8570193444490065e-05,0.17264980367331415,0.17530075640922632,-0.0026509527359121765,0.0,True,True,True,3.700743415417188e-17
21004,0.0,C7,9.713259949466632e-05,0.35804720574295734,0.36042458988559917,-0.002377384142641825,0.0,True,True,True,5.551115123125783e-17
21004,0.1,C1,3.6588555459751094e-05,0.24506408411230016,0.24509089348340868,-2.680937110852155e-05,0.0,True,True,True,5.551115123125783e-17
21004,0.1,C2,0.0006087543238772865,0.3022563432953347,0.30448641988653324,-0.00223007659119856,0.0,True,True,True,3.700743415417188e-17
21004,0.1,C3,6.149638470009907e-05,0.3300180921429261,0.33183911905919966,-0.0018210269162735604,0.0,True,True,True,0.0
21004,0.1,C4,0.0005169137828053563,0.3490506924061002,0.35124962192204934,-0.002198929515949133,0.0,True,True,True,7.401486830834377e-17
21004,0.1,C5,4.3044402440321895e-05,0.3836200004932303,0.38363268135329387,-1.268086006356306e-05,0.0,True,True,True,0.0
21004,0.1,C6,4.759950699991569e-05,0.17270202095734388,0.17530075640922632,-0.002598735451882439,0.0,True,True,True,3.700743415417188e-17
21004,0.1,C7,9.519262022871232e-05,0.35781103546680587,0.36042458988559917,-0.0026135544187932958,0.0,True,True,True,5.551115123125783e-17
21004,0.2,C1,3.730568021560757e-05,0.2450670625290522,0.24509089348340868,-2.383095435648519e-05,0.0,True,True,True,5.551115123125783e-17
21004,0.2,C2,0.000596392812735573,0.3020548376860624,0.30448641988653324,-0.00243158220047085,0.0,True,True,True,3.700743415417188e-17
21004,0.2,C3,5.826349124035121e-05,0.3301133532393328,0.33183911905919966,-0.0017257658198668868,0.0,True,True,True,0.0
21004,0.2,C4,0.0004841302538814999,0.3492931324853603,0.35124962192204934,-0.001956489436689024,0.0,True,True,True,7.401486830834377e-17
21004,0.2,C5,3.826608413357406e-05,0.383621409420184,0.38363268135329387,-1.1271933109846533e-05,0.0,True,True,True,0.0
21004,0.2,C6,4.662882055534133e-05,0.17275423824137362,0.17530075640922632,-0.0025465181678527016,0.0,True,True,True,3.700743415417188e-17
21004,0.2,C7,9.325264096275834e-05,0.35757486519065446,0.36042458988559917,-0.002849724694944711,0.0,True,True,True,5.551115123125783e-17
21004,0.3,C1,3.5194612158136345e-05,0.2450700409458043,0.24509089348340868,-2.0852537604365562e-05,0.0,True,True,True,5.551115123125783e-17
21004,0.3,C2,0.0005840313015938595,0.3018533320767901,0.30448641988653324,-0.00263308780974314,0.0,True,True,True,3.700743415417188e-17
21004,0.3,C3,5.5030597780603345e-05,0.33020861433573945,0.33183911905919966,-0.0016305047234602132,0.0,True,True,True,0.0
21004,0.3,C4,0.00045134672495764365,0.34953557256462053,0.35124962192204934,-0.001714049357428804,0.0,True,True,True,7.401486830834377e-17
21004,0.3,C5,3.348776582682622e-05,0.38362281834713785,0.38363268135329387,-9.863006156018983e-06,0.0,True,True,True,0.0
21004,0.3,C6,4.534506659075027e-05,0.17280645552540336,0.17530075640922632,-0.002494300883822964,0.0,True,True,True,3.700743415417188e-17
21004,0.3,C7,9.131266169680435e-05,0.357338694914503,0.36042458988559917,-0.0030858949710961814,0.0,True,True,True,5.551115123125783e-17
21004,0.4,C1,3.016985196156931e-05,0.2450730193625564,0.24509089348340868,-1.787412085227369e-05,0.0,True,True,True,5.551115123125783e-17
21004,0.4,C2,0.000571669790452146,0.3016518264675178,0.30448641988653324,-0.00283459341901543,0.0,True,True,True,3.700743415417188e-17
21004,0.4,C3,5.179770432085549e-05,0.3303038754321461,0.33183911905919966,-0.0015352436270535397,0.0,True,True,True,0.0
21004,0.4,C4,0.00041856319603378734,0.3497780126438807,0.35124962192204934,-0.0014716092781686396,0.0,True,True,True,7.401486830834377e-17
21004,0.4,C5,2.870944752007839e-05,0.3836242272740916,0.38363268135329387,-8.454079202246945e-06,0.0,True,True,True,0.0
21004,0.4,C6,3.8874032327102225e-05,0.17285867280943312,0.17530075640922632,-0.002442083599793199,0.0,True,True,True,3.700743415417188e-17
21004,0.4,C7,8.937268243085037e-05,0.35710252463835157,0.36042458988559917,-0.0033220652472475964,0.0,True,True,True,5.551115123125783e-17
21004,0.5,C1,2.5145091765002275e-05,0.24507599777930847,0.24509089348340868,-1.4895704100209572e-05,0.0,True,True,True,5.551115123125783e-17
21004,0.5,C2,0.0005593082793104325,0.3014503208582455,0.30448641988653324,-0.00303609902828772,0.0,True,True,True,3.700743415417188e-17
21004,0.5,C3,4.8564810861107626e-05,0.33039913652855274,0.33183911905919966,-0.0014399825306469216,0.0,True,True,True,0.0
21004,0.5,C4,0.00038577966710993104,0.35002045272314086,0.35124962192204934,-0.0012291691989084752,0.0,True,True,True,7.401486830834377e-17
21004,0.5,C5,2.393112921333055e-05,0.38362563620104534,0.38363268135329387,-7.0451522485304174e-06,0.0,True,True,True,0.0
21004,0.5,C6,3.240299806345418e-05,0.17291089009346286,0.17530075640922632,-0.0023898663157634614,0.0,True,True,True,3.700743415417188e-17
21004,0.5,C7,8.743270316489639e-05,0.35686635436220016,0.36042458988559917,-0.0035582355233990115,0.0,True,True,True,5.551115123125783e-17
21004,0.6,C1,2.012033156843525e-05,0.2450789761960606,0.24509089348340868,-1.1917287348089944e-05,0.0,True,True,True,5.551115123125783e-17
21004,0.6,C2,0.000546946768168719,0.3012488152489733,0.30448641988653324,-0.0032376046375599543,0.0,True,True,True,3.700743415417188e-17
21004,0.6,C3,4.533191740135976e-05,0.33049439762495936,0.33183911905919966,-0.0013447214342403035,0.0,True,True,True,0.0
21004,0.6,C4,0.0003529961381860747,0.35026289280240097,0.35124962192204934,-0.0009867291196483663,0.0,True,True,True,7.401486830834377e-17
21004,0.6,C5,1.915281090658272e-05,0.3836270451279991,0.38363268135329387,-5.636225294758379e-06,0.0,True,True,True,0.0
21004,0.6,C6,2.5931963799806145e-05,0.1729631073774926,0.17530075640922632,-0.002337649031733724,0.0,True,True,True,3.700743415417188e-17
21004,0.6,C7,8.549272389894239e-05,0.3566301840860487,0.36042458988559917,-0.003794405799550482,0.0,True,True,True,5.551115123125783e-17
21004,0.7,C1,1.5095571371868212e-05,0.24508195461281268,0.24509089348340868,-8.938870595998072e-06,0.0,True,True,True,5.551115123125783e-17
21004,0.7,C2,0.00045223272454765045,0.301047309639701,0.30448641988653324,-0.0034391102468322443,0.0,True,True,True,3.700743415417188e-17
21004,0.7,C3,4.20990239416119e-05,0.3305896587213661,0.33183911905919966,-0.0012494603378335745,0.0,True,True,True,0.0
21004,0.7,C4,0.00032021260926221837,0.35050533288166114,0.35124962192204934,-0.0007442890403882019,0.0,True,True,True,7.401486830834377e-17
21004,0.7,C5,1.4374492599834882e-05,0.38362845405495294,0.38363268135329387,-4.2272983409308296e-06,0.0,True,True,True,0.0
21004,0.7,C6,1.9460929536158105e-05,0.17301532466152234,0.17530075640922632,-0.0022854317477039865,0.0,True,True,True,3.700743415417188e-17
21004,0.7,C7,8.355274463298841e-05,0.35639401380989727,0.36042458988559917,-0.004030576075701897,0.0,True,True,True,5.551115123125783e-17
21004,0.8,C1,1.0070811175301175e-05,0.24508493302956474,0.24509089348340868,-5.960453843933955e-06,0.0,True,True,True,5.551115123125783e-17
21004,0.8,C2,0.00030392028409967977,0.3008458040304287,0.30448641988653324,-0.0036406158561045343,0.0,True,True,True,3.700743415417188e-17
21004,0.8,C3,3.886613048186404e-05,0.3306849198177727,0.33183911905919966,-0.0011541992414269564,0.0,True,True,True,0.0
21004,0.8,C4,0.00024839619226330555,0.35074777296092136,0.35124962192204934,-0.0005018489611279819,0.0,True,True,True,7.401486830834377e-17
21004,0.8,C5,9.596174293087044e-06,0.3836298629819067,0.38363268135329387,-2.818371387158791e-06,0.0,True,True,True,0.0
21004,0.8,C6,1.2989895272510058e-05,0.17306754194555207,0.17530075640922632,-0.002233214463674249,0.0,True,True,True,3.700743415417188e-17
21004,0.8,C7,8.161276536703442e-05,0.3561578435337458,0.36042458988559917,-0.004266746351853368,0.0,True,True,True,5.551115123125783e-17
21004,0.9,C1,5.046050978734146e-06,0.24508791144631684,0.24509089348340868,-2.9820370918420824e-06,0.0,True,True,True,5.551115123125783e-17
21004,0.9,C2,0.00015560784365170922,0.3006442984211564,0.30448641988653324,-0.0038421214653768243,0.0,True,True,True,3.700743415417188e-17
21004,0.9,C3,2.098422717477947e-05,0.3307801809141794,0.33183911905919966,-0.0010589381450202828,0.0,True,True,True,0.0
21004,0.9,C4,0.00012784423089946172,0.3509902130401815,0.35124962192204934,-0.0002594088818678175,0.0,True,True,True,7.401486830834377e-17
21004,0.9,C5,4.817855986339206e-06,0.3836312719088604,0.38363268135329387,-1.409444433442264e-06,0.0,True,True,True,0.0
21004,0.9,C6,6.518861008862017e-06,0.1731197592295818,0.17530075640922632,-0.0021809971796445116,0.0,True,True,True,3.700743415417188e-17
21004,0.9,C7,5.020165748819839e-05,0.3559216732575944,0.36042458988559917,-0.004502916628004783,0.0,True,True,True,5.551115123125783e-17
21004,1.0,C1,2.129078216711061e-08,0.2450908898630689,0.24509089348340868,-3.6203397779654978e-09,0.0,True,True,True,5.551115123125783e-17
21004,1.0,C2,7.295403203738691e-06,0.30044279281188413,0.30448641988653324,-0.004043627074649114,0.0,True,True,True,3.700743415417188e-17
21004,1.0,C3,2.292209026718153e-07,0.330875442010586,0.33183911905919966,-0.0009636770486136648,0.0,True,True,True,0.0
21004,1.0,C4,7.292269535617798e-06,0.3512326531194417,0.35124962192204934,-1.69688026076531e-05,0.0,True,True,True,7.401486830834377e-17
21004,1.0,C5,3.9537679591373304e-08,0.3836326808358142,0.38363268135329387,-5.174796702256401e-10,0.0,True,True,True,0.0
21004,1.0,C6,4.782674521397707e-08,0.17317197651361158,0.17530075640922632,-0.0021287798956147463,0.0,True,True,True,3.700743415417188e-17
21004,1.0,C7,6.822328161236698e-07,0.3556855029814429,0.36042458988559917,-0.004739086904156253,0.0,True,True,True,5.551115123125783e-17
21005,0.0,C1,5.571306363787342e-05,0.3129891090293029,0.3131268146113491,-0.0001377055820462325,0.0,True,True,True,3.700743415417188e-17
21005,0.0,C2,0.0013513090899853154,0.35999666818872295,0.3602629881534234,-0.0002663199647004455,0.0,True,True,True,7.401486830834377e-17
21005,0.0,C3,0.00029553519205615595,0.35733292039493403,0.3575339674678087,-0.0002010470728746605,0.0,True,True,True,0.0
21005,0.0,C4,0.0008589772158948364,0.2848428542508925,0.2850467629129199,-0.00020390866202740776,0.0,True,True,True,5.551115123125783e-17
21005,0.0,C5,0.00011387658982433748,0.38325535770363606,0.383413386414441,-0.00015802871080494718,0.0,True,True,True,0.0
21005,0.0,C6,0.00010709858327978451,0.1669323331301127,0.16710383318032862,-0.00017150005021593362,0.0,True,True,True,3.700743415417188e-17
21005,0.0,C7,0.00041887128527376866,0.32895631622340693,0.32911414018922547,-0.00015782396581853764,0.0,True,True,True,5.551115123125783e-17
21005,0.1,C1,5.01461408684371e-05,0.3130028735315498,0.3131268146113491,-0.00012394107979929458,0.0,True,True,True,3.700743415417188e-17
21005,0.1,C2,0.001271295518280437,0.35999134572690383,0.3602629881534234,-0.0002716424265195583,0.0,True,True,True,7.401486830834377e-17
21005,0.1,C3,0.0002661291416478982,0.3573530137970228,0.3575339674678087,-0.00018095367078591051,0.0,True,True,True,0.0
21005,0.1,C4,0.0009437757804561074,0.28483062848315427,0.2850467629129199,-0.00021613442976564645,0.0,True,True,True,5.551115123125783e-17
21005,0.1,C5,0.00011387658982433748,0.383271154061362,0.383413386414441,-0.00014223235307903037,0.0,True,True,True,0.0
21005,0.1,C6,0.00010495953069123363,0.16692205368781518,0.16710383318032862,-0.00018177949251343972,0.0,True,True,True,3.700743415417188e-17
21005,0.1,C7,0.00041052831116326666,0.32894054139514295,0.32911414018922547,-0.000173598794082519,0.0,True,True,True,5.551115123125783e-17
21005,0.2,C1,4.457921809900078e-05,0.3130166380337968,0.3131268146113491,-0.00011017657755230115,0.0,True,True,True,3.700743415417188e-17
21005,0.2,C2,0.001191281946575559,0.3599860232650847,0.3602629881534234,-0.00027696488833867106,0.0,True,True,True,7.401486830834377e-17
21005,0.2,C3,0.00023672309123964048,0.35737310719911153,0.3575339674678087,-0.00016086026869716052,0.0,True,True,True,0.0
21005,0.2,C4,0.0010285743450173784,0.2848184027154161,0.2850467629129199,-0.00022836019750382963,0.0,True,True,True,5.551115123125783e-17
21005,0.2,C5,0.00011387658982433748,0.38328695041908784,0.383413386414441,-0.00012643599535316907,0.0,True,True,True,0.0
21005,0.2,C6,0.00010282047810268274,0.16691177424551767,0.16710383318032862,-0.00019205893481094582,0.0,True,True,True,3.700743415417188e-17
21005,0.2,C7,0.0004021853370527647,0.3289247665668789,0.32911414018922547,-0.00018937362234655586,0.0,True,True,True,5.551115123125783e-17
21005,0.3,C1,3.901229532956446e-05,0.31303040253604375,0.3131268146113491,-9.641207530536322e-05,0.0,True,True,True,3.700743415417188e-17
21005,0.3,C2,0.0011112683748706808,0.3599807008032656,0.3602629881534234,-0.00028228735015778383,0.0,True,True,True,7.401486830834377e-17
21005,0.3,C3,0.00020731704083138276,0.3573932006012002,0.3575339674678087,-0.00014076686660846605,0.0,True,True,True,0.0
21005,0.3,C4,0.0011133729095786494,0.28480617694767785,0.2850467629129199,-0.00024058596524206832,0.0,True,True,True,5.551115123125783e-17
21005,0.3,C5,0.00011387658982433748,0.38330274677681375,0.383413386414441,-0.00011063963762725226,0.0,True,True,True,0.0
21005,0.3,C6,0.00010068142551413184,0.1669014948032202,0.16710383318032862,-0.00020233837710842417,0.0,True,True,True,3.700743415417188e-17
21005,0.3,C7,0.0003938423629422627,0.3289089917386149,0.32911414018922547,-0.00020514845061059273,0.0,True,True,True,5.551115123125783e-17
21005,0.4,C1,3.344537256012814e-05,0.31304416703829074,0.3131268146113491,-8.264757305836978e-05,0.0,True,True,True,3.700743415417188e-17
21005,0.4,C2,0.0010312548031658024,0.3599753783414465,0.3602629881534234,-0.0002876098119768966,0.0,True,True,True,7.401486830834377e-17
21005,0.4,C3,0.000177910990423125,0.357413294003289,0.3575339674678087,-0.00012067346451971606,0.0,True,True,True,0.0
21005,0.4,C4,0.0010530068125731108,0.28479395117993966,0.2850467629129199,-0.0002528117329802515,0.0,True,True,True,5.551115123125783e-17
21005,0.4,C5,0.00011387658982433748,0.38331854313453967,0.383413386414441,-9.484327990133545e-05,0.0,True,True,True,0.0
21005,0.4,C6,9.854237292558095e-05,0.16689121536092266,0.16710383318032862,-0.00021261781940595803,0.0,True,True,True,3.700743415417188e-17
21005,0.4,C7,0.0003687338397453721,0.3288932169103509,0.32911414018922547,-0.00022092327887457408,0.0,True,True,True,5.551115123125783e-17
21005,0.5,C1,2.787844979069182e-05,0.3130579315405377,0.3131268146113491,-6.888307081143186e-05,0.0,True,True,True,3.700743415417188e-17
21005,0.5,C2,0.0009512412314609242,0.3599700558796274,0.3602629881534234,-0.0002929322737960094,0.0,True,True,True,7.401486830834377e-17
21005,0.5,C3,0.00014850494001486728,0.3574333874053778,0.3575339674678087,-0.00010058006243091056,0.0,True,True,True,0.0
21005,0.5,C4,0.0008812169051410013,0.2847817254122015,0.2850467629129199,-0.0002650375007184347,0.0,True,True,True,5.551115123125783e-17
21005,0.5,C5,0.00011387658982433748,0.38333433949226553,0.383413386414441,-7.904692217547415e-05,0.0,True,True,True,0.0
21005,0.5,C6,8.702027898817676e-05,0.16688093591862516,0.16710383318032862,-0.00022289726170346413,0.0,True,True,True,3.700743415417188e-17
21005,0.5,C7,0.0003397805891881715,0.3288774420820869,0.32911414018922547,-0.00023669810713855544,0.0,True,True,True,5.551115123125783e-17
21005,0.6,C1,2.23115270212555e-05,0.3130716960427847,0.3131268146113491,-5.511856856443842e-05,0.0,True,True,True,3.700743415417188e-17
21005,0.6,C2,0.000871227659756046,0.35996473341780827,0.3602629881534234,-0.00029825473561512217,0.0,True,True,True,7.401486830834377e-17
21005,0.6,C3,0.00011909888960660955,0.35745348080746653,0.3575339674678087,-8.048666034216057e-05,0.0,True,True,True,0.0
21005,0.6,C4,0.0007094269977088917,0.28476949964446324,0.2850467629129199,-0.0002772632684566734,0.0,True,True,True,5.551115123125783e-17
21005,0.6,C5,0.00011387658982433748,0.38335013584999145,0.383413386414441,-6.325056444955734e-05,0.0,True,True,True,0.0
21005,0.6,C6,6.966359509509148e-05,0.16687065647632768,0.16710383318032862,-0.00023317670400094248,0.0,True,True,True,3.700743415417188e-17
21005,0.6,C7,0.00031082733863097077,0.3288616672538229,0.32911414018922547,-0.0002524729354025923,0.0,True,True,True,5.551115123125783e-17
21005,0.7,C1,1.6744604251819178e-05,0.31308546054503156,0.3131268146113491,-4.1354066317556004e-05,0.0,True,True,True,3.700743415417188e-17
21005,0.7,C2,0.0007912140880511679,0.35995941095598916,0.3602629881534234,-0.00030357719743423495,0.0,True,True,True,7.401486830834377e-17
21005,0.7,C3,8.969283919835181e-05,0.3574735742095553,0.3575339674678087,-6.0393258253410576e-05,0.0,True,True,True,0.0
21005,0.7,C4,0.0005376370902767821,0.28475727387672506,0.2850467629129199,-0.00028948903619485655,0.0,True,True,True,5.551115123125783e-17
21005,0.7,C5,0.00010359086671229818,0.38336593220771736,0.383413386414441,-4.7454206723640535e-05,0.0,True,True,True,0.0
21005,0.7,C6,5.23069112020062e-05,0.16686037703403017,0.16710383318032862,-0.00024345614629844858,0.0,True,True,True,3.700743415417188e-17
21005,0.7,C7,0.00028187408807377017,0.32884589242555884,0.32911414018922547,-0.00026824776366662917,0.0,True,True,True,5.551115123125783e-17
21005,0.8,C1,1.1177681482382857e-05,0.3130992250472786,0.3131268146113491,-2.7589564070507056e-05,0.0,True,True,True,3.700743415417188e-17
21005,0.8,C2,0.0007112005163462896,0.35995408849417004,0.3602629881534234,-0.0003088996592533477,0.0,True,True,True,7.401486830834377e-17
21005,0.8,C3,6.0286788790094045e-05,0.357493667611644,0.3575339674678087,-4.02998561647161e-05,0.0,True,True,True,0.0
21005,0.8,C4,0.00036584718284467233,0.2847450481089868,0.2850467629129199,-0.00030171480393309524,0.0,True,True,True,5.551115123125783e-17
21005,0.8,C5,6.917412028522969e-05,0.3833817285654432,0.383413386414441,-3.1657848997779237e-05,0.0,True,True,True,0.0
21005,0.8,C6,3.495022730892088e-05,0.16685009759173267,0.16710383318032862,-0.0002537355885959547,0.0,True,True,True,3.700743415417188e-17
21005,0.8,C7,0.00025292083751656945,0.32883011759729486,0.32911414018922547,-0.0002840225919306105,0.0,True,True,True,5.551115123125783e-17
21005,0.9,C1,5.610758712946535e-06,0.3131129895495255,0.3131268146113491,-1.382506182362464e-05,0.0,True,True,True,3.700743415417188e-17
21005,0.9,C2,0.0004918932074421611,0.35994876603235093,0.3602629881534234,-0.0003142221210724605,0.0,True,True,True,7.401486830834377e-17
21005,0.9,C3,3.0880738381836315e-05,0.3575137610137327,0.3575339674678087,-2.0206454075966107e-05,0.0,True,True,True,0.0
21005,0.9,C4,0.0001940572754125627,0.28473282234124864,0.2850467629129199,-0.0003139405716712784,0.0,True,True,True,5.551115123125783e-17
21005,0.9,C5,3.475737385816125e-05,0.38339752492316914,0.383413386414441,-1.5861491271862427e-05,0.0,True,True,True,0.0
21005,0.9,C6,1.7593543415835604e-05,0.16683981814943516,0.16710383318032862,-0.0002640150308934608,0.0,True,True,True,3.700743415417188e-17
21005,0.9,C7,0.00014035536741073028,0.3288143427690308,0.32911414018922547,-0.0002997974201946474,0.0,True,True,True,5.551115123125783e-17
21005,1.0,C1,4.38359435102181e-08,0.3131267540517724,0.3131268146113491,-6.055957668671397e-08,0.0,True,True,True,3.700743415417188e-17
21005,1.0,C2,5.778008040050379e-05,0.3599434435705318,0.3602629881534234,-0.0003195445828915733,0.0,True,True,True,7.401486830834377e-17
21005,1.0,C3,1.474687973578578e-06,0.3575338544158215,0.3575339674678087,-1.1305198721611731e-07,0.0,True,True,True,0.0
21005,1.0,C4,2.2267367980453138e-05,0.2847205965735104,0.2850467629129199,-0.0003261663394095171,0.0,True,True,True,5.551115123125783e-17
21005,1.0,C5,3.4062743109277594e-07,0.38341332128089506,0.383413386414441,-6.513354594561704e-08,0.0,True,True,True,0.0
21005,1.0,C6,2.368595227503263e-07,0.16682953870713768,0.16710383318032862,-0.00027429447319093914,0.0,True,True,True,3.700743415417188e-17
21005,1.0,C7,5.566010708328164e-06,0.32879856794076684,0.32911414018922547,-0.00031557224845862875,0.0,True,True,True,5.551115123125783e-17
