seed,kappa,dominant_alternative,dominated_alternative,contexts_dominated,context_count,dominance_share,structural_dominance
21001,0.0,A1,A2,0,1000,0.0,False
21001,0.0,A1,A3,0,1000,0.0,False
21001,0.0,A1,A4,0,1000,0.0,False
21001,0.0,A1,A5,0,1000,0.0,False
21001,0.0,A1,A6,0,1000,0.0,False
21001,0.0,A2,A1,0,1000,0.0,False
21001,0.0,A2,A3,0,1000,0.0,False
21001,0.0,A2,A4,0,1000,0.0,False
21001,0.0,A2,A5,0,1000,0.0,False
21001,0.0,A2,A6,0,1000,0.0,False
21001,0.0,A3,A1,0,1000,0.0,False
21001,0.0,A3,A2,0,1000,0.0,False
21001,0.0,A3,A4,0,1000,0.0,False
21001,0.0,A3,A5,0,1000,0.0,False
21001,0.0,A3,A6,0,1000,0.0,False
21001,0.0,A4,A1,0,1000,0.0,False
21001,0.0,A4,A2,0,1000,0.0,False
21001,0.0,A4,A3,0,1000,0.0,False
21001,0.0,A4,A5,0,1000,0.0,False
21001,0.0,A4,A6,0,1000,0.0,False
21001,0.0,A5,A1,0,1000,0.0,False
21001,0.0,A5,A2,0,1000,0.0,False
21001,0.0,A5,A3,0,1000,0.0,False
21001,0.0,A5,A4,0,1000,0.0,False
21001,0.0,A5,A6,0,1000,0.0,False
21001,0.0,A6,A1,0,1000,0.0,False
21001,0.0,A6,A2,0,1000,0.0,False
21001,0.0,A6,A3,0,1000,0.0,False
21001,0.0,A6,A4,0,1000,0.0,False
21001,0.0,A6,A5,0,1000,0.0,False
21001,0.1,A1,A2,0,1000,0.0,False
21001,0.1,A1,A3,0,1000,0.0,False
21001,0.1,A1,A4,0,1000,0.0,False
21001,0.1,A1,A5,0,1000,0.0,False
21001,0.1,A1,A6,0,1000,0.0,False
21001,0.1,A2,A1,0,1000,0.0,False
21001,0.1,A2,A3,0,1000,0.0,False
21001,0.1,A2,A4,0,1000,0.0,False
21001,0.1,A2,A5,0,1000,0.0,False
21001,0.1,A2,A6,0,1000,0.0,False
21001,0.1,A3,A1,0,1000,0.0,False
21001,0.1,A3,A2,0,1000,0.0,False
21001,0.1,A3,A4,0,1000,0.0,False
21001,0.1,A3,A5,0,1000,0.0,False
21001,0.1,A3,A6,0,1000,0.0,False
21001,0.1,A4,A1,0,1000,0.0,False
21001,0.1,A4,A2,0,1000,0.0,False
21001,0.1,A4,A3,0,1000,0.0,False
21001,0.1,A4,A5,0,1000,0.0,False
21001,0.1,A4,A6,0,1000,0.0,False
21001,0.1,A5,A1,0,1000,0.0,False
21001,0.1,A5,A2,0,1000,0.0,False
21001,0.1,A5,A3,0,1000,0.0,False
21001,0.1,A5,A4,0,1000,0.0,False
21001,0.1,A5,A6,0,1000,0.0,False
21001,0.1,A6,A1,0,1000,0.0,False
21001,0.1,A6,A2,0,1000,0.0,False
21001,0.1,A6,A3,0,1000,0.0,False
21001,0.1,A6,A4,0,1000,0.0,False
21001,0.1,A6,A5,0,1000,0.0,False
21001,0.2,A1,A2,0,1000,0.0,False
21001,0.2,A1,A3,0,1000,0.0,False
21001,0.2,A1,A4,0,1000,0.0,False
21001,0.2,A1,A5,0,1000,0.0,False
21001,0.2,A1,A6,0,1000,0.0,False
21001,0.2,A2,A1,0,1000,0.0,False
21001,0.2,A2,A3,0,1000,0.0,False
21001,0.2,A2,A4,0,1000,0.0,False
21001,0.2,A2,A5,0,1000,0.0,False
21001,0.2,A2,A6,0,1000,0.0,False
21001,0.2,A3,A1,0,1000,0.0,False
21001,0.2,A3,A2,0,1000,0.0,False
21001,0.2,A3,A4,0,1000,0.0,False
21001,0.2,A3,A5,0,1000,0.0,False
21001,0.2,A3,A6,0,1000,0.0,False
21001,0.2,A4,A1,0,1000,0.0,False
21001,0.2,A4,A2,0,1000,0.0,False
21001,0.2,A4,A3,0,1000,0.0,False
21001,0.2,A4,A5,0,1000,0.0,False
21001,0.2,A4,A6,0,1000,0.0,False
21001,0.2,A5,A1,0,1000,0.0,False
21001,0.2,A5,A2,0,1000,0.0,False
21001,0.2,A5,A3,0,1000,0.0,False
21001,0.2,A5,A4,0,1000,0.0,False
21001,0.2,A5,A6,0,1000,0.0,False
21001,0.2,A6,A1,0,1000,0.0,False
21001,0.2,A6,A2,0,1000,0.0,False
21001,0.2,A6,A3,0,1000,0.0,False
21001,0.2,A6,A4,0,1000,0.0,False
21001,0.2,A6,A5,0,1000,0.0,False
21001,0.3,A1,A2,0,1000,0.0,False
21001,0.3,A1,A3,0,1000,0.0,False
21001,0.3,A1,A4,0,1000,0.0,False
21001,0.3,A1,A5,0,1000,0.0,False
21001,0.3,A1,A6,0,1000,0.0,False
21001,0.3,A2,A1,0,1000,0.0,False
21001,0.3,A2,A3,0,1000,0.0,False
21001,0.3,A2,A4,0,1000,0.0,False
21001,0.3,A2,A5,0,1000,0.0,False
21001,0.3,A2,A6,0,1000,0.0,False
21001,0.3,A3,A1,0,1000,0.0,False
21001,0.3,A3,A2,0,1000,0.0,False
21001,0.3,A3,A4,0,1000,0.0,False
21001,0.3,A3,A5,0,1000,0.0,False
21001,0.3,A3,A6,0,1000,0.0,False
21001,0.3,A4,A1,0,1000,0.0,False
21001,0.3,A4,A2,0,1000,0.0,False
21001,0.3,A4,A3,0,1000,0.0,False
21001,0.3,A4,A5,0,1000,0.0,False
21001,0.3,A4,A6,0,1000,0.0,False
21001,0.3,A5,A1,0,1000,0.0,False
21001,0.3,A5,A2,0,1000,0.0,False
21001,0.3,A5,A3,0,1000,0.0,False
21001,0.3,A5,A4,0,1000,0.0,False
21001,0.3,A5,A6,0,1000,0.0,False
21001,0.3,A6,A1,0,1000,0.0,False
21001,0.3,A6,A2,0,1000,0.0,False
21001,0.3,A6,A3,0,1000,0.0,False
21001,0.3,A6,A4,0,1000,0.0,False
21001,0.3,A6,A5,223,1000,0.223,False
21001,0.4,A1,A2,0,1000,0.0,False
21001,0.4,A1,A3,0,1000,0.0,False
21001,0.4,A1,A4,0,1000,0.0,False
21001,0.4,A1,A5,0,1000,0.0,False
21001,0.4,A1,A6,0,1000,0.0,False
21001,0.4,A2,A1,0,1000,0.0,False
21001,0.4,A2,A3,0,1000,0.0,False
21001,0.4,A2,A4,0,1000,0.0,False
21001,0.4,A2,A5,0,1000,0.0,False
21001,0.4,A2,A6,0,1000,0.0,False
21001,0.4,A3,A1,0,1000,0.0,False
21001,0.4,A3,A2,0,1000,0.0,False
21001,0.4,A3,A4,0,1000,0.0,False
21001,0.4,A3,A5,0,1000,0.0,False
21001,0.4,A3,A6,0,1000,0.0,False
21001,0.4,A4,A1,0,1000,0.0,False
21001,0.4,A4,A2,0,1000,0.0,False
21001,0.4,A4,A3,0,1000,0.0,False
21001,0.4,A4,A5,0,1000,0.0,False
21001,0.4,A4,A6,0,1000,0.0,False
21001,0.4,A5,A1,0,1000,0.0,False
21001,0.4,A5,A2,0,1000,0.0,False
21001,0.4,A5,A3,0,1000,0.0,False
21001,0.4,A5,A4,0,1000,0.0,False
21001,0.4,A5,A6,0,1000,0.0,False
21001,0.4,A6,A1,0,1000,0.0,False
21001,0.4,A6,A2,0,1000,0.0,False
21001,0.4,A6,A3,0,1000,0.0,False
21001,0.4,A6,A4,0,1000,0.0,False
21001,0.4,A6,A5,335,1000,0.335,False
21001,0.5,A1,A2,0,1000,0.0,False
21001,0.5,A1,A3,0,1000,0.0,False
21001,0.5,A1,A4,0,1000,0.0,False
21001,0.5,A1,A5,0,1000,0.0,False
21001,0.5,A1,A6,0,1000,0.0,False
21001,0.5,A2,A1,0,1000,0.0,False
21001,0.5,A2,A3,0,1000,0.0,False
21001,0.5,A2,A4,0,1000,0.0,False
21001,0.5,A2,A5,0,1000,0.0,False
21001,0.5,A2,A6,0,1000,0.0,False
21001,0.5,A3,A1,0,1000,0.0,False
21001,0.5,A3,A2,0,1000,0.0,False
21001,0.5,A3,A4,0,1000,0.0,False
21001,0.5,A3,A5,0,1000,0.0,False
21001,0.5,A3,A6,0,1000,0.0,False
21001,0.5,A4,A1,0,1000,0.0,False
21001,0.5,A4,A2,0,1000,0.0,False
21001,0.5,A4,A3,0,1000,0.0,False
21001,0.5,A4,A5,0,1000,0.0,False
21001,0.5,A4,A6,0,1000,0.0,False
21001,0.5,A5,A1,0,1000,0.0,False
21001,0.5,A5,A2,0,1000,0.0,False
21001,0.5,A5,A3,0,1000,0.0,False
21001,0.5,A5,A4,0,1000,0.0,False
21001,0.5,A5,A6,0,1000,0.0,False
21001,0.5,A6,A1,0,1000,0.0,False
21001,0.5,A6,A2,0,1000,0.0,False
21001,0.5,A6,A3,0,1000,0.0,False
21001,0.5,A6,A4,0,1000,0.0,False
21001,0.5,A6,A5,310,1000,0.31,False
21001,0.6,A1,A2,0,1000,0.0,False
21001,0.6,A1,A3,0,1000,0.0,False
21001,0.6,A1,A4,0,1000,0.0,False
21001,0.6,A1,A5,0,1000,0.0,False
21001,0.6,A1,A6,0,1000,0.0,False
21001,0.6,A2,A1,0,1000,0.0,False
21001,0.6,A2,A3,0,1000,0.0,False
21001,0.6,A2,A4,0,1000,0.0,False
21001,0.6,A2,A5,0,1000,0.0,False
21001,0.6,A2,A6,0,1000,0.0,False
21001,0.6,A3,A1,0,1000,0.0,False
21001,0.6,A3,A2,0,1000,0.0,False
21001,0.6,A3,A4,0,1000,0.0,False
21001,0.6,A3,A5,0,1000,0.0,False
21001,0.6,A3,A6,0,1000,0.0,False
21001,0.6,A4,A1,0,1000,0.0,False
21001,0.6,A4,A2,0,1000,0.0,False
21001,0.6,A4,A3,0,1000,0.0,False
21001,0.6,A4,A5,0,1000,0.0,False
21001,0.6,A4,A6,0,1000,0.0,False
21001,0.6,A5,A1,0,1000,0.0,False
21001,0.6,A5,A2,0,1000,0.0,False
21001,0.6,A5,A3,0,1000,0.0,False
21001,0.6,A5,A4,0,1000,0.0,False
21001,0.6,A5,A6,0,1000,0.0,False
21001,0.6,A6,A1,0,1000,0.0,False
21001,0.6,A6,A2,0,1000,0.0,False
21001,0.6,A6,A3,0,1000,0.0,False
21001,0.6,A6,A4,0,1000,0.0,False
21001,0.6,A6,A5,268,1000,0.268,False
21001,0.7,A1,A2,0,1000,0.0,False
21001,0.7,A1,A3,0,1000,0.0,False
21001,0.7,A1,A4,0,1000,0.0,False
21001,0.7,A1,A5,0,1000,0.0,False
21001,0.7,A1,A6,0,1000,0.0,False
21001,0.7,A2,A1,0,1000,0.0,False
21001,0.7,A2,A3,0,1000,0.0,False
21001,0.7,A2,A4,0,1000,0.0,False
21001,0.7,A2,A5,0,1000,0.0,False
21001,0.7,A2,A6,0,1000,0.0,False
21001,0.7,A3,A1,0,1000,0.0,False
21001,0.7,A3,A2,0,1000,0.0,False
21001,0.7,A3,A4,0,1000,0.0,False
21001,0.7,A3,A5,0,1000,0.0,False
21001,0.7,A3,A6,0,1000,0.0,False
21001,0.7,A4,A1,0,1000,0.0,False
21001,0.7,A4,A2,0,1000,0.0,False
21001,0.7,A4,A3,0,1000,0.0,False
21001,0.7,A4,A5,0,1000,0.0,False
21001,0.7,A4,A6,0,1000,0.0,False
21001,0.7,A5,A1,0,1000,0.0,False
21001,0.7,A5,A2,0,1000,0.0,False
21001,0.7,A5,A3,0,1000,0.0,False
21001,0.7,A5,A4,0,1000,0.0,False
21001,0.7,A5,A6,0,1000,0.0,False
21001,0.7,A6,A1,0,1000,0.0,False
21001,0.7,A6,A2,0,1000,0.0,False
21001,0.7,A6,A3,0,1000,0.0,False
21001,0.7,A6,A4,0,1000,0.0,False
21001,0.7,A6,A5,213,1000,0.213,False
21001,0.8,A1,A2,0,1000,0.0,False
21001,0.8,A1,A3,0,1000,0.0,False
21001,0.8,A1,A4,0,1000,0.0,False
21001,0.8,A1,A5,0,1000,0.0,False
21001,0.8,A1,A6,0,1000,0.0,False
21001,0.8,A2,A1,0,1000,0.0,False
21001,0.8,A2,A3,0,1000,0.0,False
21001,0.8,A2,A4,0,1000,0.0,False
21001,0.8,A2,A5,0,1000,0.0,False
21001,0.8,A2,A6,0,1000,0.0,False
21001,0.8,A3,A1,0,1000,0.0,False
21001,0.8,A3,A2,0,1000,0.0,False
21001,0.8,A3,A4,0,1000,0.0,False
21001,0.8,A3,A5,0,1000,0.0,False
21001,0.8,A3,A6,0,1000,0.0,False
21001,0.8,A4,A1,0,1000,0.0,False
21001,0.8,A4,A2,0,1000,0.0,False
21001,0.8,A4,A3,0,1000,0.0,False
21001,0.8,A4,A5,0,1000,0.0,False
21001,0.8,A4,A6,0,1000,0.0,False
21001,0.8,A5,A1,0,1000,0.0,False
21001,0.8,A5,A2,0,1000,0.0,False
21001,0.8,A5,A3,0,1000,0.0,False
21001,0.8,A5,A4,0,1000,0.0,False
21001,0.8,A5,A6,0,1000,0.0,False
21001,0.8,A6,A1,0,1000,0.0,False
21001,0.8,A6,A2,0,1000,0.0,False
21001,0.8,A6,A3,0,1000,0.0,False
21001,0.8,A6,A4,0,1000,0.0,False
21001,0.8,A6,A5,178,1000,0.178,False
21001,0.9,A1,A2,0,1000,0.0,False
21001,0.9,A1,A3,0,1000,0.0,False
21001,0.9,A1,A4,0,1000,0.0,False
21001,0.9,A1,A5,0,1000,0.0,False
21001,0.9,A1,A6,0,1000,0.0,False
21001,0.9,A2,A1,0,1000,0.0,False
21001,0.9,A2,A3,0,1000,0.0,False
21001,0.9,A2,A4,0,1000,0.0,False
21001,0.9,A2,A5,0,1000,0.0,False
21001,0.9,A2,A6,0,1000,0.0,False
21001,0.9,A3,A1,0,1000,0.0,False
21001,0.9,A3,A2,0,1000,0.0,False
21001,0.9,A3,A4,0,1000,0.0,False
21001,0.9,A3,A5,0,1000,0.0,False
21001,0.9,A3,A6,0,1000,0.0,False
21001,0.9,A4,A1,0,1000,0.0,False
21001,0.9,A4,A2,0,1000,0.0,False
21001,0.9,A4,A3,0,1000,0.0,False
21001,0.9,A4,A5,0,1000,0.0,False
21001,0.9,A4,A6,0,1000,0.0,False
21001,0.9,A5,A1,0,1000,0.0,False
21001,0.9,A5,A2,0,1000,0.0,False
21001,0.9,A5,A3,0,1000,0.0,False
21001,0.9,A5,A4,0,1000,0.0,False
21001,0.9,A5,A6,0,1000,0.0,False
21001,0.9,A6,A1,0,1000,0.0,False
21001,0.9,A6,A2,0,1000,0.0,False
21001,0.9,A6,A3,0,1000,0.0,False
21001,0.9,A6,A4,0,1000,0.0,False
21001,0.9,A6,A5,161,1000,0.161,False
21001,1.0,A1,A2,0,1000,0.0,False
21001,1.0,A1,A3,0,1000,0.0,False
21001,1.0,A1,A4,0,1000,0.0,False
21001,1.0,A1,A5,0,1000,0.0,False
21001,1.0,A1,A6,0,1000,0.0,False
21001,1.0,A2,A1,0,1000,0.0,False
21001,1.0,A2,A3,0,1000,0.0,False
21001,1.0,A2,A4,0,1000,0.0,False
21001,1.0,A2,A5,0,1000,0.0,False
21001,1.0,A2,A6,0,1000,0.0,False
21001,1.0,A3,A1,0,1000,0.0,False
21001,1.0,A3,A2,0,1000,0.0,False
21001,1.0,A3,A4,0,1000,0.0,False
21001,1.0,A3,A5,0,1000,0.0,False
21001,1.0,A3,A6,0,1000,0.0,False
21001,1.0,A4,A1,0,1000,0.0,False
21001,1.0,A4,A2,0,1000,0.0,False
21001,1.0,A4,A3,0,1000,0.0,False
21001,1.0,A4,A5,0,1000,0.0,False
21001,1.0,A4,A6,0,1000,0.0,False
21001,1.0,A5,A1,0,1000,0.0,False
21001,1.0,A5,A2,0,1000,0.0,False
21001,1.0,A5,A3,0,1000,0.0,False
21001,1.0,A5,A4,0,1000,0.0,False
21001,1.0,A5,A6,0,1000,0.0,False
21001,1.0,A6,A1,0,1000,0.0,False
21001,1.0,A6,A2,0,1000,0.0,False
21001,1.0,A6,A3,0,1000,0.0,False
21001,1.0,A6,A4,0,1000,0.0,False
21001,1.0,A6,A5,145,1000,0.145,False
21002,0.0,A1,A2,0,1000,0.0,False
21002,0.0,A1,A3,0,1000,0.0,False
21002,0.0,A1,A4,0,1000,0.0,False
21002,0.0,A1,A5,0,1000,0.0,False
21002,0.0,A1,A6,0,1000,0.0,False
21002,0.0,A2,A1,0,1000,0.0,False
21002,0.0,A2,A3,0,1000,0.0,False
21002,0.0,A2,A4,0,1000,0.0,False
21002,0.0,A2,A5,0,1000,0.0,False
21002,0.0,A2,A6,0,1000,0.0,False
21002,0.0,A3,A1,0,1000,0.0,False
21002,0.0,A3,A2,0,1000,0.0,False
21002,0.0,A3,A4,0,1000,0.0,False
21002,0.0,A3,A5,0,1000,0.0,False
21002,0.0,A3,A6,0,1000,0.0,False
21002,0.0,A4,A1,0,1000,0.0,False
21002,0.0,A4,A2,0,1000,0.0,False
21002,0.0,A4,A3,0,1000,0.0,False
21002,0.0,A4,A5,0,1000,0.0,False
21002,0.0,A4,A6,0,1000,0.0,False
21002,0.0,A5,A1,0,1000,0.0,False
21002,0.0,A5,A2,0,1000,0.0,False
21002,0.0,A5,A3,0,1000,0.0,False
21002,0.0,A5,A4,0,1000,0.0,False
21002,0.0,A5,A6,0,1000,0.0,False
21002,0.0,A6,A1,0,1000,0.0,False
21002,0.0,A6,A2,0,1000,0.0,False
21002,0.0,A6,A3,0,1000,0.0,False
21002,0.0,A6,A4,0,1000,0.0,False
21002,0.0,A6,A5,0,1000,0.0,False
21002,0.1,A1,A2,0,1000,0.0,False
21002,0.1,A1,A3,0,1000,0.0,False
21002,0.1,A1,A4,0,1000,0.0,False
21002,0.1,A1,A5,0,1000,0.0,False
21002,0.1,A1,A6,0,1000,0.0,False
21002,0.1,A2,A1,0,1000,0.0,False
21002,0.1,A2,A3,0,1000,0.0,False
21002,0.1,A2,A4,0,1000,0.0,False
21002,0.1,A2,A5,0,1000,0.0,False
21002,0.1,A2,A6,0,1000,0.0,False
21002,0.1,A3,A1,0,1000,0.0,False
21002,0.1,A3,A2,0,1000,0.0,False
21002,0.1,A3,A4,0,1000,0.0,False
21002,0.1,A3,A5,0,1000,0.0,False
21002,0.1,A3,A6,0,1000,0.0,False
21002,0.1,A4,A1,0,1000,0.0,False
21002,0.1,A4,A2,0,1000,0.0,False
21002,0.1,A4,A3,0,1000,0.0,False
21002,0.1,A4,A5,0,1000,0.0,False
21002,0.1,A4,A6,0,1000,0.0,False
21002,0.1,A5,A1,0,1000,0.0,False
21002,0.1,A5,A2,0,1000,0.0,False
21002,0.1,A5,A3,0,1000,0.0,False
21002,0.1,A5,A4,0,1000,0.0,False
21002,0.1,A5,A6,0,1000,0.0,False
21002,0.1,A6,A1,0,1000,0.0,False
21002,0.1,A6,A2,0,1000,0.0,False
21002,0.1,A6,A3,0,1000,0.0,False
21002,0.1,A6,A4,0,1000,0.0,False
21002,0.1,A6,A5,0,1000,0.0,False
21002,0.2,A1,A2,0,1000,0.0,False
21002,0.2,A1,A3,0,1000,0.0,False
21002,0.2,A1,A4,0,1000,0.0,False
21002,0.2,A1,A5,0,1000,0.0,False
21002,0.2,A1,A6,0,1000,0.0,False
21002,0.2,A2,A1,0,1000,0.0,False
21002,0.2,A2,A3,0,1000,0.0,False
21002,0.2,A2,A4,0,1000,0.0,False
21002,0.2,A2,A5,0,1000,0.0,False
21002,0.2,A2,A6,0,1000,0.0,False
21002,0.2,A3,A1,0,1000,0.0,False
21002,0.2,A3,A2,0,1000,0.0,False
21002,0.2,A3,A4,0,1000,0.0,False
21002,0.2,A3,A5,0,1000,0.0,False
21002,0.2,A3,A6,0,1000,0.0,False
21002,0.2,A4,A1,0,1000,0.0,False
21002,0.2,A4,A2,0,1000,0.0,False
21002,0.2,A4,A3,0,1000,0.0,False
21002,0.2,A4,A5,0,1000,0.0,False
21002,0.2,A4,A6,0,1000,0.0,False
21002,0.2,A5,A1,0,1000,0.0,False
21002,0.2,A5,A2,0,1000,0.0,False
21002,0.2,A5,A3,0,1000,0.0,False
21002,0.2,A5,A4,0,1000,0.0,False
21002,0.2,A5,A6,0,1000,0.0,False
21002,0.2,A6,A1,0,1000,0.0,False
21002,0.2,A6,A2,0,1000,0.0,False
21002,0.2,A6,A3,0,1000,0.0,False
21002,0.2,A6,A4,0,1000,0.0,False
21002,0.2,A6,A5,0,1000,0.0,False
21002,0.3,A1,A2,0,1000,0.0,False
21002,0.3,A1,A3,0,1000,0.0,False
21002,0.3,A1,A4,0,1000,0.0,False
21002,0.3,A1,A5,0,1000,0.0,False
21002,0.3,A1,A6,0,1000,0.0,False
21002,0.3,A2,A1,0,1000,0.0,False
21002,0.3,A2,A3,0,1000,0.0,False
21002,0.3,A2,A4,0,1000,0.0,False
21002,0.3,A2,A5,0,1000,0.0,False
21002,0.3,A2,A6,0,1000,0.0,False
21002,0.3,A3,A1,0,1000,0.0,False
21002,0.3,A3,A2,0,1000,0.0,False
21002,0.3,A3,A4,0,1000,0.0,False
21002,0.3,A3,A5,0,1000,0.0,False
21002,0.3,A3,A6,0,1000,0.0,False
21002,0.3,A4,A1,0,1000,0.0,False
21002,0.3,A4,A2,0,1000,0.0,False
21002,0.3,A4,A3,0,1000,0.0,False
21002,0.3,A4,A5,0,1000,0.0,False
21002,0.3,A4,A6,0,1000,0.0,False
21002,0.3,A5,A1,0,1000,0.0,False
21002,0.3,A5,A2,0,1000,0.0,False
21002,0.3,A5,A3,0,1000,0.0,False
21002,0.3,A5,A4,0,1000,0.0,False
21002,0.3,A5,A6,0,1000,0.0,False
21002,0.3,A6,A1,0,1000,0.0,False
21002,0.3,A6,A2,0,1000,0.0,False
21002,0.3,A6,A3,0,1000,0.0,False
21002,0.3,A6,A4,0,1000,0.0,False
21002,0.3,A6,A5,0,1000,0.0,False
21002,0.4,A1,A2,0,1000,0.0,False
21002,0.4,A1,A3,0,1000,0.0,False
21002,0.4,A1,A4,0,1000,0.0,False
21002,0.4,A1,A5,0,1000,0.0,False
21002,0.4,A1,A6,0,1000,0.0,False
21002,0.4,A2,A1,0,1000,0.0,False
21002,0.4,A2,A3,0,1000,0.0,False
21002,0.4,A2,A4,0,1000,0.0,False
21002,0.4,A2,A5,0,1000,0.0,False
21002,0.4,A2,A6,0,1000,0.0,False
21002,0.4,A3,A1,0,1000,0.0,False
21002,0.4,A3,A2,0,1000,0.0,False
21002,0.4,A3,A4,0,1000,0.0,False
21002,0.4,A3,A5,0,1000,0.0,False
21002,0.4,A3,A6,0,1000,0.0,False
21002,0.4,A4,A1,0,1000,0.0,False
21002,0.4,A4,A2,0,1000,0.0,False
21002,0.4,A4,A3,0,1000,0.0,False
21002,0.4,A4,A5,0,1000,0.0,False
21002,0.4,A4,A6,0,1000,0.0,False
21002,0.4,A5,A1,0,1000,0.0,False
21002,0.4,A5,A2,0,1000,0.0,False
21002,0.4,A5,A3,0,1000,0.0,False
21002,0.4,A5,A4,0,1000,0.0,False
21002,0.4,A5,A6,0,1000,0.0,False
21002,0.4,A6,A1,0,1000,0.0,False
21002,0.4,A6,A2,0,1000,0.0,False
21002,0.4,A6,A3,0,1000,0.0,False
21002,0.4,A6,A4,0,1000,0.0,False
21002,0.4,A6,A5,0,1000,0.0,False
21002,0.5,A1,A2,0,1000,0.0,False
21002,0.5,A1,A3,0,1000,0.0,False
21002,0.5,A1,A4,0,1000,0.0,False
21002,0.5,A1,A5,0,1000,0.0,False
21002,0.5,A1,A6,0,1000,0.0,False
21002,0.5,A2,A1,0,1000,0.0,False
21002,0.5,A2,A3,0,1000,0.0,False
21002,0.5,A2,A4,0,1000,0.0,False
21002,0.5,A2,A5,0,1000,0.0,False
21002,0.5,A2,A6,0,1000,0.0,False
21002,0.5,A3,A1,0,1000,0.0,False
21002,0.5,A3,A2,0,1000,0.0,False
21002,0.5,A3,A4,0,1000,0.0,False
21002,0.5,A3,A5,0,1000,0.0,False
21002,0.5,A3,A6,0,1000,0.0,False
21002,0.5,A4,A1,0,1000,0.0,False
21002,0.5,A4,A2,0,1000,0.0,False
21002,0.5,A4,A3,0,1000,0.0,False
21002,0.5,A4,A5,0,1000,0.0,False
21002,0.5,A4,A6,0,1000,0.0,False
21002,0.5,A5,A1,0,1000,0.0,False
21002,0.5,A5,A2,0,1000,0.0,False
21002,0.5,A5,A3,0,1000,0.0,False
21002,0.5,A5,A4,0,1000,0.0,False
21002,0.5,A5,A6,0,1000,0.0,False
21002,0.5,A6,A1,0,1000,0.0,False
21002,0.5,A6,A2,0,1000,0.0,False
21002,0.5,A6,A3,0,1000,0.0,False
21002,0.5,A6,A4,0,1000,0.0,False
21002,0.5,A6,A5,0,1000,0.0,False
21002,0.6,A1,A2,0,1000,0.0,False
21002,0.6,A1,A3,0,1000,0.0,False
21002,0.6,A1,A4,0,1000,0.0,False
21002,0.6,A1,A5,0,1000,0.0,False
21002,0.6,A1,A6,0,1000,0.0,False
21002,0.6,A2,A1,0,1000,0.0,False
21002,0.6,A2,A3,0,1000,0.0,False
21002,0.6,A2,A4,0,1000,0.0,False
21002,0.6,A2,A5,0,1000,0.0,False
21002,0.6,A2,A6,0,1000,0.0,False
21002,0.6,A3,A1,0,1000,0.0,False
21002,0.6,A3,A2,0,1000,0.0,False
21002,0.6,A3,A4,0,1000,0.0,False
21002,0.6,A3,A5,0,1000,0.0,False
21002,0.6,A3,A6,0,1000,0.0,False
21002,0.6,A4,A1,0,1000,0.0,False
21002,0.6,A4,A2,0,1000,0.0,False
21002,0.6,A4,A3,0,1000,0.0,False
21002,0.6,A4,A5,0,1000,0.0,False
21002,0.6,A4,A6,0,1000,0.0,False
21002,0.6,A5,A1,0,1000,0.0,False
21002,0.6,A5,A2,0,1000,0.0,False
21002,0.6,A5,A3,0,1000,0.0,False
21002,0.6,A5,A4,0,1000,0.0,False
21002,0.6,A5,A6,0,1000,0.0,False
21002,0.6,A6,A1,0,1000,0.0,False
21002,0.6,A6,A2,0,1000,0.0,False
21002,0.6,A6,A3,0,1000,0.0,False
21002,0.6,A6,A4,0,1000,0.0,False
21002,0.6,A6,A5,0,1000,0.0,False
21002,0.7,A1,A2,0,1000,0.0,False
21002,0.7,A1,A3,0,1000,0.0,False
21002,0.7,A1,A4,0,1000,0.0,False
21002,0.7,A1,A5,0,1000,0.0,False
21002,0.7,A1,A6,0,1000,0.0,False
21002,0.7,A2,A1,0,1000,0.0,False
21002,0.7,A2,A3,0,1000,0.0,False
21002,0.7,A2,A4,0,1000,0.0,False
21002,0.7,A2,A5,0,1000,0.0,False
21002,0.7,A2,A6,0,1000,0.0,False
21002,0.7,A3,A1,0,1000,0.0,False
21002,0.7,A3,A2,0,1000,0.0,False
21002,0.7,A3,A4,0,1000,0.0,False
21002,0.7,A3,A5,0,1000,0.0,False
21002,0.7,A3,A6,0,1000,0.0,False
21002,0.7,A4,A1,0,1000,0.0,False
21002,0.7,A4,A2,0,1000,0.0,False
21002,0.7,A4,A3,0,1000,0.0,False
21002,0.7,A4,A5,0,1000,0.0,False
21002,0.7,A4,A6,0,1000,0.0,False
21002,0.7,A5,A1,0,1000,0.0,False
21002,0.7,A5,A2,0,1000,0.0,False
21002,0.7,A5,A3,0,1000,0.0,False
21002,0.7,A5,A4,0,1000,0.0,False
21002,0.7,A5,A6,0,1000,0.0,False
21002,0.7,A6,A1,0,1000,0.0,False
21002,0.7,A6,A2,0,1000,0.0,False
21002,0.7,A6,A3,0,1000,0.0,False
21002,0.7,A6,A4,0,1000,0.0,False
21002,0.7,A6,A5,0,1000,0.0,False
21002,0.8,A1,A2,0,1000,0.0,False
21002,0.8,A1,A3,0,1000,0.0,False
21002,0.8,A1,A4,0,1000,0.0,False
21002,0.8,A1,A5,0,1000,0.0,False
21002,0.8,A1,A6,0,1000,0.0,False
21002,0.8,A2,A1,0,1000,0.0,False
21002,0.8,A2,A3,0,1000,0.0,False
21002,0.8,A2,A4,0,1000,0.0,False
21002,0.8,A2,A5,0,1000,0.0,False
21002,0.8,A2,A6,0,1000,0.0,False
21002,0.8,A3,A1,0,1000,0.0,False
21002,0.8,A3,A2,0,1000,0.0,False
21002,0.8,A3,A4,0,1000,0.0,False
21002,0.8,A3,A5,0,1000,0.0,False
21002,0.8,A3,A6,0,1000,0.0,False
21002,0.8,A4,A1,0,1000,0.0,False
21002,0.8,A4,A2,0,1000,0.0,False
21002,0.8,A4,A3,0,1000,0.0,False
21002,0.8,A4,A5,0,1000,0.0,False
21002,0.8,A4,A6,0,1000,0.0,False
21002,0.8,A5,A1,0,1000,0.0,False
21002,0.8,A5,A2,0,1000,0.0,False
21002,0.8,A5,A3,0,1000,0.0,False
21002,0.8,A5,A4,0,1000,0.0,False
21002,0.8,A5,A6,0,1000,0.0,False
21002,0.8,A6,A1,0,1000,0.0,False
21002,0.8,A6,A2,0,1000,0.0,False
21002,0.8,A6,A3,0,1000,0.0,False
21002,0.8,A6,A4,0,1000,0.0,False
21002,0.8,A6,A5,0,1000,0.0,False
21002,0.9,A1,A2,0,1000,0.0,False
21002,0.9,A1,A3,0,1000,0.0,False
21002,0.9,A1,A4,0,1000,0.0,False
21002,0.9,A1,A5,0,1000,0.0,False
21002,0.9,A1,A6,0,1000,0.0,False
21002,0.9,A2,A1,0,1000,0.0,False
21002,0.9,A2,A3,0,1000,0.0,False
21002,0.9,A2,A4,0,1000,0.0,False
21002,0.9,A2,A5,0,1000,0.0,False
21002,0.9,A2,A6,0,1000,0.0,False
21002,0.9,A3,A1,0,1000,0.0,False
21002,0.9,A3,A2,0,1000,0.0,False
21002,0.9,A3,A4,0,1000,0.0,False
21002,0.9,A3,A5,0,1000,0.0,False
21002,0.9,A3,A6,0,1000,0.0,False
21002,0.9,A4,A1,0,1000,0.0,False
21002,0.9,A4,A2,0,1000,0.0,False
21002,0.9,A4,A3,0,1000,0.0,False
21002,0.9,A4,A5,0,1000,0.0,False
21002,0.9,A4,A6,0,1000,0.0,False
21002,0.9,A5,A1,0,1000,0.0,False
21002,0.9,A5,A2,0,1000,0.0,False
21002,0.9,A5,A3,0,1000,0.0,False
21002,0.9,A5,A4,0,1000,0.0,False
21002,0.9,A5,A6,0,1000,0.0,False
21002,0.9,A6,A1,0,1000,0.0,False
21002,0.9,A6,A2,0,1000,0.0,False
21002,0.9,A6,A3,0,1000,0.0,False
21002,0.9,A6,A4,0,1000,0.0,False
21002,0.9,A6,A5,0,1000,0.0,False
21002,1.0,A1,A2,0,1000,0.0,False
21002,1.0,A1,A3,0,1000,0.0,False
21002,1.0,A1,A4,0,1000,0.0,False
21002,1.0,A1,A5,0,1000,0.0,False
21002,1.0,A1,A6,0,1000,0.0,False
21002,1.0,A2,A1,0,1000,0.0,False
21002,1.0,A2,A3,0,1000,0.0,False
21002,1.0,A2,A4,0,1000,0.0,False
21002,1.0,A2,A5,0,1000,0.0,False
21002,1.0,A2,A6,0,1000,0.0,False
21002,1.0,A3,A1,0,1000,0.0,False
21002,1.0,A3,A2,0,1000,0.0,False
21002,1.0,A3,A4,0,1000,0.0,False
21002,1.0,A3,A5,0,1000,0.0,False
21002,1.0,A3,A6,0,1000,0.0,False
21002,1.0,A4,A1,0,1000,0.0,False
21002,1.0,A4,A2,0,1000,0.0,False
21002,1.0,A4,A3,0,1000,0.0,False
21002,1.0,A4,A5,0,1000,0.0,False
21002,1.0,A4,A6,0,1000,0.0,False
21002,1.0,A5,A1,0,1000,0.0,False
21002,1.0,A5,A2,0,1000,0.0,False
21002,1.0,A5,A3,0,1000,0.0,False
21002,1.0,A5,A4,0,1000,0.0,False
21002,1.0,A5,A6,0,1000,0.0,False
21002,1.0,A6,A1,0,1000,0.0,False
21002,1.0,A6,A2,0,1000,0.0,False
21002,1.0,A6,A3,0,1000,0.0,False
21002,1.0,A6,A4,0,1000,0.0,False
21002,1.0,A6,A5,0,1000,0.0,False
21003,0.0,A1,A2,0,1000,0.0,False
21003,0.0,A1,A3,0,1000,0.0,False
21003,0.0,A1,A4,0,1000,0.0,False
21003,0.0,A1,A5,0,1000,0.0,False
21003,0.0,A1,A6,0,1000,0.0,False
21003,0.0,A2,A1,0,1000,0.0,False
21003,0.0,A2,A3,0,1000,0.0,False
21003,0.0,A2,A4,0,1000,0.0,False
21003,0.0,A2,A5,0,1000,0.0,False
21003,0.0,A2,A6,0,1000,0.0,False
21003,0.0,A3,A1,0,1000,0.0,False
21003,0.0,A3,A2,0,1000,0.0,False
21003,0.0,A3,A4,0,1000,0.0,False
21003,0.0,A3,A5,0,1000,0.0,False
21003,0.0,A3,A6,0,1000,0.0,False
21003,0.0,A4,A1,0,1000,0.0,False
21003,0.0,A4,A2,0,1000,0.0,False
21003,0.0,A4,A3,0,1000,0.0,False
21003,0.0,A4,A5,0,1000,0.0,False
21003,0.0,A4,A6,0,1000,0.0,False
21003,0.0,A5,A1,0,1000,0.0,False
21003,0.0,A5,A2,0,1000,0.0,False
21003,0.0,A5,A3,0,1000,0.0,False
21003,0.0,A5,A4,0,1000,0.0,False
21003,0.0,A5,A6,0,1000,0.0,False
21003,0.0,A6,A1,0,1000,0.0,False
21003,0.0,A6,A2,0,1000,0.0,False
21003,0.0,A6,A3,0,1000,0.0,False
21003,0.0,A6,A4,0,1000,0.0,False
21003,0.0,A6,A5,0,1000,0.0,False
21003,0.1,A1,A2,0,1000,0.0,False
21003,0.1,A1,A3,0,1000,0.0,False
21003,0.1,A1,A4,0,1000,0.0,False
21003,0.1,A1,A5,0,1000,0.0,False
21003,0.1,A1,A6,0,1000,0.0,False
21003,0.1,A2,A1,0,1000,0.0,False
21003,0.1,A2,A3,0,1000,0.0,False
21003,0.1,A2,A4,0,1000,0.0,False
21003,0.1,A2,A5,0,1000,0.0,False
21003,0.1,A2,A6,0,1000,0.0,False
21003,0.1,A3,A1,0,1000,0.0,False
21003,0.1,A3,A2,0,1000,0.0,False
21003,0.1,A3,A4,0,1000,0.0,False
21003,0.1,A3,A5,0,1000,0.0,False
21003,0.1,A3,A6,0,1000,0.0,False
21003,0.1,A4,A1,0,1000,0.0,False
21003,0.1,A4,A2,0,1000,0.0,False
21003,0.1,A4,A3,0,1000,0.0,False
21003,0.1,A4,A5,0,1000,0.0,False
21003,0.1,A4,A6,0,1000,0.0,False
21003,0.1,A5,A1,0,1000,0.0,False
21003,0.1,A5,A2,0,1000,0.0,False
21003,0.1,A5,A3,0,1000,0.0,False
21003,0.1,A5,A4,0,1000,0.0,False
21003,0.1,A5,A6,0,1000,0.0,False
21003,0.1,A6,A1,0,1000,0.0,False
21003,0.1,A6,A2,0,1000,0.0,False
21003,0.1,A6,A3,0,1000,0.0,False
21003,0.1,A6,A4,0,1000,0.0,False
21003,0.1,A6,A5,0,1000,0.0,False
21003,0.2,A1,A2,0,1000,0.0,False
21003,0.2,A1,A3,0,1000,0.0,False
21003,0.2,A1,A4,0,1000,0.0,False
21003,0.2,A1,A5,0,1000,0.0,False
21003,0.2,A1,A6,0,1000,0.0,False
21003,0.2,A2,A1,0,1000,0.0,False
21003,0.2,A2,A3,0,1000,0.0,False
21003,0.2,A2,A4,0,1000,0.0,False
21003,0.2,A2,A5,0,1000,0.0,False
21003,0.2,A2,A6,0,1000,0.0,False
21003,0.2,A3,A1,0,1000,0.0,False
21003,0.2,A3,A2,0,1000,0.0,False
21003,0.2,A3,A4,0,1000,0.0,False
21003,0.2,A3,A5,0,1000,0.0,False
21003,0.2,A3,A6,0,1000,0.0,False
21003,0.2,A4,A1,0,1000,0.0,False
21003,0.2,A4,A2,0,1000,0.0,False
21003,0.2,A4,A3,0,1000,0.0,False
21003,0.2,A4,A5,0,1000,0.0,False
21003,0.2,A4,A6,0,1000,0.0,False
21003,0.2,A5,A1,0,1000,0.0,False
21003,0.2,A5,A2,0,1000,0.0,False
21003,0.2,A5,A3,0,1000,0.0,False
21003,0.2,A5,A4,0,1000,0.0,False
21003,0.2,A5,A6,0,1000,0.0,False
21003,0.2,A6,A1,0,1000,0.0,False
21003,0.2,A6,A2,0,1000,0.0,False
21003,0.2,A6,A3,0,1000,0.0,False
21003,0.2,A6,A4,0,1000,0.0,False
21003,0.2,A6,A5,0,1000,0.0,False
21003,0.3,A1,A2,0,1000,0.0,False
21003,0.3,A1,A3,0,1000,0.0,False
21003,0.3,A1,A4,0,1000,0.0,False
21003,0.3,A1,A5,0,1000,0.0,False
21003,0.3,A1,A6,0,1000,0.0,False
21003,0.3,A2,A1,0,1000,0.0,False
21003,0.3,A2,A3,0,1000,0.0,False
21003,0.3,A2,A4,0,1000,0.0,False
21003,0.3,A2,A5,0,1000,0.0,False
21003,0.3,A2,A6,0,1000,0.0,False
21003,0.3,A3,A1,0,1000,0.0,False
21003,0.3,A3,A2,0,1000,0.0,False
21003,0.3,A3,A4,0,1000,0.0,False
21003,0.3,A3,A5,0,1000,0.0,False
21003,0.3,A3,A6,0,1000,0.0,False
21003,0.3,A4,A1,0,1000,0.0,False
21003,0.3,A4,A2,0,1000,0.0,False
21003,0.3,A4,A3,0,1000,0.0,False
21003,0.3,A4,A5,0,1000,0.0,False
21003,0.3,A4,A6,0,1000,0.0,False
21003,0.3,A5,A1,0,1000,0.0,False
21003,0.3,A5,A2,0,1000,0.0,False
21003,0.3,A5,A3,0,1000,0.0,False
21003,0.3,A5,A4,0,1000,0.0,False
21003,0.3,A5,A6,0,1000,0.0,False
21003,0.3,A6,A1,0,1000,0.0,False
21003,0.3,A6,A2,0,1000,0.0,False
21003,0.3,A6,A3,0,1000,0.0,False
21003,0.3,A6,A4,0,1000,0.0,False
21003,0.3,A6,A5,0,1000,0.0,False
21003,0.4,A1,A2,0,1000,0.0,False
21003,0.4,A1,A3,0,1000,0.0,False
21003,0.4,A1,A4,0,1000,0.0,False
21003,0.4,A1,A5,0,1000,0.0,False
21003,0.4,A1,A6,0,1000,0.0,False
21003,0.4,A2,A1,0,1000,0.0,False
21003,0.4,A2,A3,0,1000,0.0,False
21003,0.4,A2,A4,0,1000,0.0,False
21003,0.4,A2,A5,0,1000,0.0,False
21003,0.4,A2,A6,0,1000,0.0,False
21003,0.4,A3,A1,0,1000,0.0,False
21003,0.4,A3,A2,0,1000,0.0,False
21003,0.4,A3,A4,0,1000,0.0,False
21003,0.4,A3,A5,0,1000,0.0,False
21003,0.4,A3,A6,0,1000,0.0,False
21003,0.4,A4,A1,0,1000,0.0,False
21003,0.4,A4,A2,0,1000,0.0,False
21003,0.4,A4,A3,0,1000,0.0,False
21003,0.4,A4,A5,0,1000,0.0,False
21003,0.4,A4,A6,0,1000,0.0,False
21003,0.4,A5,A1,0,1000,0.0,False
21003,0.4,A5,A2,0,1000,0.0,False
21003,0.4,A5,A3,0,1000,0.0,False
21003,0.4,A5,A4,0,1000,0.0,False
21003,0.4,A5,A6,0,1000,0.0,False
21003,0.4,A6,A1,0,1000,0.0,False
21003,0.4,A6,A2,0,1000,0.0,False
21003,0.4,A6,A3,0,1000,0.0,False
21003,0.4,A6,A4,0,1000,0.0,False
21003,0.4,A6,A5,0,1000,0.0,False
21003,0.5,A1,A2,0,1000,0.0,False
21003,0.5,A1,A3,0,1000,0.0,False
21003,0.5,A1,A4,0,1000,0.0,False
21003,0.5,A1,A5,0,1000,0.0,False
21003,0.5,A1,A6,0,1000,0.0,False
21003,0.5,A2,A1,0,1000,0.0,False
21003,0.5,A2,A3,0,1000,0.0,False
21003,0.5,A2,A4,0,1000,0.0,False
21003,0.5,A2,A5,0,1000,0.0,False
21003,0.5,A2,A6,0,1000,0.0,False
21003,0.5,A3,A1,0,1000,0.0,False
21003,0.5,A3,A2,0,1000,0.0,False
21003,0.5,A3,A4,0,1000,0.0,False
21003,0.5,A3,A5,0,1000,0.0,False
21003,0.5,A3,A6,0,1000,0.0,False
21003,0.5,A4,A1,0,1000,0.0,False
21003,0.5,A4,A2,0,1000,0.0,False
21003,0.5,A4,A3,0,1000,0.0,False
21003,0.5,A4,A5,0,1000,0.0,False
21003,0.5,A4,A6,0,1000,0.0,False
21003,0.5,A5,A1,0,1000,0.0,False
21003,0.5,A5,A2,0,1000,0.0,False
21003,0.5,A5,A3,0,1000,0.0,False
21003,0.5,A5,A4,0,1000,0.0,False
21003,0.5,A5,A6,0,1000,0.0,False
21003,0.5,A6,A1,0,1000,0.0,False
21003,0.5,A6,A2,0,1000,0.0,False
21003,0.5,A6,A3,0,1000,0.0,False
21003,0.5,A6,A4,0,1000,0.0,False
21003,0.5,A6,A5,0,1000,0.0,False
21003,0.6,A1,A2,0,1000,0.0,False
21003,0.6,A1,A3,0,1000,0.0,False
21003,0.6,A1,A4,0,1000,0.0,False
21003,0.6,A1,A5,0,1000,0.0,False
21003,0.6,A1,A6,0,1000,0.0,False
21003,0.6,A2,A1,0,1000,0.0,False
21003,0.6,A2,A3,0,1000,0.0,False
21003,0.6,A2,A4,0,1000,0.0,False
21003,0.6,A2,A5,0,1000,0.0,False
21003,0.6,A2,A6,0,1000,0.0,False
21003,0.6,A3,A1,0,1000,0.0,False
21003,0.6,A3,A2,0,1000,0.0,False
21003,0.6,A3,A4,0,1000,0.0,False
21003,0.6,A3,A5,0,1000,0.0,False
21003,0.6,A3,A6,0,1000,0.0,False
21003,0.6,A4,A1,0,1000,0.0,False
21003,0.6,A4,A2,0,1000,0.0,False
21003,0.6,A4,A3,0,1000,0.0,False
21003,0.6,A4,A5,0,1000,0.0,False
21003,0.6,A4,A6,0,1000,0.0,False
21003,0.6,A5,A1,0,1000,0.0,False
21003,0.6,A5,A2,0,1000,0.0,False
21003,0.6,A5,A3,0,1000,0.0,False
21003,0.6,A5,A4,0,1000,0.0,False
21003,0.6,A5,A6,0,1000,0.0,False
21003,0.6,A6,A1,0,1000,0.0,False
21003,0.6,A6,A2,0,1000,0.0,False
21003,0.6,A6,A3,0,1000,0.0,False
21003,0.6,A6,A4,0,1000,0.0,False
21003,0.6,A6,A5,0,1000,0.0,False
21003,0.7,A1,A2,0,1000,0.0,False
21003,0.7,A1,A3,0,1000,0.0,False
21003,0.7,A1,A4,0,1000,0.0,False
21003,0.7,A1,A5,0,1000,0.0,False
21003,0.7,A1,A6,0,1000,0.0,False
21003,0.7,A2,A1,0,1000,0.0,False
21003,0.7,A2,A3,0,1000,0.0,False
21003,0.7,A2,A4,0,1000,0.0,False
21003,0.7,A2,A5,0,1000,0.0,False
21003,0.7,A2,A6,0,1000,0.0,False
21003,0.7,A3,A1,0,1000,0.0,False
21003,0.7,A3,A2,0,1000,0.0,False
21003,0.7,A3,A4,0,1000,0.0,False
21003,0.7,A3,A5,0,1000,0.0,False
21003,0.7,A3,A6,0,1000,0.0,False
21003,0.7,A4,A1,0,1000,0.0,False
21003,0.7,A4,A2,0,1000,0.0,False
21003,0.7,A4,A3,0,1000,0.0,False
21003,0.7,A4,A5,0,1000,0.0,False
21003,0.7,A4,A6,0,1000,0.0,False
21003,0.7,A5,A1,0,1000,0.0,False
21003,0.7,A5,A2,0,1000,0.0,False
21003,0.7,A5,A3,0,1000,0.0,False
21003,0.7,A5,A4,0,1000,0.0,False
21003,0.7,A5,A6,0,1000,0.0,False
21003,0.7,A6,A1,0,1000,0.0,False
21003,0.7,A6,A2,0,1000,0.0,False
21003,0.7,A6,A3,0,1000,0.0,False
21003,0.7,A6,A4,0,1000,0.0,False
21003,0.7,A6,A5,0,1000,0.0,False
21003,0.8,A1,A2,0,1000,0.0,False
21003,0.8,A1,A3,0,1000,0.0,False
21003,0.8,A1,A4,0,1000,0.0,False
21003,0.8,A1,A5,0,1000,0.0,False
21003,0.8,A1,A6,0,1000,0.0,False
21003,0.8,A2,A1,0,1000,0.0,False
21003,0.8,A2,A3,0,1000,0.0,False
21003,0.8,A2,A4,0,1000,0.0,False
21003,0.8,A2,A5,0,1000,0.0,False
21003,0.8,A2,A6,0,1000,0.0,False
21003,0.8,A3,A1,0,1000,0.0,False
21003,0.8,A3,A2,0,1000,0.0,False
21003,0.8,A3,A4,0,1000,0.0,False
21003,0.8,A3,A5,0,1000,0.0,False
21003,0.8,A3,A6,0,1000,0.0,False
21003,0.8,A4,A1,0,1000,0.0,False
21003,0.8,A4,A2,0,1000,0.0,False
21003,0.8,A4,A3,0,1000,0.0,False
21003,0.8,A4,A5,0,1000,0.0,False
21003,0.8,A4,A6,0,1000,0.0,False
21003,0.8,A5,A1,0,1000,0.0,False
21003,0.8,A5,A2,0,1000,0.0,False
21003,0.8,A5,A3,0,1000,0.0,False
21003,0.8,A5,A4,0,1000,0.0,False
21003,0.8,A5,A6,0,1000,0.0,False
21003,0.8,A6,A1,0,1000,0.0,False
21003,0.8,A6,A2,0,1000,0.0,False
21003,0.8,A6,A3,0,1000,0.0,False
21003,0.8,A6,A4,0,1000,0.0,False
21003,0.8,A6,A5,0,1000,0.0,False
21003,0.9,A1,A2,0,1000,0.0,False
21003,0.9,A1,A3,0,1000,0.0,False
21003,0.9,A1,A4,0,1000,0.0,False
21003,0.9,A1,A5,0,1000,0.0,False
21003,0.9,A1,A6,0,1000,0.0,False
21003,0.9,A2,A1,0,1000,0.0,False
21003,0.9,A2,A3,0,1000,0.0,False
21003,0.9,A2,A4,0,1000,0.0,False
21003,0.9,A2,A5,0,1000,0.0,False
21003,0.9,A2,A6,0,1000,0.0,False
21003,0.9,A3,A1,0,1000,0.0,False
21003,0.9,A3,A2,0,1000,0.0,False
21003,0.9,A3,A4,0,1000,0.0,False
21003,0.9,A3,A5,0,1000,0.0,False
21003,0.9,A3,A6,0,1000,0.0,False
21003,0.9,A4,A1,0,1000,0.0,False
21003,0.9,A4,A2,0,1000,0.0,False
21003,0.9,A4,A3,0,1000,0.0,False
21003,0.9,A4,A5,0,1000,0.0,False
21003,0.9,A4,A6,0,1000,0.0,False
21003,0.9,A5,A1,0,1000,0.0,False
21003,0.9,A5,A2,0,1000,0.0,False
21003,0.9,A5,A3,0,1000,0.0,False
21003,0.9,A5,A4,0,1000,0.0,False
21003,0.9,A5,A6,0,1000,0.0,False
21003,0.9,A6,A1,0,1000,0.0,False
21003,0.9,A6,A2,0,1000,0.0,False
21003,0.9,A6,A3,0,1000,0.0,False
21003,0.9,A6,A4,0,1000,0.0,False
21003,0.9,A6,A5,0,1000,0.0,False
21003,1.0,A1,A2,0,1000,0.0,False
21003,1.0,A1,A3,0,1000,0.0,False
21003,1.0,A1,A4,0,1000,0.0,False
21003,1.0,A1,A5,0,1000,0.0,False
21003,1.0,A1,A6,0,1000,0.0,False
21003,1.0,A2,A1,0,1000,0.0,False
21003,1.0,A2,A3,0,1000,0.0,False
21003,1.0,A2,A4,0,1000,0.0,False
21003,1.0,A2,A5,0,1000,0.0,False
21003,1.0,A2,A6,0,1000,0.0,False
21003,1.0,A3,A1,0,1000,0.0,False
21003,1.0,A3,A2,0,1000,0.0,False
21003,1.0,A3,A4,0,1000,0.0,False
21003,1.0,A3,A5,0,1000,0.0,False
21003,1.0,A3,A6,0,1000,0.0,False
21003,1.0,A4,A1,0,1000,0.0,False
21003,1.0,A4,A2,0,1000,0.0,False
21003,1.0,A4,A3,0,1000,0.0,False
21003,1.0,A4,A5,0,1000,0.0,False
21003,1.0,A4,A6,0,1000,0.0,False
21003,1.0,A5,A1,0,1000,0.0,False
21003,1.0,A5,A2,0,1000,0.0,False
21003,1.0,A5,A3,0,1000,0.0,False
21003,1.0,A5,A4,0,1000,0.0,False
21003,1.0,A5,A6,0,1000,0.0,False
21003,1.0,A6,A1,0,1000,0.0,False
21003,1.0,A6,A2,0,1000,0.0,False
21003,1.0,A6,A3,0,1000,0.0,False
21003,1.0,A6,A4,0,1000,0.0,False
21003,1.0,A6,A5,0,1000,0.0,False
21004,0.0,A1,A2,0,1000,0.0,False
21004,0.0,A1,A3,0,1000,0.0,False
21004,0.0,A1,A4,0,1000,0.0,False
21004,0.0,A1,A5,0,1000,0.0,False
21004,0.0,A1,A6,0,1000,0.0,False
21004,0.0,A2,A1,0,1000,0.0,False
21004,0.0,A2,A3,0,1000,0.0,False
21004,0.0,A2,A4,0,1000,0.0,False
21004,0.0,A2,A5,0,1000,0.0,False
21004,0.0,A2,A6,0,1000,0.0,False
21004,0.0,A3,A1,0,1000,0.0,False
21004,0.0,A3,A2,0,1000,0.0,False
21004,0.0,A3,A4,0,1000,0.0,False
21004,0.0,A3,A5,0,1000,0.0,False
21004,0.0,A3,A6,0,1000,0.0,False
21004,0.0,A4,A1,0,1000,0.0,False
21004,0.0,A4,A2,0,1000,0.0,False
21004,0.0,A4,A3,0,1000,0.0,False
21004,0.0,A4,A5,0,1000,0.0,False
21004,0.0,A4,A6,0,1000,0.0,False
21004,0.0,A5,A1,0,1000,0.0,False
21004,0.0,A5,A2,0,1000,0.0,False
21004,0.0,A5,A3,0,1000,0.0,False
21004,0.0,A5,A4,0,1000,0.0,False
21004,0.0,A5,A6,0,1000,0.0,False
21004,0.0,A6,A1,0,1000,0.0,False
21004,0.0,A6,A2,0,1000,0.0,False
21004,0.0,A6,A3,0,1000,0.0,False
21004,0.0,A6,A4,0,1000,0.0,False
21004,0.0,A6,A5,0,1000,0.0,False
21004,0.1,A1,A2,0,1000,0.0,False
21004,0.1,A1,A3,0,1000,0.0,False
21004,0.1,A1,A4,0,1000,0.0,False
21004,0.1,A1,A5,0,1000,0.0,False
21004,0.1,A1,A6,0,1000,0.0,False
21004,0.1,A2,A1,0,1000,0.0,False
21004,0.1,A2,A3,0,1000,0.0,False
21004,0.1,A2,A4,0,1000,0.0,False
21004,0.1,A2,A5,0,1000,0.0,False
21004,0.1,A2,A6,0,1000,0.0,False
21004,0.1,A3,A1,0,1000,0.0,False
21004,0.1,A3,A2,0,1000,0.0,False
21004,0.1,A3,A4,0,1000,0.0,False
21004,0.1,A3,A5,0,1000,0.0,False
21004,0.1,A3,A6,0,1000,0.0,False
21004,0.1,A4,A1,0,1000,0.0,False
21004,0.1,A4,A2,0,1000,0.0,False
21004,0.1,A4,A3,0,1000,0.0,False
21004,0.1,A4,A5,0,1000,0.0,False
21004,0.1,A4,A6,0,1000,0.0,False
21004,0.1,A5,A1,0,1000,0.0,False
21004,0.1,A5,A2,0,1000,0.0,False
21004,0.1,A5,A3,0,1000,0.0,False
21004,0.1,A5,A4,0,1000,0.0,False
21004,0.1,A5,A6,0,1000,0.0,False
21004,0.1,A6,A1,0,1000,0.0,False
21004,0.1,A6,A2,0,1000,0.0,False
21004,0.1,A6,A3,0,1000,0.0,False
21004,0.1,A6,A4,0,1000,0.0,False
21004,0.1,A6,A5,0,1000,0.0,False
21004,0.2,A1,A2,0,1000,0.0,False
21004,0.2,A1,A3,0,1000,0.0,False
21004,0.2,A1,A4,0,1000,0.0,False
21004,0.2,A1,A5,0,1000,0.0,False
21004,0.2,A1,A6,0,1000,0.0,False
21004,0.2,A2,A1,0,1000,0.0,False
21004,0.2,A2,A3,0,1000,0.0,False
21004,0.2,A2,A4,0,1000,0.0,False
21004,0.2,A2,A5,0,1000,0.0,False
21004,0.2,A2,A6,0,1000,0.0,False
21004,0.2,A3,A1,0,1000,0.0,False
21004,0.2,A3,A2,0,1000,0.0,False
21004,0.2,A3,A4,0,1000,0.0,False
21004,0.2,A3,A5,0,1000,0.0,False
21004,0.2,A3,A6,0,1000,0.0,False
21004,0.2,A4,A1,0,1000,0.0,False
21004,0.2,A4,A2,0,1000,0.0,False
21004,0.2,A4,A3,0,1000,0.0,False
21004,0.2,A4,A5,0,1000,0.0,False
21004,0.2,A4,A6,0,1000,0.0,False
21004,0.2,A5,A1,0,1000,0.0,False
21004,0.2,A5,A2,0,1000,0.0,False
21004,0.2,A5,A3,0,1000,0.0,False
21004,0.2,A5,A4,0,1000,0.0,False
21004,0.2,A5,A6,0,1000,0.0,False
21004,0.2,A6,A1,0,1000,0.0,False
21004,0.2,A6,A2,0,1000,0.0,False
21004,0.2,A6,A3,0,1000,0.0,False
21004,0.2,A6,A4,0,1000,0.0,False
21004,0.2,A6,A5,0,1000,0.0,False
21004,0.3,A1,A2,0,1000,0.0,False
21004,0.3,A1,A3,0,1000,0.0,False
21004,0.3,A1,A4,0,1000,0.0,False
21004,0.3,A1,A5,0,1000,0.0,False
21004,0.3,A1,A6,0,1000,0.0,False
21004,0.3,A2,A1,0,1000,0.0,False
21004,0.3,A2,A3,0,1000,0.0,False
21004,0.3,A2,A4,0,1000,0.0,False
21004,0.3,A2,A5,0,1000,0.0,False
21004,0.3,A2,A6,0,1000,0.0,False
21004,0.3,A3,A1,0,1000,0.0,False
21004,0.3,A3,A2,0,1000,0.0,False
21004,0.3,A3,A4,0,1000,0.0,False
21004,0.3,A3,A5,0,1000,0.0,False
21004,0.3,A3,A6,0,1000,0.0,False
21004,0.3,A4,A1,0,1000,0.0,False
21004,0.3,A4,A2,0,1000,0.0,False
21004,0.3,A4,A3,0,1000,0.0,False
21004,0.3,A4,A5,0,1000,0.0,False
21004,0.3,A4,A6,0,1000,0.0,False
21004,0.3,A5,A1,0,1000,0.0,False
21004,0.3,A5,A2,0,1000,0.0,False
21004,0.3,A5,A3,0,1000,0.0,False
21004,0.3,A5,A4,0,1000,0.0,False
21004,0.3,A5,A6,0,1000,0.0,False
21004,0.3,A6,A1,0,1000,0.0,False
21004,0.3,A6,A2,0,1000,0.0,False
21004,0.3,A6,A3,0,1000,0.0,False
21004,0.3,A6,A4,0,1000,0.0,False
21004,0.3,A6,A5,0,1000,0.0,False
21004,0.4,A1,A2,0,1000,0.0,False
21004,0.4,A1,A3,0,1000,0.0,False
21004,0.4,A1,A4,0,1000,0.0,False
21004,0.4,A1,A5,0,1000,0.0,False
21004,0.4,A1,A6,0,1000,0.0,False
21004,0.4,A2,A1,0,1000,0.0,False
21004,0.4,A2,A3,0,1000,0.0,False
21004,0.4,A2,A4,0,1000,0.0,False
21004,0.4,A2,A5,0,1000,0.0,False
21004,0.4,A2,A6,0,1000,0.0,False
21004,0.4,A3,A1,0,1000,0.0,False
21004,0.4,A3,A2,0,1000,0.0,False
21004,0.4,A3,A4,0,1000,0.0,False
21004,0.4,A3,A5,0,1000,0.0,False
21004,0.4,A3,A6,0,1000,0.0,False
21004,0.4,A4,A1,0,1000,0.0,False
21004,0.4,A4,A2,0,1000,0.0,False
21004,0.4,A4,A3,0,1000,0.0,False
21004,0.4,A4,A5,0,1000,0.0,False
21004,0.4,A4,A6,0,1000,0.0,False
21004,0.4,A5,A1,0,1000,0.0,False
21004,0.4,A5,A2,0,1000,0.0,False
21004,0.4,A5,A3,0,1000,0.0,False
21004,0.4,A5,A4,0,1000,0.0,False
21004,0.4,A5,A6,0,1000,0.0,False
21004,0.4,A6,A1,0,1000,0.0,False
21004,0.4,A6,A2,0,1000,0.0,False
21004,0.4,A6,A3,0,1000,0.0,False
21004,0.4,A6,A4,0,1000,0.0,False
21004,0.4,A6,A5,0,1000,0.0,False
21004,0.5,A1,A2,0,1000,0.0,False
21004,0.5,A1,A3,0,1000,0.0,False
21004,0.5,A1,A4,0,1000,0.0,False
21004,0.5,A1,A5,0,1000,0.0,False
21004,0.5,A1,A6,0,1000,0.0,False
21004,0.5,A2,A1,0,1000,0.0,False
21004,0.5,A2,A3,0,1000,0.0,False
21004,0.5,A2,A4,0,1000,0.0,False
21004,0.5,A2,A5,0,1000,0.0,False
21004,0.5,A2,A6,0,1000,0.0,False
21004,0.5,A3,A1,0,1000,0.0,False
21004,0.5,A3,A2,0,1000,0.0,False
21004,0.5,A3,A4,0,1000,0.0,False
21004,0.5,A3,A5,0,1000,0.0,False
21004,0.5,A3,A6,0,1000,0.0,False
21004,0.5,A4,A1,0,1000,0.0,False
21004,0.5,A4,A2,0,1000,0.0,False
21004,0.5,A4,A3,0,1000,0.0,False
21004,0.5,A4,A5,0,1000,0.0,False
21004,0.5,A4,A6,0,1000,0.0,False
21004,0.5,A5,A1,0,1000,0.0,False
21004,0.5,A5,A2,0,1000,0.0,False
21004,0.5,A5,A3,0,1000,0.0,False
21004,0.5,A5,A4,0,1000,0.0,False
21004,0.5,A5,A6,0,1000,0.0,False
21004,0.5,A6,A1,0,1000,0.0,False
21004,0.5,A6,A2,0,1000,0.0,False
21004,0.5,A6,A3,0,1000,0.0,False
21004,0.5,A6,A4,0,1000,0.0,False
21004,0.5,A6,A5,0,1000,0.0,False
21004,0.6,A1,A2,0,1000,0.0,False
21004,0.6,A1,A3,0,1000,0.0,False
21004,0.6,A1,A4,0,1000,0.0,False
21004,0.6,A1,A5,0,1000,0.0,False
21004,0.6,A1,A6,0,1000,0.0,False
21004,0.6,A2,A1,0,1000,0.0,False
21004,0.6,A2,A3,0,1000,0.0,False
21004,0.6,A2,A4,0,1000,0.0,False
21004,0.6,A2,A5,0,1000,0.0,False
21004,0.6,A2,A6,0,1000,0.0,False
21004,0.6,A3,A1,0,1000,0.0,False
21004,0.6,A3,A2,0,1000,0.0,False
21004,0.6,A3,A4,0,1000,0.0,False
21004,0.6,A3,A5,0,1000,0.0,False
21004,0.6,A3,A6,0,1000,0.0,False
21004,0.6,A4,A1,0,1000,0.0,False
21004,0.6,A4,A2,0,1000,0.0,False
21004,0.6,A4,A3,0,1000,0.0,False
21004,0.6,A4,A5,0,1000,0.0,False
21004,0.6,A4,A6,0,1000,0.0,False
21004,0.6,A5,A1,0,1000,0.0,False
21004,0.6,A5,A2,0,1000,0.0,False
21004,0.6,A5,A3,0,1000,0.0,False
21004,0.6,A5,A4,0,1000,0.0,False
21004,0.6,A5,A6,0,1000,0.0,False
21004,0.6,A6,A1,0,1000,0.0,False
21004,0.6,A6,A2,0,1000,0.0,False
21004,0.6,A6,A3,0,1000,0.0,False
21004,0.6,A6,A4,0,1000,0.0,False
21004,0.6,A6,A5,0,1000,0.0,False
21004,0.7,A1,A2,0,1000,0.0,False
21004,0.7,A1,A3,0,1000,0.0,False
21004,0.7,A1,A4,0,1000,0.0,False
21004,0.7,A1,A5,0,1000,0.0,False
21004,0.7,A1,A6,0,1000,0.0,False
21004,0.7,A2,A1,0,1000,0.0,False
21004,0.7,A2,A3,0,1000,0.0,False
21004,0.7,A2,A4,0,1000,0.0,False
21004,0.7,A2,A5,0,1000,0.0,False
21004,0.7,A2,A6,0,1000,0.0,False
21004,0.7,A3,A1,0,1000,0.0,False
21004,0.7,A3,A2,0,1000,0.0,False
21004,0.7,A3,A4,0,1000,0.0,False
21004,0.7,A3,A5,0,1000,0.0,False
21004,0.7,A3,A6,0,1000,0.0,False
21004,0.7,A4,A1,0,1000,0.0,False
21004,0.7,A4,A2,0,1000,0.0,False
21004,0.7,A4,A3,0,1000,0.0,False
21004,0.7,A4,A5,0,1000,0.0,False
21004,0.7,A4,A6,0,1000,0.0,False
21004,0.7,A5,A1,0,1000,0.0,False
21004,0.7,A5,A2,0,1000,0.0,False
21004,0.7,A5,A3,0,1000,0.0,False
21004,0.7,A5,A4,0,1000,0.0,False
21004,0.7,A5,A6,0,1000,0.0,False
21004,0.7,A6,A1,0,1000,0.0,False
21004,0.7,A6,A2,0,1000,0.0,False
21004,0.7,A6,A3,0,1000,0.0,False
21004,0.7,A6,A4,0,1000,0.0,False
21004,0.7,A6,A5,0,1000,0.0,False
21004,0.8,A1,A2,0,1000,0.0,False
21004,0.8,A1,A3,0,1000,0.0,False
21004,0.8,A1,A4,0,1000,0.0,False
21004,0.8,A1,A5,0,1000,0.0,False
21004,0.8,A1,A6,0,1000,0.0,False
21004,0.8,A2,A1,0,1000,0.0,False
21004,0.8,A2,A3,0,1000,0.0,False
21004,0.8,A2,A4,0,1000,0.0,False
21004,0.8,A2,A5,0,1000,0.0,False
21004,0.8,A2,A6,0,1000,0.0,False
21004,0.8,A3,A1,0,1000,0.0,False
21004,0.8,A3,A2,0,1000,0.0,False
21004,0.8,A3,A4,0,1000,0.0,False
21004,0.8,A3,A5,0,1000,0.0,False
21004,0.8,A3,A6,0,1000,0.0,False
21004,0.8,A4,A1,0,1000,0.0,False
21004,0.8,A4,A2,0,1000,0.0,False
21004,0.8,A4,A3,0,1000,0.0,False
21004,0.8,A4,A5,0,1000,0.0,False
21004,0.8,A4,A6,0,1000,0.0,False
21004,0.8,A5,A1,0,1000,0.0,False
21004,0.8,A5,A2,0,1000,0.0,False
21004,0.8,A5,A3,0,1000,0.0,False
21004,0.8,A5,A4,0,1000,0.0,False
21004,0.8,A5,A6,0,1000,0.0,False
21004,0.8,A6,A1,0,1000,0.0,False
21004,0.8,A6,A2,0,1000,0.0,False
21004,0.8,A6,A3,0,1000,0.0,False
21004,0.8,A6,A4,0,1000,0.0,False
21004,0.8,A6,A5,0,1000,0.0,False
21004,0.9,A1,A2,0,1000,0.0,False
21004,0.9,A1,A3,0,1000,0.0,False
21004,0.9,A1,A4,0,1000,0.0,False
21004,0.9,A1,A5,0,1000,0.0,False
21004,0.9,A1,A6,0,1000,0.0,False
21004,0.9,A2,A1,0,1000,0.0,False
21004,0.9,A2,A3,0,1000,0.0,False
21004,0.9,A2,A4,0,1000,0.0,False
21004,0.9,A2,A5,0,1000,0.0,False
21004,0.9,A2,A6,0,1000,0.0,False
21004,0.9,A3,A1,0,1000,0.0,False
21004,0.9,A3,A2,0,1000,0.0,False
21004,0.9,A3,A4,0,1000,0.0,False
21004,0.9,A3,A5,0,1000,0.0,False
21004,0.9,A3,A6,0,1000,0.0,False
21004,0.9,A4,A1,0,1000,0.0,False
21004,0.9,A4,A2,0,1000,0.0,False
21004,0.9,A4,A3,0,1000,0.0,False
21004,0.9,A4,A5,0,1000,0.0,False
21004,0.9,A4,A6,0,1000,0.0,False
21004,0.9,A5,A1,0,1000,0.0,False
21004,0.9,A5,A2,0,1000,0.0,False
21004,0.9,A5,A3,0,1000,0.0,False
21004,0.9,A5,A4,0,1000,0.0,False
21004,0.9,A5,A6,0,1000,0.0,False
21004,0.9,A6,A1,0,1000,0.0,False
21004,0.9,A6,A2,0,1000,0.0,False
21004,0.9,A6,A3,0,1000,0.0,False
21004,0.9,A6,A4,0,1000,0.0,False
21004,0.9,A6,A5,0,1000,0.0,False
21004,1.0,A1,A2,0,1000,0.0,False
21004,1.0,A1,A3,0,1000,0.0,False
21004,1.0,A1,A4,0,1000,0.0,False
21004,1.0,A1,A5,0,1000,0.0,False
21004,1.0,A1,A6,0,1000,0.0,False
21004,1.0,A2,A1,0,1000,0.0,False
21004,1.0,A2,A3,0,1000,0.0,False
21004,1.0,A2,A4,0,1000,0.0,False
21004,1.0,A2,A5,0,1000,0.0,False
21004,1.0,A2,A6,0,1000,0.0,False
21004,1.0,A3,A1,0,1000,0.0,False
21004,1.0,A3,A2,0,1000,0.0,False
21004,1.0,A3,A4,0,1000,0.0,False
21004,1.0,A3,A5,0,1000,0.0,False
21004,1.0,A3,A6,0,1000,0.0,False
21004,1.0,A4,A1,0,1000,0.0,False
21004,1.0,A4,A2,0,1000,0.0,False
21004,1.0,A4,A3,0,1000,0.0,False
21004,1.0,A4,A5,0,1000,0.0,False
21004,1.0,A4,A6,0,1000,0.0,False
21004,1.0,A5,A1,0,1000,0.0,False
21004,1.0,A5,A2,0,1000,0.0,False
21004,1.0,A5,A3,0,1000,0.0,False
21004,1.0,A5,A4,0,1000,0.0,False
21004,1.0,A5,A6,0,1000,0.0,False
21004,1.0,A6,A1,0,1000,0.0,False
21004,1.0,A6,A2,0,1000,0.0,False
21004,1.0,A6,A3,0,1000,0.0,False
21004,1.0,A6,A4,0,1000,0.0,False
21004,1.0,A6,A5,0,1000,0.0,False
21005,0.0,A1,A2,0,1000,0.0,False
21005,0.0,A1,A3,0,1000,0.0,False
21005,0.0,A1,A4,0,1000,0.0,False
21005,0.0,A1,A5,0,1000,0.0,False
21005,0.0,A1,A6,0,1000,0.0,False
21005,0.0,A2,A1,0,1000,0.0,False
21005,0.0,A2,A3,0,1000,0.0,False
21005,0.0,A2,A4,0,1000,0.0,False
21005,0.0,A2,A5,0,1000,0.0,False
21005,0.0,A2,A6,0,1000,0.0,False
21005,0.0,A3,A1,0,1000,0.0,False
21005,0.0,A3,A2,0,1000,0.0,False
21005,0.0,A3,A4,0,1000,0.0,False
21005,0.0,A3,A5,0,1000,0.0,False
21005,0.0,A3,A6,0,1000,0.0,False
21005,0.0,A4,A1,0,1000,0.0,False
21005,0.0,A4,A2,0,1000,0.0,False
21005,0.0,A4,A3,0,1000,0.0,False
21005,0.0,A4,A5,0,1000,0.0,False
21005,0.0,A4,A6,0,1000,0.0,False
21005,0.0,A5,A1,0,1000,0.0,False
21005,0.0,A5,A2,0,1000,0.0,False
21005,0.0,A5,A3,0,1000,0.0,False
21005,0.0,A5,A4,0,1000,0.0,False
21005,0.0,A5,A6,0,1000,0.0,False
21005,0.0,A6,A1,0,1000,0.0,False
21005,0.0,A6,A2,0,1000,0.0,False
21005,0.0,A6,A3,0,1000,0.0,False
21005,0.0,A6,A4,0,1000,0.0,False
21005,0.0,A6,A5,0,1000,0.0,False
21005,0.1,A1,A2,0,1000,0.0,False
21005,0.1,A1,A3,0,1000,0.0,False
21005,0.1,A1,A4,0,1000,0.0,False
21005,0.1,A1,A5,0,1000,0.0,False
21005,0.1,A1,A6,0,1000,0.0,False
21005,0.1,A2,A1,0,1000,0.0,False
21005,0.1,A2,A3,0,1000,0.0,False
21005,0.1,A2,A4,0,1000,0.0,False
21005,0.1,A2,A5,0,1000,0.0,False
21005,0.1,A2,A6,0,1000,0.0,False
21005,0.1,A3,A1,0,1000,0.0,False
21005,0.1,A3,A2,0,1000,0.0,False
21005,0.1,A3,A4,0,1000,0.0,False
21005,0.1,A3,A5,0,1000,0.0,False
21005,0.1,A3,A6,0,1000,0.0,False
21005,0.1,A4,A1,0,1000,0.0,False
21005,0.1,A4,A2,0,1000,0.0,False
21005,0.1,A4,A3,0,1000,0.0,False
21005,0.1,A4,A5,0,1000,0.0,False
21005,0.1,A4,A6,0,1000,0.0,False
21005,0.1,A5,A1,0,1000,0.0,False
21005,0.1,A5,A2,0,1000,0.0,False
21005,0.1,A5,A3,0,1000,0.0,False
21005,0.1,A5,A4,0,1000,0.0,False
21005,0.1,A5,A6,0,1000,0.0,False
21005,0.1,A6,A1,0,1000,0.0,False
21005,0.1,A6,A2,0,1000,0.0,False
21005,0.1,A6,A3,0,1000,0.0,False
21005,0.1,A6,A4,0,1000,0.0,False
21005,0.1,A6,A5,0,1000,0.0,False
21005,0.2,A1,A2,0,1000,0.0,False
21005,0.2,A1,A3,0,1000,0.0,False
21005,0.2,A1,A4,0,1000,0.0,False
21005,0.2,A1,A5,0,1000,0.0,False
21005,0.2,A1,A6,0,1000,0.0,False
21005,0.2,A2,A1,0,1000,0.0,False
21005,0.2,A2,A3,0,1000,0.0,False
21005,0.2,A2,A4,0,1000,0.0,False
21005,0.2,A2,A5,0,1000,0.0,False
21005,0.2,A2,A6,0,1000,0.0,False
21005,0.2,A3,A1,0,1000,0.0,False
21005,0.2,A3,A2,0,1000,0.0,False
21005,0.2,A3,A4,0,1000,0.0,False
21005,0.2,A3,A5,0,1000,0.0,False
21005,0.2,A3,A6,0,1000,0.0,False
21005,0.2,A4,A1,0,1000,0.0,False
21005,0.2,A4,A2,0,1000,0.0,False
21005,0.2,A4,A3,0,1000,0.0,False
21005,0.2,A4,A5,0,1000,0.0,False
21005,0.2,A4,A6,0,1000,0.0,False
21005,0.2,A5,A1,0,1000,0.0,False
21005,0.2,A5,A2,0,1000,0.0,False
21005,0.2,A5,A3,0,1000,0.0,False
21005,0.2,A5,A4,0,1000,0.0,False
21005,0.2,A5,A6,0,1000,0.0,False
21005,0.2,A6,A1,0,1000,0.0,False
21005,0.2,A6,A2,0,1000,0.0,False
21005,0.2,A6,A3,0,1000,0.0,False
21005,0.2,A6,A4,0,1000,0.0,False
21005,0.2,A6,A5,0,1000,0.0,False
21005,0.3,A1,A2,0,1000,0.0,False
21005,0.3,A1,A3,0,1000,0.0,False
21005,0.3,A1,A4,0,1000,0.0,False
21005,0.3,A1,A5,0,1000,0.0,False
21005,0.3,A1,A6,0,1000,0.0,False
21005,0.3,A2,A1,0,1000,0.0,False
21005,0.3,A2,A3,0,1000,0.0,False
21005,0.3,A2,A4,0,1000,0.0,False
21005,0.3,A2,A5,0,1000,0.0,False
21005,0.3,A2,A6,0,1000,0.0,False
21005,0.3,A3,A1,0,1000,0.0,False
21005,0.3,A3,A2,0,1000,0.0,False
21005,0.3,A3,A4,0,1000,0.0,False
21005,0.3,A3,A5,0,1000,0.0,False
21005,0.3,A3,A6,0,1000,0.0,False
21005,0.3,A4,A1,0,1000,0.0,False
21005,0.3,A4,A2,0,1000,0.0,False
21005,0.3,A4,A3,0,1000,0.0,False
21005,0.3,A4,A5,0,1000,0.0,False
21005,0.3,A4,A6,0,1000,0.0,False
21005,0.3,A5,A1,0,1000,0.0,False
21005,0.3,A5,A2,0,1000,0.0,False
21005,0.3,A5,A3,0,1000,0.0,False
21005,0.3,A5,A4,0,1000,0.0,False
21005,0.3,A5,A6,0,1000,0.0,False
21005,0.3,A6,A1,0,1000,0.0,False
21005,0.3,A6,A2,0,1000,0.0,False
21005,0.3,A6,A3,0,1000,0.0,False
21005,0.3,A6,A4,0,1000,0.0,False
21005,0.3,A6,A5,0,1000,0.0,False
21005,0.4,A1,A2,0,1000,0.0,False
21005,0.4,A1,A3,0,1000,0.0,False
21005,0.4,A1,A4,0,1000,0.0,False
21005,0.4,A1,A5,0,1000,0.0,False
21005,0.4,A1,A6,0,1000,0.0,False
21005,0.4,A2,A1,0,1000,0.0,False
21005,0.4,A2,A3,0,1000,0.0,False
21005,0.4,A2,A4,0,1000,0.0,False
21005,0.4,A2,A5,0,1000,0.0,False
21005,0.4,A2,A6,0,1000,0.0,False
21005,0.4,A3,A1,0,1000,0.0,False
21005,0.4,A3,A2,0,1000,0.0,False
21005,0.4,A3,A4,0,1000,0.0,False
21005,0.4,A3,A5,0,1000,0.0,False
21005,0.4,A3,A6,0,1000,0.0,False
21005,0.4,A4,A1,0,1000,0.0,False
21005,0.4,A4,A2,0,1000,0.0,False
21005,0.4,A4,A3,0,1000,0.0,False
21005,0.4,A4,A5,0,1000,0.0,False
21005,0.4,A4,A6,0,1000,0.0,False
21005,0.4,A5,A1,0,1000,0.0,False
21005,0.4,A5,A2,0,1000,0.0,False
21005,0.4,A5,A3,0,1000,0.0,False
21005,0.4,A5,A4,0,1000,0.0,False
21005,0.4,A5,A6,0,1000,0.0,False
21005,0.4,A6,A1,0,1000,0.0,False
21005,0.4,A6,A2,0,1000,0.0,False
21005,0.4,A6,A3,0,1000,0.0,False
21005,0.4,A6,A4,0,1000,0.0,False
21005,0.4,A6,A5,0,1000,0.0,False
21005,0.5,A1,A2,0,1000,0.0,False
21005,0.5,A1,A3,0,1000,0.0,False
21005,0.5,A1,A4,0,1000,0.0,False
21005,0.5,A1,A5,0,1000,0.0,False
21005,0.5,A1,A6,0,1000,0.0,False
21005,0.5,A2,A1,0,1000,0.0,False
21005,0.5,A2,A3,0,1000,0.0,False
21005,0.5,A2,A4,0,1000,0.0,False
21005,0.5,A2,A5,0,1000,0.0,False
21005,0.5,A2,A6,0,1000,0.0,False
21005,0.5,A3,A1,0,1000,0.0,False
21005,0.5,A3,A2,0,1000,0.0,False
21005,0.5,A3,A4,0,1000,0.0,False
21005,0.5,A3,A5,0,1000,0.0,False
21005,0.5,A3,A6,0,1000,0.0,False
21005,0.5,A4,A1,0,1000,0.0,False
21005,0.5,A4,A2,0,1000,0.0,False
21005,0.5,A4,A3,0,1000,0.0,False
21005,0.5,A4,A5,0,1000,0.0,False
21005,0.5,A4,A6,0,1000,0.0,False
21005,0.5,A5,A1,0,1000,0.0,False
21005,0.5,A5,A2,0,1000,0.0,False
21005,0.5,A5,A3,0,1000,0.0,False
21005,0.5,A5,A4,0,1000,0.0,False
21005,0.5,A5,A6,0,1000,0.0,False
21005,0.5,A6,A1,0,1000,0.0,False
21005,0.5,A6,A2,0,1000,0.0,False
21005,0.5,A6,A3,0,1000,0.0,False
21005,0.5,A6,A4,0,1000,0.0,False
21005,0.5,A6,A5,0,1000,0.0,False
21005,0.6,A1,A2,0,1000,0.0,False
21005,0.6,A1,A3,0,1000,0.0,False
21005,0.6,A1,A4,0,1000,0.0,False
21005,0.6,A1,A5,0,1000,0.0,False
21005,0.6,A1,A6,0,1000,0.0,False
21005,0.6,A2,A1,0,1000,0.0,False
21005,0.6,A2,A3,0,1000,0.0,False
21005,0.6,A2,A4,0,1000,0.0,False
21005,0.6,A2,A5,0,1000,0.0,False
21005,0.6,A2,A6,0,1000,0.0,False
21005,0.6,A3,A1,0,1000,0.0,False
21005,0.6,A3,A2,0,1000,0.0,False
21005,0.6,A3,A4,0,1000,0.0,False
21005,0.6,A3,A5,0,1000,0.0,False
21005,0.6,A3,A6,0,1000,0.0,False
21005,0.6,A4,A1,0,1000,0.0,False
21005,0.6,A4,A2,0,1000,0.0,False
21005,0.6,A4,A3,0,1000,0.0,False
21005,0.6,A4,A5,0,1000,0.0,False
21005,0.6,A4,A6,0,1000,0.0,False
21005,0.6,A5,A1,0,1000,0.0,False
21005,0.6,A5,A2,0,1000,0.0,False
21005,0.6,A5,A3,0,1000,0.0,False
21005,0.6,A5,A4,0,1000,0.0,False
21005,0.6,A5,A6,0,1000,0.0,False
21005,0.6,A6,A1,0,1000,0.0,False
21005,0.6,A6,A2,0,1000,0.0,False
21005,0.6,A6,A3,0,1000,0.0,False
21005,0.6,A6,A4,0,1000,0.0,False
21005,0.6,A6,A5,0,1000,0.0,False
21005,0.7,A1,A2,0,1000,0.0,False
21005,0.7,A1,A3,0,1000,0.0,False
21005,0.7,A1,A4,0,1000,0.0,False
21005,0.7,A1,A5,0,1000,0.0,False
21005,0.7,A1,A6,0,1000,0.0,False
21005,0.7,A2,A1,0,1000,0.0,False
21005,0.7,A2,A3,0,1000,0.0,False
21005,0.7,A2,A4,0,1000,0.0,False
21005,0.7,A2,A5,0,1000,0.0,False
21005,0.7,A2,A6,0,1000,0.0,False
21005,0.7,A3,A1,0,1000,0.0,False
21005,0.7,A3,A2,0,1000,0.0,False
21005,0.7,A3,A4,0,1000,0.0,False
21005,0.7,A3,A5,0,1000,0.0,False
21005,0.7,A3,A6,0,1000,0.0,False
21005,0.7,A4,A1,0,1000,0.0,False
21005,0.7,A4,A2,0,1000,0.0,False
21005,0.7,A4,A3,0,1000,0.0,False
21005,0.7,A4,A5,0,1000,0.0,False
21005,0.7,A4,A6,0,1000,0.0,False
21005,0.7,A5,A1,0,1000,0.0,False
21005,0.7,A5,A2,0,1000,0.0,False
21005,0.7,A5,A3,0,1000,0.0,False
21005,0.7,A5,A4,0,1000,0.0,False
21005,0.7,A5,A6,0,1000,0.0,False
21005,0.7,A6,A1,0,1000,0.0,False
21005,0.7,A6,A2,0,1000,0.0,False
21005,0.7,A6,A3,0,1000,0.0,False
21005,0.7,A6,A4,0,1000,0.0,False
21005,0.7,A6,A5,0,1000,0.0,False
21005,0.8,A1,A2,0,1000,0.0,False
21005,0.8,A1,A3,0,1000,0.0,False
21005,0.8,A1,A4,0,1000,0.0,False
21005,0.8,A1,A5,0,1000,0.0,False
21005,0.8,A1,A6,0,1000,0.0,False
21005,0.8,A2,A1,0,1000,0.0,False
21005,0.8,A2,A3,0,1000,0.0,False
21005,0.8,A2,A4,0,1000,0.0,False
21005,0.8,A2,A5,0,1000,0.0,False
21005,0.8,A2,A6,0,1000,0.0,False
21005,0.8,A3,A1,0,1000,0.0,False
21005,0.8,A3,A2,0,1000,0.0,False
21005,0.8,A3,A4,0,1000,0.0,False
21005,0.8,A3,A5,0,1000,0.0,False
21005,0.8,A3,A6,0,1000,0.0,False
21005,0.8,A4,A1,0,1000,0.0,False
21005,0.8,A4,A2,0,1000,0.0,False
21005,0.8,A4,A3,0,1000,0.0,False
21005,0.8,A4,A5,0,1000,0.0,False
21005,0.8,A4,A6,0,1000,0.0,False
21005,0.8,A5,A1,0,1000,0.0,False
21005,0.8,A5,A2,0,1000,0.0,False
21005,0.8,A5,A3,0,1000,0.0,False
21005,0.8,A5,A4,0,1000,0.0,False
21005,0.8,A5,A6,0,1000,0.0,False
21005,0.8,A6,A1,0,1000,0.0,False
21005,0.8,A6,A2,0,1000,0.0,False
21005,0.8,A6,A3,0,1000,0.0,False
21005,0.8,A6,A4,0,1000,0.0,False
21005,0.8,A6,A5,0,1000,0.0,False
21005,0.9,A1,A2,0,1000,0.0,False
21005,0.9,A1,A3,0,1000,0.0,False
21005,0.9,A1,A4,0,1000,0.0,False
21005,0.9,A1,A5,0,1000,0.0,False
21005,0.9,A1,A6,0,1000,0.0,False
21005,0.9,A2,A1,0,1000,0.0,False
21005,0.9,A2,A3,0,1000,0.0,False
21005,0.9,A2,A4,0,1000,0.0,False
21005,0.9,A2,A5,0,1000,0.0,False
21005,0.9,A2,A6,0,1000,0.0,False
21005,0.9,A3,A1,0,1000,0.0,False
21005,0.9,A3,A2,0,1000,0.0,False
21005,0.9,A3,A4,0,1000,0.0,False
21005,0.9,A3,A5,0,1000,0.0,False
21005,0.9,A3,A6,0,1000,0.0,False
21005,0.9,A4,A1,0,1000,0.0,False
21005,0.9,A4,A2,0,1000,0.0,False
21005,0.9,A4,A3,0,1000,0.0,False
21005,0.9,A4,A5,0,1000,0.0,False
21005,0.9,A4,A6,0,1000,0.0,False
21005,0.9,A5,A1,0,1000,0.0,False
21005,0.9,A5,A2,0,1000,0.0,False
21005,0.9,A5,A3,0,1000,0.0,False
21005,0.9,A5,A4,0,1000,0.0,False
21005,0.9,A5,A6,0,1000,0.0,False
21005,0.9,A6,A1,0,1000,0.0,False
21005,0.9,A6,A2,0,1000,0.0,False
21005,0.9,A6,A3,0,1000,0.0,False
21005,0.9,A6,A4,0,1000,0.0,False
21005,0.9,A6,A5,0,1000,0.0,False
21005,1.0,A1,A2,0,1000,0.0,False
21005,1.0,A1,A3,0,1000,0.0,False
21005,1.0,A1,A4,0,1000,0.0,False
21005,1.0,A1,A5,0,1000,0.0,False
21005,1.0,A1,A6,0,1000,0.0,False
21005,1.0,A2,A1,0,1000,0.0,False
21005,1.0,A2,A3,0,1000,0.0,False
21005,1.0,A2,A4,0,1000,0.0,False
21005,1.0,A2,A5,0,1000,0.0,False
21005,1.0,A2,A6,0,1000,0.0,False
21005,1.0,A3,A1,0,1000,0.0,False
21005,1.0,A3,A2,0,1000,0.0,False
21005,1.0,A3,A4,0,1000,0.0,False
21005,1.0,A3,A5,0,1000,0.0,False
21005,1.0,A3,A6,0,1000,0.0,False
21005,1.0,A4,A1,0,1000,0.0,False
21005,1.0,A4,A2,0,1000,0.0,False
21005,1.0,A4,A3,0,1000,0.0,False
21005,1.0,A4,A5,0,1000,0.0,False
21005,1.0,A4,A6,0,1000,0.0,False
21005,1.0,A5,A1,0,1000,0.0,False
21005,1.0,A5,A2,0,1000,0.0,False
21005,1.0,A5,A3,0,1000,0.0,False
21005,1.0,A5,A4,0,1000,0.0,False
21005,1.0,A5,A6,0,1000,0.0,False
21005,1.0,A6,A1,0,1000,0.0,False
21005,1.0,A6,A2,0,1000,0.0,False
21005,1.0,A6,A3,0,1000,0.0,False
21005,1.0,A6,A4,0,1000,0.0,False
21005,1.0,A6,A5,0,1000,0.0,False
