seed,kappa,criterion,active_alternatives,NS,LRV50,LRV_max,NSV_vector,pass_num_NS,pass_num_LRV,pass_num_NSV
21001,0.0,C1,6,0.0,1.3219348676614905e-16,3.085940738286285e-16,1.8035576242002578e-09,False,False,False
21001,0.0,C2,6,0.0,1.035361099832293e-16,4.476828941703194e-16,1.7393470323397037e-11,False,False,False
21001,0.0,C3,5,0.0,1.5485313844939964e-16,6.671692182429852e-16,1.759403091494218e-11,False,False,False
21001,0.0,C4,6,0.0,1.2223802550979761e-16,4.3124698074984075e-16,1.4948587571336547e-11,False,False,False
21001,0.0,C5,5,0.0,1.43684412702999e-16,6.326128341884431e-16,3.85381395343247e-11,False,False,False
21001,0.0,C6,6,0.0,1.003264240958173e-16,1.747234979459573e-16,1.2106523789353133e-11,False,False,False
21001,0.0,C7,6,0.0,1.0866582569983546e-16,2.5445672320916056e-16,2.331080685833005e-11,False,False,False
21001,0.1,C1,6,0.00011598707124194085,0.02392293636235779,0.05876116358038868,0.015552447869897823,True,True,True
21001,0.1,C2,6,0.00025386358132650777,0.019853771775545648,0.04875652330168214,0.020745892735504697,True,True,True
21001,0.1,C3,5,5.1935553828985626e-05,0.023615847380046927,0.048505675870648024,0.009311809852109686,True,True,True
21001,0.1,C4,6,0.00012132164848432936,0.019608981574681515,0.04815407820579054,0.014481057762714418,True,True,True
21001,0.1,C5,5,0.00022844878756267395,0.027928786943686362,0.05735414030952232,0.022020329708032353,True,True,True
21001,0.1,C6,6,0.0001369692474338935,0.0199107991079095,0.04890110976488293,0.015118811006244593,True,True,True
21001,0.1,C7,6,0.00018192034043884586,0.01959769620148949,0.048127649425135435,0.01758953262478275,True,True,True
21001,0.2,C1,6,0.000438491209635572,0.04891491553852852,0.11860538475746894,0.029445714280637407,True,True,True
21001,0.2,C2,6,0.0010166389215586769,0.0405985726492077,0.09839381137562213,0.04142056335250624,True,True,True
21001,0.2,C3,5,0.0002026698529461468,0.04625718319023933,0.09788418902362706,0.018254996557402533,True,True,True
21001,0.2,C4,6,0.0005120755235796803,0.040099396411531214,0.09717966310329121,0.030237989509313164,True,True,True
21001,0.2,C5,5,0.0008903837736444764,0.05472066698501905,0.1157602738484298,0.042853421513691224,True,True,True
21001,0.2,C6,6,0.000531047040400412,0.04070946265479319,0.0986758103887812,0.02946201083741776,True,True,True
21001,0.2,C7,6,0.0007353612150166056,0.04007401000097559,0.09712054199597482,0.03540718692459652,True,True,True
21001,0.3,C1,6,0.0009319342071364423,0.07513080624675479,0.18073243989830853,0.0418623665040385,True,True,True
21001,0.3,C2,6,0.0022824455081826844,0.062359381054306565,0.14988074894956926,0.061752684481044935,True,True,True
21001,0.3,C3,5,0.00044461607338586173,0.06813075197607654,0.149095086765223,0.026827149001427932,True,True,True
21001,0.3,C4,6,0.0012142062014125488,0.06159492405420867,0.1480353957447028,0.047294552036988395,True,True,True
21001,0.3,C5,5,0.0019483422445298881,0.08062262479325707,0.17638307171510093,0.06238995529647421,True,True,True
21001,0.3,C6,6,0.0011563489290943307,0.06251978245366908,0.15028399740989404,0.042995613907614395,True,True,True
21001,0.3,C7,6,0.0016678469946507235,0.06155153366763597,0.14792956398302362,0.05327657714780172,True,True,True
21001,0.4,C1,6,0.0015641836788637953,0.10275634853489224,0.2466099816754923,0.05297095627865746,True,True,True
21001,0.4,C2,6,0.004035305313737081,0.08528503214848993,0.2043865962328343,0.08149396078248036,True,True,True
21001,0.4,C3,5,0.0007702552514101679,0.0894150871304279,0.20329500313310092,0.03502914093323183,True,True,True
21001,0.4,C4,6,0.0022716096469581615,0.08424284405980068,0.2018779957323439,0.06563675653401946,True,True,True
21001,0.4,C5,5,0.0033624300702417287,0.10584739193026896,0.24064570894012455,0.08057560444157758,True,True,True
21001,0.4,C6,6,0.0019865240465385403,0.08548900413999498,0.2048815021806688,0.05570557732526091,True,True,True
21001,0.4,C7,6,0.002981316586994076,0.08417611349964857,0.20170017391908435,0.07101840157112152,True,True,True
21001,0.5,C1,6,0.0023064664895053877,0.13201740806906884,0.3182149033351668,0.06292366910652897,True,True,True
21001,0.5,C2,6,0.006249572722147767,0.10955505207093742,0.26345541644327625,0.10043350782268856,True,True,True
21001,0.5,C3,5,0.0011721810599639726,0.11026984616838659,0.2620090009376255,0.042864652759895525,True,True,True
21001,0.5,C4,6,0.003729510759942989,0.10822078943521948,0.2602344885880584,0.08520204117162754,True,True,True
21001,0.5,C5,5,0.005091173771467505,0.13058522838485417,0.3104624733720376,0.09740188505974783,True,True,True
21001,0.5,C6,6,0.0029952034669337158,0.10979449220455531,0.2639896352355522,0.06759449319970906,True,True,True
21001,0.5,C7,6,0.0046719163793943475,0.10812347571329832,0.25994128087455337,0.0884597884552077,True,True,True
21001,0.6,C1,6,0.003133235360830544,0.16319299036836032,0.3984880038118617,0.07185594641227158,True,True,True
21001,0.6,C2,6,0.008890692826746482,0.1353891420046687,0.3293234557467679,0.11840656045624433,True,True,True
21001,0.6,C3,5,0.0016431399087897258,0.1396909626872462,0.3274421483444593,0.05033970799809249,True,True,True
21001,0.6,C4,6,0.00563368229099237,0.13374611407851184,0.3253151328907677,0.10587039885462286,True,True,True
21001,0.6,C5,5,0.007092333026193498,0.16578299588216266,0.3886764014705782,0.11289572733499544,True,True,True
21001,0.6,C6,6,0.004156401705905588,0.1356529578170973,0.3298018004819346,0.07867816196859534,True,True,True
21001,0.6,C7,6,0.006729941388290639,0.13360841123697678,0.32483191377994164,0.10544276529497512,True,True,True
21001,0.7,C1,6,0.004022000410258131,0.1966340411489062,0.49233891355826653,0.07988721971041332,True,True,True
21001,0.7,C2,6,0.011916251039377657,0.16306067375112865,0.40559041595479284,0.13529719293540599,True,True,True
21001,0.7,C3,5,0.0021760663621903653,0.17552733073585952,0.4031387841942187,0.057462238136902814,True,True,True
21001,0.7,C4,6,0.008029501971179243,0.1610892144592439,0.40067380849487244,0.1274600529675782,True,True,True
21001,0.7,C5,5,0.009323655863023306,0.20906777462733883,0.4800250702935155,0.12710940781828844,True,True,True
21001,0.7,C6,6,0.0054448669528515126,0.16333355528308455,0.4058268671951657,0.08898234823634518,True,True,True
21001,0.7,C7,6,0.009139930303234678,0.1608978317036012,0.3998693574203593,0.12183085223555769,True,True,True
21001,0.8,C1,6,0.00495313600838887,0.23279147586269075,0.6093739578266131,0.08712220387189375,True,True,True
21001,0.8,C2,6,0.01527726251281547,0.19291646571780166,0.49893316823478406,0.151035989858394,True,True,True
21001,0.8,C3,5,0.0027641139309175777,0.22058537745473794,0.4956704494246677,0.0642416848482792,True,True,True
21001,0.8,C4,6,0.010960851694381102,0.19059303609823183,0.49288766227489644,0.14973018025681872,True,True,True
21001,0.8,C5,5,0.011743562577566813,0.2645607338414954,0.5937553668264453,0.14011179437981866,True,True,True
21001,0.8,C6,6,0.006836377731835208,0.19317701522722586,0.4985124817965084,0.09853990079040961,True,True,True
21001,0.8,C7,6,0.011880913875060073,0.19032988340580695,0.49152867567173436,0.13751320881795517,True,True,True
21001,0.9,C1,6,0.0059096719186046975,0.27225957265294787,0.7743962268636545,0.09365241225779765,True,True,True
21001,0.9,C2,6,0.01891963922003448,0.2254067914804532,0.625056873106956,0.16559427920556397,True,True,True
21001,0.9,C3,5,0.0034006813494834587,0.26341221604099585,0.6205623841024843,0.07068864445503342,True,True,True
21001,0.9,C4,6,0.014468870920498755,0.22270264473687387,0.6173474358173745,0.17239206574678678,True,True,True
21001,0.9,C5,5,0.014311748279857262,0.31229475685133024,0.7536097120500028,0.15198128933708605,True,True,True
21001,0.9,C6,6,0.00830798557846013,0.22562457536127364,0.6227529282166058,0.10738832045450868,True,True,True
21001,0.9,C7,6,0.014926809813260444,0.222342930821523,0.615122193100524,0.15240625011336514,True,True,True
21001,1.0,C1,6,0.0068770762687665465,0.31584629957631116,1.2332152777971408,0.09955769880744841,True,True,True
21001,1.0,C2,6,0.022785766245396077,0.26113288284407266,0.8624604868507192,0.17897662012451082,True,True,True
21001,1.0,C3,5,0.004079434497196499,0.2952334462620886,0.8607023479050685,0.07681455639938849,True,True,True
21001,1.0,C4,6,0.01859058580739925,0.25801197876986826,0.8491613509423135,0.1951280198677411,True,True,True
21001,1.0,C5,5,0.016989697737032072,0.3502367876068002,1.1174912211472334,0.16280047899146408,True,True,True
21001,1.0,C6,6,0.009838204948723006,0.26126358474566214,0.8418086379851067,0.11556778949952332,True,True,True
21001,1.0,C7,6,0.018246951404419343,0.25752142433817565,0.8560042990892522,0.1664530516811657,True,True,True
21002,0.0,C1,6,0.0,9.913103068534419e-17,3.1490043025789916e-16,8.518583876979998e-11,False,False,False
21002,0.0,C2,6,0.0,9.106197872083432e-17,2.602993587919464e-16,1.992198801154663e-11,False,False,False
21002,0.0,C3,5,0.0,1.8487656651386738e-16,4.529927626029093e-16,9.70382514038824e-12,False,False,False
21002,0.0,C4,6,0.0,1.3285617318860324e-16,6.089044468994093e-16,1.9782739163021504e-11,False,False,False
21002,0.0,C5,5,0.0,9.092872616676642e-17,2.8413902102441497e-16,1.0599659710451319e-10,False,False,False
21002,0.0,C6,6,0.0,9.51332223498421e-17,2.595168583796511e-16,4.4536212416928e-11,False,False,False
21002,0.0,C7,6,0.0,1.1307118705850854e-16,2.3886571574932744e-16,7.603180767159052e-12,False,False,False
21002,0.1,C1,6,9.101782615461573e-05,0.023557017349332698,0.05785876567002533,0.013833206864762684,True,True,True
21002,0.1,C2,6,0.0001384095021332854,0.019795459546987942,0.04861929076764165,0.014923168370598601,True,True,True
21002,0.1,C3,5,9.248719165966257e-05,0.023320266619512735,0.04788948681715499,0.011953257207310998,True,True,True
21002,0.1,C4,6,9.143473227368748e-05,0.01963716255415013,0.04822952911017172,0.012233474791428472,True,True,True
21002,0.1,C5,5,0.0001468593088120862,0.028331955408081304,0.05818997102771854,0.01869993719668446,True,True,True
21002,0.1,C6,6,0.0001725786635742299,0.01972537110431514,0.04844408377737923,0.017002684921955797,True,True,True
21002,0.1,C7,6,0.00013142506002417065,0.019431692894826852,0.047720333542901915,0.014234442571893073,True,True,True
21002,0.2,C1,6,0.0003602934708023531,0.048170465783458204,0.11678797505508841,0.027358255311555977,True,True,True
21002,0.2,C2,6,0.0005315263486276312,0.04047174542242814,0.0981036857111956,0.02887900855959134,True,True,True
21002,0.2,C3,5,0.00035860270186727217,0.04568318763432086,0.09662793718193886,0.02332372679106683,True,True,True
21002,0.2,C4,6,0.00036197311051977543,0.0401490788731037,0.09731814328159064,0.02424582109376288,True,True,True
21002,0.2,C5,5,0.0006046696615074065,0.05550659488072124,0.11745918614398788,0.038465242342316915,True,True,True
21002,0.2,C6,6,0.0006868641557673527,0.04033193885415984,0.0977551089501445,0.033810318865582854,True,True,True
21002,0.2,C7,6,0.0004941420224731097,0.039733430351742184,0.09629473786796938,0.027147147274360125,True,True,True
21002,0.3,C1,6,0.0008016377167560096,0.07399340643933804,0.1779732046931743,0.04052936992724663,True,True,True
21002,0.3,C2,6,0.0011465166624604617,0.062151471869653474,0.14940391954794127,0.04187036073194153,True,True,True
21002,0.3,C3,5,0.000781309011004927,0.0672903984658517,0.14714665500443058,0.03410397824450174,True,True,True
21002,0.3,C4,6,0.0008051040448012747,0.06165751151227515,0.14820995530574999,0.035988911116897476,True,True,True
21002,0.3,C5,5,0.0013986720910967865,0.08177691141014296,0.17900356655047653,0.05919762725342165,True,True,True
21002,0.3,C6,6,0.00153422340331677,0.06194257955625725,0.1488860116952584,0.050279799503751756,True,True,True
21002,0.3,C7,6,0.0010439985992011236,0.06102600822949594,0.14666048831190565,0.038831166206590544,True,True,True
21002,0.4,C1,6,0.0014082133173235478,0.10120937946250133,0.24286409881459137,0.053308178954673456,True,True,True
21002,0.4,C2,6,0.0019513917919578017,0.08498051282992601,0.20366528986343235,0.05391837348971067,True,True,True
21002,0.4,C3,5,0.0013437013043725576,0.08831613707428426,0.2005634167305474,0.044295171888644694,True,True,True
21002,0.4,C4,6,0.0014132472635124405,0.08430732002358926,0.20204227581130949,0.047420683759990714,True,True,True
21002,0.4,C5,5,0.0025529806460171667,0.10736071399724947,0.2442869061372062,0.08075538840852023,True,True,True
21002,0.4,C6,6,0.0027016013307260556,0.0847035066045685,0.2029852133966885,0.06628314394118028,True,True,True
21002,0.4,C7,6,0.0017412149426182522,0.08345292677908711,0.19994340121239823,0.049385336115488745,True,True,True
21002,0.5,C1,6,0.0021725983462521636,0.13004151893276808,0.3134117248880011,0.0656638521648747,True,True,True
21002,0.5,C2,6,0.002915437573721258,0.10913463320894291,0.26239658441237207,0.06505759146900161,True,True,True
21002,0.5,C3,5,0.002029185388259913,0.10891619915508263,0.25834231044657263,0.05390554079472603,True,True,True
21002,0.5,C4,6,0.002177862154650212,0.10827304637754226,0.26031336549055695,0.058505617006544566,True,True,True
21002,0.5,C5,5,0.004090171885592686,0.13245278471843874,0.31528253822299795,0.10295467550688896,True,True,True
21002,0.5,C6,6,0.0041718376899000376,0.10879093607389612,0.2615666842364786,0.08171184589521743,True,True,True
21002,0.5,C7,6,0.0025504175135205864,0.10718678314548612,0.25761983190637966,0.05890871015219711,True,True,True
21002,0.6,C1,6,0.0030868520218368944,0.1607653585819873,0.3925145751094998,0.07757294300764409,True,True,True
21002,0.6,C2,6,0.004009558962086657,0.13482868238432352,0.32777692362811983,0.07533166797563004,True,True,True
21002,0.6,C3,5,0.0028216325976999634,0.13748902054186055,0.3225800220174631,0.06294893084377763,True,True,True
21002,0.6,C4,6,0.0030895644391921717,0.1337680450771819,0.32518713450536735,0.06921489643492816,True,True,True
21002,0.6,C5,5,0.006030863184938617,0.16852903590044482,0.39492917207398415,0.1255754854913164,True,True,True
21002,0.6,C6,6,0.005924072067121533,0.13442033512621204,0.32681956019758945,0.09647932192533691,True,True,True
21002,0.6,C7,6,0.0034405512746233935,0.1324380978102403,0.3218076401768728,0.067496929699356,True,True,True
21002,0.7,C1,6,0.004142582240581727,0.1937273098477031,0.48500147708494296,0.08901899159460486,True,True,True
21002,0.7,C2,6,0.005206543330785185,0.16232966437117197,0.4033044393595258,0.08478983552330738,True,True,True
21002,0.7,C3,5,0.0037055115200117505,0.17247093693547294,0.39659922890670457,0.07144346418730184,True,True,True
21002,0.7,C4,6,0.004138248503505415,0.16105746323872738,0.40013715290523694,0.07952631457672289,True,True,True
21002,0.7,C5,5,0.008393287887777712,0.21270960221017177,0.4881403294141172,0.1483723544288438,True,True,True
21002,0.7,C6,6,0.007934222545860514,0.16185958304226256,0.40226474351579755,0.11052150612034892,True,True,True
21002,0.7,C7,6,0.004384698912987872,0.15946780338112906,0.39587179753238166,0.07524005263387495,True,True,True
21002,0.8,C1,6,0.005331014068817086,0.22937217485797917,0.6002920206370772,0.09999195137214988,True,True,True
21002,0.8,C2,6,0.006481247852171079,0.19197587515085443,0.4954576367834048,0.09348413741352568,True,True,True
21002,0.8,C3,5,0.004665996894893443,0.2161060159952695,0.48642106238917826,0.0794103626115799,True,True,True
21002,0.8,C4,6,0.00531321321663647,0.1904772455797044,0.491594975136627,0.08942395027937491,True,True,True
21002,0.8,C5,5,0.011192876161558618,0.26951292648976566,0.6045536407449261,0.17108864760069153,True,True,True
21002,0.8,C6,6,0.010175521412551958,0.191448264650267,0.4944432273254867,0.12379589686254924,True,True,True
21002,0.8,C7,6,0.005359832840828194,0.18860542812260775,0.4859373200968048,0.0822214167213621,True,True,True
21002,0.9,C1,6,0.006643058464835039,0.2682856768370753,0.7626321990364823,0.11048750132060825,True,True,True
21002,0.9,C2,6,0.007810717880220808,0.22420592567934225,0.619562374889373,0.10146734856845542,True,True,True
21002,0.9,C3,5,0.005689056505274848,0.25993442945283707,0.6056343829604633,0.0868729449395936,True,True,True
21002,0.9,C4,6,0.0066032891082412615,0.22246295480985345,0.6147608696263347,0.09889768372072556,True,True,True
21002,0.9,C5,5,0.014441850981285365,0.3169843031292038,0.7691927268498333,0.19347242259536884,True,True,True
21002,0.9,C6,6,0.012619090022254698,0.22362697273493617,0.6188937083360093,0.13627948838625892,True,True,True
21002,0.9,C7,6,0.006346522297657198,0.22027648635701472,0.6059544483270171,0.08851720447116845,True,True,True
21002,1.0,C1,6,0.008069380538217485,0.3112632778230251,1.1699086823266514,0.12050629921423293,True,True,True
21002,1.0,C2,6,0.00917424424707336,0.25960467870541226,0.8631553566364675,0.1087914798882593,True,True,True
21002,1.0,C3,5,0.006761517241474113,0.2912557986373078,0.8087922232829637,0.09385579677238619,True,True,True
21002,1.0,C4,6,0.007996964878987378,0.25759538152583544,0.8558077439624168,0.10794260243332203,True,True,True
21002,1.0,C5,5,0.018148848944481766,0.3555658267285183,1.188897513963419,0.21529142997342512,True,True,True
21002,1.0,C6,6,0.015234534506814335,0.2589837685386637,0.8633172766343133,0.14796604018050605,True,True,True
21002,1.0,C7,6,0.0073286142925784725,0.2550454705271632,0.81309901735065,0.09419646099959045,True,True,True
21003,0.0,C1,6,0.0,1.1905815549843722e-16,4.496060575246782e-16,2.6217892136568617e-11,False,False,False
21003,0.0,C2,6,0.0,1.0676340095211193e-16,3.423557713600585e-16,1.334583020866545e-11,False,False,False
21003,0.0,C3,5,0.0,1.185377392347608e-16,2.9424052125430657e-16,9.745050220325265e-12,False,False,False
21003,0.0,C4,6,0.0,1.3687748718835772e-16,5.310534564584923e-16,1.3648571397376179e-11,False,False,False
21003,0.0,C5,5,0.0,1.3235551256876783e-16,4.75611043366452e-16,2.4560602523998926e-10,False,False,False
21003,0.0,C6,6,0.0,9.353258351710692e-17,3.4338033348934405e-16,1.8838765736691497e-11,False,False,False
21003,0.0,C7,6,0.0,1.1601697804775608e-16,3.38208266098046e-16,9.156302889404377e-12,False,False,False
21003,0.1,C1,6,0.00017613835450847048,0.02336348625751392,0.05737450576110497,0.020156577294828965,True,True,True
21003,0.1,C2,6,0.00012990941834656322,0.019838814053216473,0.048706987246643095,0.01564532720677953,True,True,True
21003,0.1,C3,5,0.00011892968329985099,0.023711992809360524,0.04870758351458149,0.014637391655120806,True,True,True
21003,0.1,C4,6,0.00010896921488889877,0.019683695830185886,0.04832706292002982,0.014409522436670598,True,True,True
21003,0.1,C5,5,0.0001188220172906318,0.02801471653032738,0.05752323978769187,0.016384661170667253,True,True,True
21003,0.1,C6,6,0.000210599705481207,0.019545563018251992,0.04800011355831586,0.01923207797506551,True,True,True
21003,0.1,C7,6,0.0001825420978119885,0.01997902497567605,0.049060069959670285,0.018730542922073174,True,True,True
21003,0.2,C1,6,0.0007019664477930787,0.047784078866084774,0.11582136151472174,0.040075760077919464,True,True,True
21003,0.2,C2,6,0.0005155970334725923,0.04058299085821116,0.09831657871549247,0.031043348345750593,True,True,True
21003,0.2,C3,5,0.00046202857422228405,0.04644227503039866,0.09829519134655522,0.02856331020261383,True,True,True
21003,0.2,C4,6,0.00045164644158546263,0.040264611032186294,0.09754802103698018,0.029642368534607885,True,True,True
21003,0.2,C5,5,0.00047989529203706915,0.0548941469481505,0.11609490898035045,0.03303923284196907,True,True,True
21003,0.2,C6,6,0.0008500296260919304,0.03996698859690405,0.09686297924150257,0.03865274670783586,True,True,True
21003,0.2,C7,6,0.0007435588368577273,0.040858535845761115,0.0990096728319287,0.037945875524544724,True,True,True
21003,0.3,C1,6,0.0015710199027832994,0.07341489610935667,0.17652765715143087,0.0595790577143948,True,True,True
21003,0.3,C2,6,0.0011489301425583465,0.062360633148422474,0.1498226289930354,0.04608445608062361,True,True,True
21003,0.3,C3,5,0.0010081741646436049,0.06839924848980007,0.14972986393915608,0.04174212639403392,True,True,True
21003,0.3,C4,6,0.0010514454821731745,0.06186966273569975,0.14864729098059226,0.04564385134663255,True,True,True
21003,0.3,C5,5,0.0010890983224972617,0.08088455164683463,0.176875762330871,0.0498630502411531,True,True,True
21003,0.3,C6,6,0.0019241965160584629,0.061386543584789705,0.14753673814992077,0.05803075275539729,True,True,True
21003,0.3,C7,6,0.0016993638599775984,0.06276449630712276,0.1508265776705631,0.057441278995756136,True,True,True
21003,0.4,C1,6,0.002773489668567164,0.10043944538115997,0.24094341043519238,0.07850807137548153,True,True,True
21003,0.4,C2,6,0.0020191677837796407,0.08532444188127385,0.2044267023208388,0.060672484028303844,True,True,True
21003,0.4,C3,5,0.0017357608147939851,0.08976289478589308,0.20417616998453433,0.05415619447942955,True,True,True
21003,0.4,C4,6,0.0019311166793440915,0.08465016316110911,0.20281542791093404,0.062332399223436995,True,True,True
21003,0.4,C5,5,0.0019508616402985623,0.10619804629775705,0.24128431895863836,0.06674948665509746,True,True,True
21003,0.4,C6,6,0.00343135032267039,0.08394968296687824,0.20116345928637167,0.07713723092760372,True,True,True
21003,0.4,C7,6,0.003060730232529174,0.08584678788786437,0.20568897296800046,0.0769951627099887,True,True,True
21003,0.5,C1,6,0.0042963927509220845,0.12908067455732677,0.3110170628841979,0.09673024432254348,True,True,True
21003,0.5,C2,6,0.0031131906821227906,0.10965879989966298,0.2637196099988553,0.07472710978139582,True,True,True
21003,0.5,C3,5,0.0026230510915583594,0.11069415754994995,0.26316702465870007,0.06580318720060284,True,True,True
21003,0.5,C4,6,0.00311228640385941,0.10878885740196484,0.26162958539610515,0.07959901566440934,True,True,True
21003,0.5,C5,5,0.0030680895620005533,0.1310243458306141,0.3112290951531182,0.08358964736168971,True,True,True
21003,0.5,C6,6,0.005361937622940571,0.10783164896033151,0.2592472026309831,0.09575955619679309,True,True,True
21003,0.5,C7,6,0.004832351816198677,0.11028602362372329,0.2651492097489468,0.09638199222839322,True,True,True
21003,0.6,C1,6,0.006123792947844153,0.15961367067627955,0.38963620055707876,0.11414192012259708,True,True,True
21003,0.6,C2,6,0.004415769798565727,0.13558961694087643,0.3300131715076649,0.08818499645959672,True,True,True
21003,0.6,C3,5,0.003648494530682611,0.14033491999152806,0.32891231081957323,0.07669323882616887,True,True,True
21003,0.6,C4,6,0.004614964707210345,0.13450971096267536,0.32738387447036776,0.09730903866164484,True,True,True
21003,0.6,C5,5,0.004442096565697828,0.16608298478375538,0.38954639881860637,0.10027625454106052,True,True,True
21003,0.6,C6,6,0.007698694488388558,0.13324661277742245,0.3239585648320633,0.1137127102194678,True,True,True
21003,0.6,C7,6,0.007012447568003122,0.13630298823511852,0.33144859174496394,0.1153857210950446,True,True,True
21003,0.7,C1,6,0.008237065847043867,0.1923839527833883,0.48159302603276255,0.13066882583803635,True,True,True
21003,0.7,C2,6,0.005909865468478159,0.16333139930035165,0.4070463129516204,0.1009997798132668,True,True,True
21003,0.7,C3,5,0.004791010106655613,0.17630921177644304,0.40494546954615224,0.08684616171230006,True,True,True
21003,0.7,C4,6,0.006457030923595508,0.16209187230580274,0.4037940331294839,0.11530645475834563,True,True,True
21003,0.7,C5,5,0.006072559551584478,0.2093887489810265,0.4809703290175458,0.11670737435571439,True,True,True
21003,0.7,C6,6,0.010416979261793968,0.16046065846729127,0.3987759637182926,0.13084679540648958,True,True,True
21003,0.7,C7,6,0.009592530663379062,0.1641720464844294,0.40817947400874105,0.13381173936560012,True,True,True
21003,0.8,C1,6,0.010615201368899485,0.22783465322183022,0.5961714656060935,0.14626444898368812,True,True,True
21003,0.8,C2,6,0.007576948566957897,0.1934426807664542,0.5018067024634827,0.11314112262985665,True,True,True
21003,0.8,C3,5,0.006030230164411066,0.2214362831705602,0.4977520867443057,0.09628890959741158,True,True,True
21003,0.8,C4,6,0.008653709111275165,0.19189019454269643,0.497820823711538,0.13342058730172662,True,True,True
21003,0.8,C5,5,0.007957486994520813,0.26491968158129414,0.5947827900017706,0.1327896654644646,True,True,True
21003,0.8,C6,6,0.013485334199664023,0.18981076996146173,0.49011573004231723,0.14705028019449956,True,True,True
21003,0.8,C7,6,0.012557358152154752,0.19424074960894702,0.5019619121814871,0.15149577247719295,True,True,True
21003,0.9,C1,6,0.013235136419690319,0.26654842774746423,0.7568881733249684,0.16090695172099323,True,True,True
21003,0.9,C2,6,0.009397334929158285,0.2261877333192323,0.6310020546234459,0.1245931111064859,True,True,True
21003,0.9,C3,5,0.007346704915757951,0.26449581948391643,0.622308535628334,0.10505338050140497,True,True,True
21003,0.9,C4,6,0.011217047102671573,0.22436648896365574,0.6261777758485877,0.1514744987918281,True,True,True
21003,0.9,C5,5,0.010093205718850529,0.3132151198495711,0.755202235599387,0.14844090684605252,True,True,True
21003,0.9,C6,6,0.01686625403762021,0.2217335788475224,0.6129801970521708,0.16224941843220714,True,True,True
21003,0.9,C7,6,0.015885069552122433,0.22695951258506744,0.628182487764144,0.16830894133314958,True,True,True
21003,1.0,C1,6,0.01607210977018314,0.30931504839743607,1.1115919790654853,0.1745952774945017,True,True,True
21003,1.0,C2,6,0.011350524369317272,0.26225601084405675,0.8838415429255293,0.1353522669493824,True,True,True
21003,1.0,C3,5,0.00872206779475182,0.2964581681443188,0.8463557842386435,0.11317459103053332,True,True,True
21003,1.0,C4,6,0.014155414452677095,0.26013922289681024,0.8806292371185175,0.16929407302844032,True,True,True
21003,1.0,C5,5,0.012474365728568304,0.3512414365404122,1.202736821327478,0.1635916717804271,True,True,True
21003,1.0,C6,6,0.020517130018339436,0.25681076512889767,0.8403225925748526,0.1764048220247585,True,True,True
21003,1.0,C7,6,0.019547514803679666,0.26292845319352953,0.8568811473607728,0.18415902770335696,True,True,True
21004,0.0,C1,6,0.0,1.07181094099104e-16,2.6159832478042126e-16,2.2467160819728827e-10,False,False,False
21004,0.0,C2,6,0.0,9.446686715622941e-17,1.9847856673826088e-16,1.4698152062609056e-11,False,False,False
21004,0.0,C3,5,0.0,1.0559213169492251e-16,3.109020951889229e-16,6.192426985332237e-11,False,False,False
21004,0.0,C4,6,0.0,1.1553789694527423e-16,5.266367229347058e-16,1.399410768426136e-11,False,False,False
21004,0.0,C5,5,0.0,1.5349956617378143e-16,7.222425309945365e-16,7.731657477674791e-11,False,False,False
21004,0.0,C6,6,0.0,9.537584764147469e-17,1.4135192823251806e-16,1.3856835868898323e-10,False,False,False
21004,0.0,C7,6,0.0,1.559853472138027e-16,3.7095407283717784e-16,4.6289846710934405e-11,False,False,False
21004,0.1,C1,6,0.00016663107778824848,0.02412158563165261,0.05924689926238057,0.01984430323755356,True,True,True
21004,0.1,C2,6,0.00015874177816777024,0.01994719247660503,0.048990050450487196,0.016996761025714457,True,True,True
21004,0.1,C3,5,0.00013691834278473092,0.024197496468376975,0.04969958471614243,0.015567034482810726,True,True,True
21004,0.1,C4,6,0.00015968094406471067,0.019682327205729273,0.048340218566119704,0.01647031550362539,True,True,True
21004,0.1,C5,5,9.541186236317056e-05,0.028007723574853056,0.05749373575140858,0.014069637139621147,True,True,True
21004,0.1,C6,6,0.00012315673385221437,0.02031034844667739,0.04987307038098712,0.015118114894136538,True,True,True
21004,0.1,C7,6,0.00015559773635187568,0.020024088691606323,0.04917351732110785,0.016854298487308607,True,True,True
21004,0.2,C1,6,0.000653269010511548,0.04932387863843344,0.11959076781439677,0.03880772153723206,True,True,True
21004,0.2,C2,6,0.0006459170434151007,0.040784454513550006,0.09885637525751548,0.034415592761032,True,True,True
21004,0.2,C3,5,0.0005232084165801565,0.04739745099433944,0.10029431682978353,0.02997555228909527,True,True,True
21004,0.2,C4,6,0.0006084010905463844,0.04024214313545866,0.09754389214866968,0.03166195864740852,True,True,True
21004,0.2,C5,5,0.0003628529718426865,0.054890055718203004,0.11601868546444104,0.026803961960571845,True,True,True
21004,0.2,C6,6,0.00047414771125486865,0.04153789894890193,0.10065639695753413,0.029273193231340377,True,True,True
21004,0.2,C7,6,0.000655585981321205,0.040948660985202445,0.0992390905648074,0.03516252554932398,True,True,True
21004,0.3,C1,6,0.0014387039628421805,0.07576376278802587,0.18224736863968236,0.056802005353279436,True,True,True
21004,0.3,C2,6,0.0014752852477630807,0.062636026709072,0.15056241549179342,0.0521068911535116,True,True,True
21004,0.3,C3,5,0.001123115289888288,0.06981178516160631,0.15276831042278208,0.04325367323612132,True,True,True
21004,0.3,C4,6,0.0013017665887832264,0.06180194416121971,0.14856053647138565,0.04560169253271546,True,True,True
21004,0.3,C5,5,0.0007758304004027439,0.08088963045687841,0.17671553708580098,0.03833126078663397,True,True,True
21004,0.3,C6,6,0.001025445841716155,0.06381179095161223,0.15335195254513018,0.04246443530769433,True,True,True
21004,0.3,C7,6,0.0015510297900487302,0.06290034001985817,0.15117839560144025,0.05489883082278703,True,True,True
21004,0.4,C1,6,0.002500238285837897,0.10362947805908049,0.24870524758979848,0.07377279682999856,True,True,True
21004,0.4,C2,6,0.002656703397109772,0.08564978119273133,0.20526970016521312,0.06990763065829858,True,True,True
21004,0.4,C3,5,0.0019025074804158715,0.09162348958938593,0.20830780023267645,0.05544808052187202,True,True,True
21004,0.4,C4,6,0.0021974099749558773,0.08450755441209146,0.202535328529501,0.058341142888379806,True,True,True
21004,0.4,C5,5,0.0013101091662214293,0.10621551790486512,0.24097595959543308,0.04877242253133565,True,True,True
21004,0.4,C6,6,0.001750096120957001,0.08728591169087249,0.20917049491714965,0.054709805951632,True,True,True
21004,0.4,C7,6,0.002893912151971767,0.08602997563753215,0.20617699078148682,0.0759750438659506,True,True,True
21004,0.5,C1,6,0.003814037501422285,0.13315004505811384,0.3209719833565836,0.08969570783135745,True,True,True
21004,0.5,C2,6,0.004195746673460454,0.11000397072918489,0.26450987281198113,0.08764913542507166,True,True,True
21004,0.5,C3,5,0.0028292479785969604,0.11299619889191924,0.26847650813091434,0.06661755614739509,True,True,True
21004,0.5,C4,6,0.0032555662355542303,0.10853480048254138,0.26097932220963693,0.06994794935490742,True,True,True
21004,0.5,C5,5,0.0019436754579227333,0.1310547138302869,0.3106679450932103,0.05823891922291321,True,True,True
21004,0.5,C6,6,0.002622059950222244,0.11214602014858595,0.2697141370507139,0.06604121660760844,True,True,True
21004,0.5,C7,6,0.004735986984679141,0.11051960039282607,0.26580211795094477,0.09823018700419585,True,True,True
21004,0.6,C1,6,0.005355474847675179,0.1646085274545789,0.402038880578124,0.10457130681073912,True,True,True
21004,0.6,C2,6,0.006093409349407275,0.13591658568535495,0.330496885031685,0.10516550747323987,True,True,True
21004,0.6,C3,5,0.003873466080994814,0.1431139761892647,0.3355337321993062,0.07682777997870363,True,True,True
21004,0.6,C4,6,0.004439489640479577,0.1340987715748132,0.32607894870477877,0.08049869102930991,True,True,True
21004,0.6,C5,5,0.0026566718291684,0.165499432631239,0.38855922455277175,0.06683204104443571,True,True,True
21004,0.6,C6,6,0.003616498033800486,0.13861965041731583,0.3373103990902335,0.07650025876555104,True,True,True
21004,0.6,C7,6,0.007127430296665849,0.13659208920608037,0.33232684398110945,0.12142701230264151,True,True,True
21004,0.7,C1,6,0.007099463482548862,0.1983612050605333,0.49691030059708147,0.11841980054649041,True,True,True
21004,0.7,C2,6,0.008345898995948509,0.16365865367790597,0.4067850065150248,0.12230165575913823,True,True,True
21004,0.7,C3,5,0.005007738672823003,0.17981157773259224,0.4131048533189877,0.08614737299158144,True,True,True
21004,0.7,C4,6,0.005715725446858944,0.16146699220726715,0.40135003721247975,0.0900735856558843,True,True,True
21004,0.7,C5,5,0.003431310292627776,0.20841389591321582,0.47925179563620823,0.07464291585734127,True,True,True
21004,0.7,C6,6,0.004709993511448518,0.1669902347163174,0.41572517044016244,0.08613464435131016,True,True,True
21004,0.7,C7,6,0.01011530773488678,0.16452491579521847,0.40941748641824616,0.14525885719153006,True,True,True
21004,0.8,C1,6,0.009020771220774826,0.23486618265706682,0.6154064506964182,0.13127597352154327,True,True,True
21004,0.8,C2,6,0.010944534212794621,0.19357370208592797,0.49994114206219575,0.13891997217851695,True,True,True
21004,0.8,C3,5,0.006207191105220611,0.22591244787502363,0.5078884654367013,0.09464503675729485,True,True,True
21004,0.8,C4,6,0.00705425363436285,0.19097871766211508,0.4933058679844388,0.09875274295570183,True,True,True
21004,0.8,C5,5,0.004251768688892987,0.2632456208787729,0.5917226456813757,0.08175298679615037,True,True,True
21004,0.8,C6,6,0.005880718505188232,0.1976178566170364,0.5120139661715968,0.0949953771644292,True,True,True
21004,0.8,C7,6,0.013741890108370791,0.19467033000036763,0.5038965873084157,0.1693680203693519,True,True,True
21004,0.9,C1,6,0.011094313525168986,0.27472772133902773,0.7830108961890838,0.1431847210870584,True,True,True
21004,0.9,C2,6,0.013875752762010807,0.2261072430639435,0.6253257261276234,0.15490500793449816,True,True,True
21004,0.9,C3,5,0.007449528620950274,0.26993914882704184,0.6356052120422184,0.10238759147179291,True,True,True
21004,0.9,C4,6,0.008428523451894376,0.2230741999278164,0.6172487941573603,0.1066136716137611,True,True,True
21004,0.9,C5,5,0.005104075106324268,0.31296776114879654,0.7492087829564218,0.08823473106350123,True,True,True
21004,0.9,C6,6,0.007108548416277838,0.23097085788814908,0.6432096883721905,0.1031345999913017,True,True,True
21004,0.9,C7,6,0.018042862446809416,0.22748601043113284,0.631933940051268,0.19337353002970892,True,True,True
21004,1.0,C1,6,0.013295421351929182,0.31876816567993305,1.2154349340748207,0.15419732651646967,True,True,True
21004,1.0,C2,6,0.017121233222764376,0.2618533574580863,0.8591821252448781,0.17016590866891187,True,True,True
21004,1.0,C3,5,0.008715009500269155,0.3025560526370751,0.8895301705104007,0.10943871278917272,True,True,True
21004,1.0,C4,6,0.00981539796767783,0.25834099030913676,0.8481443108204754,0.11372973955810216,True,True,True
21004,1.0,C5,5,0.005975984513105437,0.3508790223628046,1.1388306022874182,0.09415248148905755,True,True,True
21004,1.0,C6,6,0.008375129115909097,0.26767611920614354,0.9177971346581653,0.11060402302905993,True,True,True
21004,1.0,C7,6,0.023045485651875808,0.263583656572928,0.8884441195193933,0.21690301252803562,True,True,True
21005,0.0,C1,6,0.0,1.1535105027602711e-16,3.075137411781281e-16,1.1223352073015843e-10,False,False,False
21005,0.0,C2,6,0.0,9.669143872149901e-17,4.3872777536181464e-16,6.438277402879772e-12,False,False,False
21005,0.0,C3,5,0.0,1.9011296757622872e-16,4.1248931682512333e-16,1.465698633772034e-11,False,False,False
21005,0.0,C4,6,0.0,1.1443916996305594e-16,2.6673093725629205e-16,9.262580300729435e-12,False,False,False
21005,0.0,C5,5,0.0,1.2397136057374605e-16,3.132324617386636e-16,5.550650192908238e-11,False,False,False
21005,0.0,C6,6,0.0,9.671932033403504e-17,1.8367397651774825e-16,8.396934918606375e-11,False,False,False
21005,0.0,C7,6,0.0,9.770987626804369e-17,4.036084450654358e-16,1.812090504514195e-11,False,False,False
21005,0.1,C1,6,0.00019412190877743374,0.023311361777485558,0.05727010478711022,0.019835595905513155,True,True,True
21005,0.1,C2,6,0.0001613848433953402,0.019292190947282573,0.047393612674680966,0.016119565769238158,True,True,True
21005,0.1,C3,5,9.868065954887761e-05,0.023250705806459722,0.047726298195615594,0.012445446450191818,True,True,True
21005,0.1,C4,6,0.00010707261965470227,0.019087645625214814,0.04689031747731736,0.013096502103248782,True,True,True
21005,0.1,C5,5,0.000253063453900193,0.02766414930701624,0.056807975370871705,0.023480828343216947,True,True,True
21005,0.1,C6,6,0.00019442620549592338,0.019411502345824446,0.04768291679587256,0.01767422634780851,True,True,True
21005,0.1,C7,6,0.00015624926759438829,0.019315212727632092,0.0474483462876991,0.016131689287130352,True,True,True
21005,0.2,C1,6,0.000746202009086816,0.04765078375551578,0.11557301377075867,0.038133805447718536,True,True,True
21005,0.2,C2,6,0.0006476864216453659,0.039429623019791096,0.09560746537254372,0.03227250273547165,True,True,True
21005,0.2,C3,5,0.0003714250986844858,0.04556046711396536,0.09627836606618187,0.023745305680105504,True,True,True
21005,0.2,C4,6,0.0004346417126299684,0.039012222210791044,0.09459221778826835,0.02647006478349823,True,True,True
21005,0.2,C5,5,0.001016448141206272,0.05420391037277426,0.11465464399808294,0.04700525148743429,True,True,True
21005,0.2,C6,6,0.0007856897349601821,0.039678425176897965,0.09620005769680982,0.03556765817446054,True,True,True
21005,0.2,C7,6,0.0006497328642883771,0.0394793084256089,0.09572328390944122,0.033241508737568475,True,True,True
21005,0.3,C1,6,0.0016111997728619487,0.07316598887648565,0.1760520536460225,0.054928334449007875,True,True,True
21005,0.3,C2,6,0.0014590110091519115,0.06052830209426118,0.14554087013543673,0.04832628730737086,True,True,True
21005,0.3,C3,5,0.0007859138253069053,0.0671258620004767,0.14656176229585324,0.03399521433714222,True,True,True
21005,0.3,C4,6,0.000991014011054503,0.05988845632211637,0.14399509831426516,0.04005041482505605,True,True,True
21005,0.3,C5,5,0.0022912187994303945,0.07986338937994782,0.1746893960336664,0.07027057249813809,True,True,True
21005,0.3,C6,6,0.0017813793408492096,0.06091893871090156,0.14646747770760973,0.053502741756997096,True,True,True
21005,0.3,C7,6,0.001516826198714294,0.060609327499706954,0.1457317759325255,0.0512455702693435,True,True,True
21005,0.4,C1,6,0.0027451154839723824,0.10003402545534976,0.2401042305142896,0.07028516882219252,True,True,True
21005,0.4,C2,6,0.0025912808489979566,0.08272589895014143,0.19827225320586783,0.06415261781090403,True,True,True
21005,0.4,C3,5,0.0013132755783181738,0.08811681975819122,0.1996628203051532,0.04328890214770678,True,True,True
21005,0.4,C4,6,0.0017827269310194405,0.08185243312498447,0.1961644580812927,0.05376096420720855,True,True,True
21005,0.4,C5,5,0.00407139360914488,0.10485284571792942,0.23831530375924856,0.09299194660686354,True,True,True
21005,0.4,C6,6,0.0031829618522380976,0.08327350975676832,0.1995872234004199,0.0712996265872197,True,True,True
21005,0.4,C7,6,0.002792210603412948,0.08284427889634255,0.1985629655674201,0.07001996852992542,True,True,True
21005,0.5,C1,6,0.00410555928043832,0.12847004655526073,0.3096089935723868,0.08429048948139879,True,True,True
21005,0.5,C2,6,0.004036271873061437,0.10618782841392906,0.2552128735106526,0.07963266749783661,True,True,True
21005,0.5,C3,5,0.001927967597912028,0.10868531235794684,0.2570039256016483,0.05171555311110845,True,True,True
21005,0.5,C4,6,0.002814387295848708,0.10506756324431175,0.25249249259362866,0.06752098502053186,True,True,True
21005,0.5,C5,5,0.006343983143845433,0.12936029899283574,0.3074164372453102,0.11492036784120617,True,True,True
21005,0.5,C6,6,0.00498557447656689,0.10691124936632718,0.2570091790501107,0.08878566970673622,True,True,True
21005,0.5,C7,6,0.004507908924152204,0.10635132970091515,0.25564490609090773,0.08940144155162559,True,True,True
21005,0.6,C1,6,0.005652217207012367,0.15873966079499943,0.38736002899512395,0.0970411767953726,True,True,True
21005,0.6,C2,6,0.005781743454162602,0.13111563946846785,0.31838267150928184,0.09466134126999491,True,True,True
21005,0.6,C3,5,0.002607607495535791,0.1364653566645967,0.3206225009237295,0.05935832424379545,True,True,True
21005,0.6,C4,6,0.00408853394885389,0.1297328062466469,0.3149673521170916,0.08124809459773887,True,True,True
21005,0.6,C5,5,0.009089191724869883,0.16409086883284862,0.38478361305372605,0.1358549324940127,True,True,True
21005,0.6,C6,6,0.007177983139894151,0.13203872180604856,0.32082641889557795,0.10580392764655801,True,True,True
21005,0.6,C7,6,0.006692269387770899,0.13133435526345685,0.31902646543977475,0.10919243090753326,True,True,True
21005,0.7,C1,6,0.007347216657167421,0.19117678599978266,0.4780237043052422,0.10863785603795688,True,True,True
21005,0.7,C2,6,0.00781165661200911,0.1577588816826438,0.3909839427926325,0.10915020282882311,True,True,True
21005,0.7,C3,5,0.0033327712175995616,0.1709908789738369,0.39375257738434577,0.06629366512214056,True,True,True
21005,0.7,C4,6,0.0056055282040755605,0.15609428256931768,0.3867305743638765,0.09486085796959766,True,True,True
21005,0.7,C5,5,0.012280775224618679,0.2068440802184311,0.4750483361885764,0.15564835574410063,True,True,True
21005,0.7,C6,6,0.0097427121607927,0.15891248852024412,0.39440560751454323,0.12221963153868506,True,True,True
21005,0.7,C7,6,0.009368927406167127,0.158046043511759,0.391965392583076,0.1291705954646231,True,True,True
21005,0.8,C1,6,0.009155396322641174,0.22621029550342844,0.5907630413503799,0.11918012019645928,True,True,True
21005,0.8,C2,6,0.01010647407828058,0.18643237549525254,0.47883369964870204,0.12302896820761378,True,True,True
21005,0.8,C3,5,0.004086769450942551,0.21398505157769881,0.4822847226548019,0.07259116580353073,True,True,True
21005,0.8,C4,6,0.007363475555997923,0.18446214203461464,0.4734608675974388,0.1082812989841618,True,True,True
21005,0.8,C5,5,0.015886543784954466,0.2615238333143574,0.5871908839174615,0.174206304871785,True,True,True
21005,0.8,C6,6,0.012656343446440621,0.1878575214368413,0.4840330267770258,0.13792411139626004,True,True,True
21005,0.8,C7,6,0.012555780127025962,0.18680553018468618,0.4804046267479925,0.14910180193242004,True,True,True
21005,0.9,C1,6,0.01104448785905332,0.26440533634273533,0.7495142429676077,0.1287634661234636,True,True,True
21005,0.9,C2,6,0.012643532925259326,0.21754221621017805,0.5951692674242384,0.1362456686165246,True,True,True
21005,0.9,C3,5,0.0048554127108260126,0.2589921134553229,0.599740056384354,0.07831373560518377,True,True,True
21005,0.9,C4,6,0.009358181412150723,0.21523590873594567,0.5879812289794945,0.121437127180569,True,True,True
21005,0.9,C5,5,0.019868992998417823,0.30929641907970973,0.7440221559150831,0.19148214970861882,True,True,True
21005,0.9,C6,6,0.015889976324588106,0.21929523313847238,0.6049775892587277,0.15283614636858422,True,True,True
21005,0.9,C7,6,0.01626401246626541,0.21802498519829372,0.5980017514943625,0.16875471309526857,True,True,True
21005,1.0,C1,6,0.012985217945812533,0.30653045402665596,1.1464135768882193,0.13747749884995272,True,True,True
21005,1.0,C2,6,0.015397478203749593,0.2516265726067023,0.7963678012485994,0.1487657297721765,True,True,True
21005,1.0,C3,5,0.00562677337028783,0.2901095309514783,0.8108266300345146,0.08351797509762426,True,True,True
21005,1.0,C4,6,0.011583142845794092,0.24894414794831762,0.7843315014168109,0.134263530627352,True,True,True
21005,1.0,C5,5,0.024186043085523967,0.34685306118590936,1.1096018781232713,0.2074690678299741,True,True,True
21005,1.0,C6,6,0.019409832515000947,0.25378808664804803,0.8599775949998175,0.1669011206135197,True,True,True
21005,1.0,C7,6,0.020497215612099606,0.2522513889689764,0.812645101451093,0.18791468883099174,True,True,True
