seed,eta,criterion,active_alternatives,NS,LRV50,LRV_max,NSV_vector,pass_num_NS,pass_num_LRV,pass_num_NSV
21001,0.0,C1,6,0.0,1.3219348676614905e-16,3.085940738286285e-16,1.8035576242002578e-09,False,False,False
21001,0.0,C2,6,0.0,1.035361099832293e-16,4.476828941703194e-16,1.7393470323397037e-11,False,False,False
21001,0.0,C3,5,0.0,1.5485313844939964e-16,6.671692182429852e-16,1.759403091494218e-11,False,False,False
21001,0.0,C4,6,0.0,1.2223802550979761e-16,4.3124698074984075e-16,1.4948587571336547e-11,False,False,False
21001,0.0,C5,5,0.0,1.43684412702999e-16,6.326128341884431e-16,3.85381395343247e-11,False,False,False
21001,0.0,C6,6,0.0,1.003264240958173e-16,1.747234979459573e-16,1.2106523789353133e-11,False,False,False
21001,0.0,C7,6,0.0,1.0866582569983546e-16,2.5445672320916056e-16,2.331080685833005e-11,False,False,False
21001,0.1,C1,6,6.72355596961216e-05,0.02272994390654846,0.05420768766399609,0.012332188376871413,True,True,True
21001,0.1,C2,6,0.00010112815279206266,0.01865206776763288,0.045478722373533315,0.013206855956472452,True,True,True
21001,0.1,C3,5,7.37384898790161e-05,0.021426659908209703,0.04448394840676557,0.011128016759694055,True,True,True
21001,0.1,C4,6,0.00015133436228853547,0.019302554297688276,0.046239514899903945,0.015865590627152464,True,True,True
21001,0.1,C5,5,9.446182673422676e-05,0.024594978585023197,0.05089626522271805,0.014624581223926207,True,True,True
21001,0.1,C6,6,0.00016465079113936465,0.019404873199668236,0.04726426103701319,0.01664894118256158,True,True,True
21001,0.1,C7,6,8.321543564704381e-05,0.017990646455817827,0.04570493285002859,0.011747932090481146,True,True,True
21001,0.2,C1,6,0.000255227546953507,0.044149932069887356,0.10209024291147407,0.024292821758580774,True,True,True
21001,0.2,C2,6,0.000380457044719118,0.03585954545966864,0.08652033392928356,0.025814997036199744,True,True,True
21001,0.2,C3,5,0.00028330701729495367,0.03902335809426619,0.08472429297761351,0.021704181296073908,True,True,True
21001,0.2,C4,6,0.000573320644110531,0.03892726178330538,0.08991698788600329,0.03073669817525554,True,True,True
21001,0.2,C5,5,0.0003812624185022262,0.04429584667055871,0.09557898073767992,0.02994035136442556,True,True,True
21001,0.2,C6,6,0.0006169665919195655,0.038737080295037474,0.09192393289547136,0.0320423307455106,True,True,True
21001,0.2,C7,6,0.00029337347415714365,0.03392224064457987,0.08743839859517906,0.02187118931396702,True,True,True
21001,0.3,C1,6,0.0005445325737799545,0.06439062130356879,0.14604039039994604,0.03581858834049261,True,True,True
21001,0.3,C2,6,0.0008047567246872722,0.051804994080487735,0.12498958803665758,0.03778811449614965,True,True,True
21001,0.3,C3,5,0.000611630589442913,0.05802370112613004,0.12393663232399366,0.03171948577753468,True,True,True
21001,0.3,C4,6,0.0012178409493539544,0.05905711095342884,0.1321984918170779,0.04451954498538,True,True,True
21001,0.3,C5,5,0.0008631542467152364,0.06765619600645245,0.13898971664385895,0.04584230196137984,True,True,True
21001,0.3,C6,6,0.00130119739612522,0.05816024356934012,0.13446194290891644,0.04624328050857706,True,True,True
21001,0.3,C7,6,0.0005857009965480886,0.04820719684224696,0.1259130734915316,0.030664436461439067,True,True,True
21001,0.4,C1,6,0.0009174789148879148,0.08356467062623929,0.18749764300627433,0.04686429452583268,True,True,True
21001,0.4,C2,6,0.0013447869858593808,0.06663908726370814,0.16206798971759692,0.049107650248726015,True,True,True
21001,0.4,C3,5,0.0010424044787493703,0.07968116083459184,0.16406851651518978,0.04117525597922099,True,True,True
21001,0.4,C4,6,0.002038610061480206,0.07987416505541652,0.173994832508787,0.05717651469693508,True,True,True
21001,0.4,C5,5,0.0015397690869665137,0.09189530611059206,0.18498520067783294,0.06220158768574827,True,True,True
21001,0.4,C6,6,0.002169890155894416,0.07781728667475662,0.17526836193416256,0.05932757978108259,True,True,True
21001,0.4,C7,6,0.0009295746919186776,0.0611500290391474,0.1616704048680091,0.038360298078983404,True,True,True
21001,0.5,C1,6,0.0013583305356640318,0.10176985199625903,0.22741124814175642,0.05740104060052159,True,True,True
21001,0.5,C2,6,0.001975285132647997,0.08048761447158419,0.19858598922433357,0.059770228121618675,True,True,True
21001,0.5,C3,5,0.0015603242120345584,0.10311320304627553,0.2066547375388109,0.05008111352424321,True,True,True
21001,0.5,C4,6,0.0029929359417034673,0.10107880070558245,0.21609127833831496,0.06871435000664039,True,True,True
21001,0.5,C5,5,0.0024077718970343387,0.11581994345369995,0.23848840646843855,0.07887024291134992,True,True,True
21001,0.5,C6,6,0.0031830053837411665,0.09783950716592982,0.21466748652312462,0.07137704235314515,True,True,True
21001,0.5,C7,6,0.001303954274889385,0.07298098936890925,0.19513227629118174,0.04514330699666455,True,True,True
21001,0.6,C1,6,0.0018533016428734506,0.11749591116140091,0.26646226037492005,0.06741391644476294,True,True,True
21001,0.6,C2,6,0.0026747530712816214,0.09345665894546054,0.23519217103808185,0.06978476176468851,True,True,True
21001,0.6,C3,5,0.0021512365153398827,0.12327044097911982,0.25722596778691625,0.05845305180445,True,True,True
21001,0.6,C4,6,0.004042763669923066,0.11504453221381815,0.25923950286168246,0.07917199536353053,True,True,True
21001,0.6,C5,5,0.003461118636691851,0.14221408568165622,0.29710364948152074,0.09568780848353522,True,True,True
21001,0.6,C6,6,0.004307010841312242,0.118353540901074,0.25293670197929335,0.08247473695645845,True,True,True
21001,0.6,C7,6,0.0016943512030387353,0.08387774952279886,0.2266344699479123,0.05116081654702764,True,True,True
21001,0.7,C1,6,0.002390474163501355,0.12877961309157784,0.3051819225570332,0.07689953776612996,True,True,True
21001,0.7,C2,6,0.0034251293589543375,0.105636494130009,0.2724519616652548,0.0791695860808965,True,True,True
21001,0.7,C3,5,0.0028022235107714177,0.1384211324242565,0.31476697180547847,0.0663117133241972,True,True,True
21001,0.7,C4,6,0.005155148924794295,0.12780789896181075,0.3042396799413271,0.08860969169204129,True,True,True
21001,0.7,C5,5,0.004691390670275797,0.16748308518052235,0.3628128313171049,0.11248925404828335,True,True,True
21001,0.7,C6,6,0.00551400864783147,0.13948722283130122,0.2903202620530729,0.0927017722950453,True,True,True
21001,0.7,C7,6,0.0020907956052020893,0.09397983996561439,0.25644916702750836,0.05653137474232659,True,True,True
21001,0.8,C1,6,0.002959658007521848,0.13901799018915967,0.34402167650087223,0.0858636496706583,True,True,True
21001,0.8,C2,6,0.00421140817837895,0.11710456188831891,0.31091631303519507,0.08794983643871371,True,True,True
21001,0.8,C3,5,0.0035016327355712473,0.1527402871775316,0.3811939208357773,0.07368091188181197,True,True,True
21001,0.8,C4,6,0.00630230930315856,0.13956901703010624,0.3520361245482415,0.09710007860851688,True,True,True
21001,0.8,C5,5,0.006088178077130801,0.1870316128993329,0.4387976036611608,0.1291133056251742,True,True,True
21001,0.8,C6,6,0.006780927899142086,0.1571992840787867,0.3270399168991299,0.10213528034806126,True,True,True
21001,0.8,C7,6,0.0024864584341931506,0.1033985385378609,0.2848005624488782,0.06135110328333648,True,True,True
21001,0.9,C1,6,0.0035522226772923826,0.15504158084881678,0.3834000445092601,0.09431894005645074,True,True,True
21001,0.9,C2,6,0.0050212470845049095,0.12792778086141907,0.351182348588189,0.09615519455676291,True,True,True
21001,0.9,C3,5,0.004239064943345694,0.1663314450209242,0.4612334142045067,0.08058641004934125,True,True,True
21001,0.9,C4,6,0.007461386735559183,0.15048413631930277,0.4038590142553958,0.10472145078716852,True,True,True
21001,0.9,C5,5,0.0076394861023803,0.2061942173304205,0.5308014099487242,0.14541019483759512,True,True,True
21001,0.9,C6,6,0.008088798367825945,0.17005777324704177,0.3633036701724602,0.11084727586411662,True,True,True
21001,0.9,C7,6,0.002876708224155644,0.11548365751534308,0.31187599911169217,0.06569855240844215,True,True,True
21001,1.0,C1,6,0.004160919615947334,0.18034366511369948,0.4237396336470083,0.102283137461487,True,True,True
21001,1.0,C2,6,0.005844589740150119,0.13816435821016396,0.39396347135906284,0.10381804132250058,True,True,True
21001,1.0,C3,5,0.005005330478004555,0.17927550545804175,0.565169467365598,0.08705494044523598,True,True,True
21001,1.0,C4,6,0.008614031032472713,0.16067719369266328,0.4614789577376061,0.11155296644139392,True,True,True
21001,1.0,C5,5,0.009332142420252487,0.22504824763403547,0.6513672323980563,0.16124796926121854,True,True,True
21001,1.0,C6,6,0.009422110091724334,0.18199277920099022,0.39931360742119876,0.11890412823702506,True,True,True
21001,1.0,C7,6,0.0032584592029055726,0.12962970069717783,0.33783409840308687,0.06963840622089483,True,True,True
21002,0.0,C1,6,0.0,9.913103068534419e-17,3.1490043025789916e-16,8.518583876979998e-11,False,False,False
21002,0.0,C2,6,0.0,9.106197872083432e-17,2.602993587919464e-16,1.992198801154663e-11,False,False,False
21002,0.0,C3,5,0.0,1.8487656651386738e-16,4.529927626029093e-16,9.70382514038824e-12,False,False,False
21002,0.0,C4,6,0.0,1.3285617318860324e-16,6.089044468994093e-16,1.9782739163021504e-11,False,False,False
21002,0.0,C5,5,0.0,9.092872616676642e-17,2.8413902102441497e-16,1.0599659710451319e-10,False,False,False
21002,0.0,C6,6,0.0,9.51332223498421e-17,2.595168583796511e-16,4.4536212416928e-11,False,False,False
21002,0.0,C7,6,0.0,1.1307118705850854e-16,2.3886571574932744e-16,7.603180767159052e-12,False,False,False
21002,0.1,C1,6,0.0001461739535315587,0.021874666487194255,0.056152908695181386,0.017201918863799133,True,True,True
21002,0.1,C2,6,0.00012425949456829066,0.01900764707577213,0.044967522360033305,0.014332439900867092,True,True,True
21002,0.1,C3,5,0.00014868048937499712,0.019906086765695764,0.04136295241876924,0.015259619273103913,True,True,True
21002,0.1,C4,6,5.8586753023059934e-05,0.016056656109612433,0.04002773604782019,0.009889121417265325,True,True,True
21002,0.1,C5,5,8.797429691242975e-05,0.02748060121416076,0.055606031042036326,0.013970306171539559,True,True,True
21002,0.1,C6,6,0.00015246306668170728,0.0181921819149178,0.04440822279462986,0.015908743177565753,True,True,True
21002,0.1,C7,6,0.00011995230890948783,0.018760690170245523,0.045536496728675976,0.013648109615588003,True,True,True
21002,0.2,C1,6,0.0005286347199907615,0.041598979511003595,0.10974522576204088,0.03202480115682389,True,True,True
21002,0.2,C2,6,0.00045512558007276827,0.037318939479204616,0.0843268502133996,0.027429326509442076,True,True,True
21002,0.2,C3,5,0.0005390834990400828,0.03455638896529219,0.0744459597421053,0.028999588337103463,True,True,True
21002,0.2,C4,6,0.00022668971416794914,0.02777215653411091,0.06860920787938568,0.01956138442593941,True,True,True
21002,0.2,C5,5,0.000328611802029144,0.0522667621079764,0.1070207151230947,0.026500696422047887,True,True,True
21002,0.2,C6,6,0.0005324972243572201,0.034247589030358745,0.0822348341794535,0.029559895692761334,True,True,True
21002,0.2,C7,6,0.00043417768730891204,0.03719933828234385,0.0879345718907451,0.02563490760601308,True,True,True
21002,0.3,C1,6,0.0010797360930221434,0.05948745016143982,0.1614170635768225,0.04491370131626872,True,True,True
21002,0.3,C2,6,0.0009385573681323089,0.05502709907403453,0.11957762720366194,0.039341999767769385,True,True,True
21002,0.3,C3,5,0.001101782335805157,0.04875548565999189,0.10278345933598497,0.041373932007978106,True,True,True
21002,0.3,C4,6,0.0004913194314440927,0.03688701590394051,0.09298674114040777,0.028925262854914712,True,True,True
21002,0.3,C5,5,0.0006917248303479617,0.07479610611380325,0.1550047382945599,0.03779408878539883,True,True,True
21002,0.3,C6,6,0.0010527126411349341,0.048427953895330285,0.11488817189299776,0.04133589382928808,True,True,True
21002,0.3,C7,6,0.0008857308238297001,0.055574374859740594,0.12828660227593486,0.03617169780011901,True,True,True
21002,0.4,C1,6,0.0017491590644649335,0.07579407128148048,0.2117018700442753,0.05621676282495363,True,True,True
21002,0.4,C2,6,0.0015312790247301589,0.0722113821614949,0.15169643947176906,0.050147262715961184,True,True,True
21002,0.4,C3,5,0.001783410472620206,0.06313962952407536,0.1280043332188426,0.05253081067769636,True,True,True
21002,0.4,C4,6,0.0008383599998225133,0.0476039885840461,0.11895113221698413,0.03790896403216475,True,True,True
21002,0.4,C5,5,0.0011525229378267499,0.09540666002075304,0.20014501929658685,0.048020336676962726,True,True,True
21002,0.4,C6,6,0.0016543163478583978,0.06100510099944416,0.14339186316850938,0.051555466990446656,True,True,True
21002,0.4,C7,6,0.0014308228926644961,0.07408056754105789,0.16739421419749015,0.04545364731699339,True,True,True
21002,0.5,C1,6,0.0024994311046053763,0.09072661167640944,0.2610661665306157,0.06620731042229644,True,True,True
21002,0.5,C2,6,0.0021992440344261732,0.0889399978203834,0.18135399913250047,0.05993455897139292,True,True,True
21002,0.5,C3,5,0.002543500347343408,0.07555059330047145,0.15339940660410512,0.06260751127505493,True,True,True
21002,0.5,C4,6,0.001253511253324624,0.06241319156767183,0.14408423733895598,0.046460719143200976,True,True,True
21002,0.5,C5,5,0.0016906361352316823,0.11436555767334755,0.24290663840185794,0.05732166879230956,True,True,True
21002,0.5,C6,6,0.0022980555491880494,0.07221926891576898,0.16851021805649039,0.060479804645551485,True,True,True
21002,0.5,C7,6,0.0020362676755892872,0.09287609122678418,0.2058896379355363,0.053654663951124455,True,True,True
21002,0.6,C1,6,0.0033026277215078004,0.10712713673495991,0.3099391864315143,0.075101371790242,True,True,True
21002,0.6,C2,6,0.0029160467192632655,0.10406861904670581,0.2090310017258068,0.06879717018774602,True,True,True
21002,0.6,C3,5,0.003351711682620939,0.08621333035363556,0.17919958831439786,0.07172826968515039,True,True,True
21002,0.6,C4,6,0.001723008179657759,0.07848261234217199,0.16893202337963734,0.05454745397799964,True,True,True
21002,0.6,C5,5,0.0022893180272600677,0.13188792662148813,0.2836668626669287,0.06581744291748806,True,True,True
21002,0.6,C6,6,0.002957942044667705,0.0822727036252451,0.19082687220362168,0.06832142665273999,True,True,True
21002,0.6,C7,6,0.0026772486820190178,0.11011891701934808,0.2443108695235434,0.0609263065049451,True,True,True
21002,0.7,C1,6,0.004137943040312342,0.13222927136808643,0.35873764837401306,0.08307110312391343,True,True,True
21002,0.7,C2,6,0.003661459868513184,0.11426527632047288,0.23508428400129014,0.07682659168466505,True,True,True
21002,0.7,C3,5,0.004185532981851425,0.09619676978229694,0.20374900005851573,0.0800038104763901,True,True,True
21002,0.7,C4,6,0.002234114574604207,0.09393079649996185,0.19391790098164133,0.062152432535836674,True,True,True
21002,0.7,C5,5,0.002934795973052573,0.14814977569965104,0.3227383234965815,0.07360815860046552,True,True,True
21002,0.7,C6,6,0.0036169690062215487,0.09133303780580017,0.2107960563227482,0.07525300030891781,True,True,True
21002,0.7,C7,6,0.003335453536693067,0.12159170562135233,0.2831542813374978,0.06739885363335556,True,True,True
21002,0.8,C1,6,0.004989896485976586,0.15969567064037027,0.40788955011681016,0.09025492715891921,True,True,True
21002,0.8,C2,6,0.00442017038752629,0.12343174024120651,0.2597867268134726,0.0841092292113968,True,True,True
21002,0.8,C3,5,0.00502843949433629,0.10302371404539432,0.22716590115834534,0.0875318571672419,True,True,True
21002,0.8,C4,6,0.002775416777035189,0.10056489122161463,0.21940053684718586,0.06927240802734676,True,True,True
21002,0.8,C5,5,0.003615740992148675,0.16329706099104394,0.3603853603846636,0.0807787794741276,True,True,True
21002,0.8,C6,6,0.0042642063119723295,0.09953880409600992,0.22877711988967456,0.08141507708469639,True,True,True
21002,0.8,C7,6,0.003997562438554092,0.13196652290336652,0.32291802694321253,0.07318337430829362,True,True,True
21002,0.9,C1,6,0.005847004696364122,0.18118630566067356,0.45786074171277175,0.09676515625040336,True,True,True
21002,0.9,C2,6,0.005180727071256053,0.13173977169619505,0.28335243655684855,0.09072469144692275,True,True,True
21002,0.9,C3,5,0.0058684490877086715,0.10910724482403744,0.24955366342082283,0.09439813716898961,True,True,True
21002,0.9,C4,6,0.003336956822785897,0.10654390975835724,0.24571188808062566,0.07591469426014284,True,True,True
21002,0.9,C5,5,0.0043228350168065255,0.17745223044206776,0.39683592602450185,0.08740145512934287,True,True,True
21002,0.9,C6,6,0.00489283371629845,0.11012127321316954,0.24815418890211405,0.08692250578685307,True,True,True
21002,0.9,C7,6,0.004654049827936824,0.14140921965270947,0.3641460098334547,0.078374133802357,True,True,True
21002,1.0,C1,6,0.006700794153940315,0.19270615464707042,0.509189127831622,0.10269373285463547,True,True,True
21002,1.0,C2,6,0.00593468632796712,0.14614288208782433,0.3059532572157734,0.09674512330734068,True,True,True
21002,1.0,C3,5,0.0066970063112171685,0.11461639105437779,0.27100317320637746,0.10067759150378676,True,True,True
21002,1.0,C4,6,0.00391024697141662,0.11324067844187924,0.2731863547247931,0.08209443336373841,True,True,True
21002,1.0,C5,5,0.005048417213301293,0.19071905443168027,0.43229054516814447,0.09353773944236402,True,True,True
21002,1.0,C6,6,0.005498807442077536,0.12307662989215039,0.2690541606291842,0.09186959914128581,True,True,True
21002,1.0,C7,6,0.005298249255993537,0.1500521620402973,0.4074829509700158,0.08305097879123112,True,True,True
21003,0.0,C1,6,0.0,1.1905815549843722e-16,4.496060575246782e-16,2.6217892136568617e-11,False,False,False
21003,0.0,C2,6,0.0,1.0676340095211193e-16,3.423557713600585e-16,1.334583020866545e-11,False,False,False
21003,0.0,C3,5,0.0,1.185377392347608e-16,2.9424052125430657e-16,9.745050220325265e-12,False,False,False
21003,0.0,C4,6,0.0,1.3687748718835772e-16,5.310534564584923e-16,1.3648571397376179e-11,False,False,False
21003,0.0,C5,5,0.0,1.3235551256876783e-16,4.75611043366452e-16,2.4560602523998926e-10,False,False,False
21003,0.0,C6,6,0.0,9.353258351710692e-17,3.4338033348934405e-16,1.8838765736691497e-11,False,False,False
21003,0.0,C7,6,0.0,1.1601697804775608e-16,3.38208266098046e-16,9.156302889404377e-12,False,False,False
21003,0.1,C1,6,0.00017941243552188624,0.022457272809524056,0.05667322687030132,0.020869810141669408,True,True,True
21003,0.1,C2,6,0.00010722070149449259,0.01942977968083612,0.04289146905623604,0.01440226068829732,True,True,True
21003,0.1,C3,5,0.00016640780145871226,0.02273787744850129,0.04745571640900608,0.017463604550655102,True,True,True
21003,0.1,C4,6,0.00020699241203647745,0.01881374413209613,0.04769488119386572,0.019572723811038733,True,True,True
21003,0.1,C5,5,0.0001146042649056156,0.026430164825393912,0.05593591047274532,0.015675296970957184,True,True,True
21003,0.1,C6,6,0.00012814389989190822,0.01893823953572048,0.04632000158389262,0.01509381150958987,True,True,True
21003,0.1,C7,6,7.148772821152782e-05,0.019897272498494642,0.04430229266272713,0.011949443886912917,True,True,True
21003,0.2,C1,6,0.0007078330080646511,0.043562456222330445,0.1129895266436381,0.042314766843960565,True,True,True
21003,0.2,C2,6,0.0004208683302628913,0.03895301685035521,0.07919215599490817,0.028775626595972853,True,True,True
21003,0.2,C3,5,0.0006407433073364333,0.04281305350910755,0.09325589199302327,0.034205710177246905,True,True,True
21003,0.2,C4,6,0.0007987378034490789,0.037227086785910815,0.09520043048584359,0.038225468829264926,True,True,True
21003,0.2,C5,5,0.0004155184370673304,0.04911745664566334,0.10973545611438405,0.029288672880419222,True,True,True
21003,0.2,C6,6,0.0005022611937536281,0.03767637561193153,0.09063104100800727,0.03006446812648634,True,True,True
21003,0.2,C7,6,0.00031640766460772074,0.03837701785194359,0.08432668279889075,0.025787128842747236,True,True,True
21003,0.3,C1,6,0.0015620810065500867,0.0630816500209826,0.16997076169227013,0.06393267667811307,True,True,True
21003,0.3,C2,6,0.0009237913768231909,0.05101560541201289,0.11255891451823763,0.04289344798826997,True,True,True
21003,0.3,C3,5,0.001386848852915401,0.06073144830071658,0.13812952578583,0.05017311642660647,True,True,True
21003,0.3,C4,6,0.0017270183989706034,0.05575726777198402,0.1436648648439056,0.05576065234368591,True,True,True
21003,0.3,C5,5,0.0008506676067007168,0.0689023687743453,0.1622965006705601,0.04121018595820506,True,True,True
21003,0.3,C6,6,0.0010975751509536558,0.05646840801477177,0.13424540160945805,0.04459042934026799,True,True,True
21003,0.3,C7,6,0.000781948262577048,0.04947824191857535,0.12425570446996856,0.041556534963529554,True,True,True
21003,0.4,C1,6,0.0027100540782057925,0.0810617119852837,0.22869468867623235,0.08531704224376367,True,True,True
21003,0.4,C2,6,0.0015938981298700972,0.06420986553323381,0.14798911737377846,0.056562806618350385,True,True,True
21003,0.4,C3,5,0.0023704764466234707,0.07687014803862935,0.18271297456634691,0.06533464303788555,True,True,True
21003,0.4,C4,6,0.00294021526193744,0.07473884794297646,0.19431408527426777,0.07205377593077487,True,True,True
21003,0.4,C5,5,0.0013809938403372968,0.0890447722543995,0.2143972205801523,0.051731667030121074,True,True,True
21003,0.4,C6,6,0.0018808028348069605,0.07551469761710952,0.17825985128433763,0.058418012502877426,True,True,True
21003,0.4,C7,6,0.00151489437643626,0.058400710604866166,0.16692052075488054,0.0592028647826129,True,True,True
21003,0.5,C1,6,0.004113858358854805,0.10723695271860421,0.2904175284437698,0.10609590156446863,True,True,True
21003,0.5,C2,6,0.0024063802015864555,0.07709641705768887,0.18417711288379476,0.06963201708501716,True,True,True
21003,0.5,C3,5,0.0035595950856563974,0.09605601234230196,0.2276056258572672,0.0796783290865523,True,True,True
21003,0.5,C4,6,0.004386003768773072,0.09442573427963478,0.24861973600608828,0.08704640929458589,True,True,True
21003,0.5,C5,5,0.0019771716477534618,0.11268187749393235,0.2667696544585233,0.061084238696909876,True,True,True
21003,0.5,C6,6,0.0028146826435629935,0.0949859278480594,0.22371460028653847,0.07136940413325457,True,True,True
21003,0.5,C7,6,0.0025583126783877974,0.07968626018840959,0.2170807526046571,0.07854787135390481,True,True,True
21003,0.6,C1,6,0.00573278366296559,0.14136082591033514,0.35675275371218734,0.1259615156849249,True,True,True
21003,0.6,C2,6,0.003335596753975212,0.08906897421921703,0.22068002525647146,0.08199264347268059,True,True,True
21003,0.6,C3,5,0.00492457281366343,0.11740980364297693,0.27341871603518775,0.09320815528338705,True,True,True
21003,0.6,C4,6,0.006013557163949468,0.11503999519466135,0.3085604705197425,0.10073427118153909,True,True,True
21003,0.6,C5,5,0.002617168673327508,0.1373031705508139,0.3201641070926038,0.0694522085188217,True,True,True
21003,0.6,C6,6,0.003861654401464132,0.11503857477149251,0.2717312030105634,0.08333938500841186,True,True,True
21003,0.6,C7,6,0.003948170066411794,0.10900534096846079,0.274211529990611,0.0992769736479686,True,True,True
21003,0.7,C1,6,0.00752582910445776,0.15732302052489036,0.4299840727261639,0.144686556484558,True,True,True
21003,0.7,C2,6,0.004356531100103478,0.10024571233679576,0.25781540095525407,0.09357706897906758,True,True,True
21003,0.7,C3,5,0.006438257983905293,0.13999662807735022,0.3208278109769396,0.10594068629232468,True,True,True
21003,0.7,C4,6,0.007775216659004935,0.1398442829988132,0.37712330290189144,0.11315369388805549,True,True,True
21003,0.7,C5,5,0.0032844337592652373,0.1572813554225464,0.37541951276204244,0.07698375846872192,True,True,True
21003,0.7,C6,6,0.004986487805863082,0.12936868506315144,0.32367749235903626,0.09428465869870621,True,True,True
21003,0.7,C7,6,0.005710266156555788,0.14791440180861273,0.34176766419366833,0.12094816146877094,True,True,True
21003,0.8,C1,6,0.009453644354927793,0.17197441270157562,0.5137079139573912,0.16212669444181405,True,True,True
21003,0.8,C2,6,0.005445814635722357,0.11918595543687704,0.295929798031955,0.10435313229418877,True,True,True
21003,0.8,C3,5,0.008075981882292194,0.15597333052634446,0.3706416033745542,0.11790191407483312,True,True,True
21003,0.8,C4,6,0.009627642656669932,0.15993918550618882,0.4594757453405491,0.12436880296791623,True,True,True
21003,0.8,C5,5,0.003966548381323043,0.17098134247083777,0.4335584340787153,0.08379906576724154,True,True,True
21003,0.8,C6,6,0.006157899640976794,0.1443160297539771,0.3814299448662454,0.10420989182628951,True,True,True
21003,0.8,C7,6,0.007857841496669793,0.18958407680591097,0.42601091448399514,0.14302762527941112,True,True,True
21003,0.9,C1,6,0.011479873250855532,0.1854876944908835,0.6144158263000604,0.17821273440623947,True,True,True
21003,0.9,C2,6,0.00658236473440621,0.14270148842824656,0.3354229685971358,0.11431734327446906,True,True,True
21003,0.9,C3,5,0.009815502071621185,0.16833290077298035,0.4239084878030719,0.12912447021267834,True,True,True
21003,0.9,C4,6,0.011532500284652802,0.18472631529518505,0.5665337589896926,0.13446067752658963,True,True,True
21003,0.9,C5,5,0.004654219897746392,0.18345504761440046,0.49593974663710033,0.08999645168681303,True,True,True
21003,0.9,C6,6,0.0073493338383325835,0.1802577550336808,0.44789689298517565,0.11315364381905785,True,True,True
21003,0.9,C7,6,0.0103901415248,0.22108289652607588,0.5410898432273888,0.164947586892048,True,True,True
21003,1.0,C1,6,0.013571962762826018,0.1980039436085076,0.7466347175606554,0.19293676159680176,True,True,True
21003,1.0,C2,6,0.007747708132158415,0.1693487518464595,0.3767820399370526,0.12348788574649881,True,True,True
21003,1.0,C3,5,0.011636902877815491,0.17978454136730382,0.48210675936496405,0.13964528262473438,True,True,True
21003,1.0,C4,6,0.013456754439850838,0.2114838182749035,0.7336944099217781,0.14351891637786543,True,True,True
21003,1.0,C5,5,0.005340527210814683,0.19486820435967084,0.5645428903975062,0.09565704601463669,True,True,True
21003,1.0,C6,6,0.008539124174315904,0.20427445172332728,0.5283221257097565,0.1211760767648771,True,True,True
21003,1.0,C7,6,0.013292088267364721,0.2556517648213107,0.7433155988157587,0.186172060261945,True,True,True
21004,0.0,C1,6,0.0,1.07181094099104e-16,2.6159832478042126e-16,2.2467160819728827e-10,False,False,False
21004,0.0,C2,6,0.0,9.446686715622941e-17,1.9847856673826088e-16,1.4698152062609056e-11,False,False,False
21004,0.0,C3,5,0.0,1.0559213169492251e-16,3.109020951889229e-16,6.192426985332237e-11,False,False,False
21004,0.0,C4,6,0.0,1.1553789694527423e-16,5.266367229347058e-16,1.399410768426136e-11,False,False,False
21004,0.0,C5,5,0.0,1.5349956617378143e-16,7.222425309945365e-16,7.731657477674791e-11,False,False,False
21004,0.0,C6,6,0.0,9.537584764147469e-17,1.4135192823251806e-16,1.3856835868898323e-10,False,False,False
21004,0.0,C7,6,0.0,1.559853472138027e-16,3.7095407283717784e-16,4.6289846710934405e-11,False,False,False
21004,0.1,C1,6,0.00010353103379057149,0.023251475859505304,0.0537638632745685,0.016051246954108596,True,True,True
21004,0.1,C2,6,0.0001821849228775818,0.019212646776506803,0.04674023438758403,0.01814810879557528,True,True,True
21004,0.1,C3,5,0.00023768366427479037,0.022419591070520037,0.04797076903614414,0.020977743314535915,True,True,True
21004,0.1,C4,6,8.180334705787384e-05,0.018576979091614793,0.045482377548890666,0.011910448395418972,True,True,True
21004,0.1,C5,5,0.00021426869421536932,0.027329580643341022,0.05520998991291338,0.02172301393428103,True,True,True
21004,0.1,C6,6,0.00019440883655519325,0.018754814848116273,0.04908110350831557,0.019218819525874845,True,True,True
21004,0.1,C7,6,0.00015192726979307292,0.01910870651058473,0.047813610968382395,0.01658556323893177,True,True,True
21004,0.2,C1,6,0.0003834825470825365,0.04581481359464878,0.09956015751415484,0.03129164042602965,True,True,True
21004,0.2,C2,6,0.0006732942838166833,0.037856856684991363,0.09015198762141259,0.034879568348790385,True,True,True
21004,0.2,C3,5,0.0009155244745913116,0.04146226094225003,0.09376541051860773,0.041326649423374745,True,True,True
21004,0.2,C4,6,0.00029832220912417995,0.035833142357551695,0.08617394050885274,0.0226354772415813,True,True,True
21004,0.2,C5,5,0.0008226599905939436,0.05242337915871252,0.10691246650592978,0.04267259294296854,True,True,True
21004,0.2,C6,6,0.0007042890386422807,0.03549969424840108,0.09749581193231961,0.03647214202440553,True,True,True
21004,0.2,C7,6,0.0005992699770128729,0.03769115554667149,0.09359130493460496,0.03332129250535832,True,True,True
21004,0.3,C1,6,0.0007998705719998167,0.06777445444333609,0.13995751492818426,0.04568293822277673,True,True,True
21004,0.3,C2,6,0.0013993081340154534,0.05603943584795349,0.13125832230964865,0.05017239415474863,True,True,True
21004,0.3,C3,5,0.0019696106387518952,0.058374628536313075,0.13859709116730728,0.06061886516252579,True,True,True
21004,0.3,C4,6,0.0006127526244195103,0.05189411456206693,0.12286647552535744,0.03227794308489275,True,True,True
21004,0.3,C5,5,0.0017722609520751664,0.07580106261175767,0.15598174607148935,0.06262590539051203,True,True,True
21004,0.3,C6,6,0.0014342165762919468,0.054827693660301345,0.14612206810733022,0.05181732484932314,True,True,True
21004,0.3,C7,6,0.0013268443822159748,0.05622682495034431,0.13783776411284301,0.05007861301409472,True,True,True
21004,0.4,C1,6,0.0013199075254914927,0.08739024594642798,0.1764656107280303,0.0592120981257894,True,True,True
21004,0.4,C2,6,0.0022984442986820897,0.07384765972300994,0.1708105327372092,0.06406599405406312,True,True,True
21004,0.4,C3,5,0.003328442395896025,0.07387263244659543,0.18346733190485612,0.07856096125596287,True,True,True
21004,0.4,C4,6,0.0009960672018290984,0.06687766423816477,0.15617624655656492,0.04094526675304324,True,True,True
21004,0.4,C5,5,0.0030104471489678097,0.09786135808742769,0.2030944320560857,0.08142722967613249,True,True,True
21004,0.4,C6,6,0.0023084515038368503,0.0717853404884791,0.19583758119706243,0.06538971951146683,True,True,True
21004,0.4,C7,6,0.0023166628766503328,0.07502072502097763,0.18097727986759288,0.06672695260394863,True,True,True
21004,0.5,C1,6,0.0019169887635720473,0.10009342014076435,0.2100440505522543,0.07188645732874965,True,True,True
21004,0.5,C2,6,0.0033203398868247858,0.0913543449543618,0.20939507336075705,0.07663873852364793,True,True,True
21004,0.5,C3,5,0.004920186237429736,0.08841646489670008,0.22930019997968915,0.09499004531004047,True,True,True
21004,0.5,C4,6,0.0014257538911517376,0.08089036651081653,0.18659199070296897,0.04874216257009958,True,True,True
21004,0.5,C5,5,0.004486831276408476,0.11892192909564941,0.2487997496554896,0.0989850778405778,True,True,True
21004,0.5,C6,6,0.0032691878292042675,0.08161777924619779,0.24760971627434775,0.07736198465201553,True,True,True
21004,0.5,C7,6,0.003548641116119966,0.0942954597316259,0.22338298896948697,0.08313980505987671,True,True,True
21004,0.6,C1,6,0.0025697118046797973,0.11094661887854959,0.24134082167347815,0.08372883987467775,True,True,True
21004,0.6,C2,6,0.004424698598551768,0.10862148222446566,0.2474995414930355,0.08799041226831152,True,True,True
21004,0.6,C3,5,0.00667769083982761,0.10738342889836888,0.27705221083609677,0.10985278591219942,True,True,True
21004,0.6,C4,6,0.0018845980868444911,0.09402710311544783,0.21450753608503506,0.05576654644205869,True,True,True
21004,0.6,C5,5,0.006154591231635975,0.13924533072605388,0.29356586239822624,0.1152636569599997,True,True,True
21004,0.6,C6,6,0.00427368281020768,0.08982259319107458,0.3026120193126834,0.08791688373286478,True,True,True
21004,0.6,C7,6,0.005001279232183298,0.11423541082739821,0.26539903126674974,0.09920029297874197,True,True,True
21004,0.7,C1,6,0.003260985378029879,0.12035677848997557,0.27081521063323455,0.0947730843639074,True,True,True
21004,0.7,C2,6,0.005579779670015994,0.12570289977654692,0.28555746991070075,0.09822963686526495,True,True,True
21004,0.7,C3,5,0.008541470507251292,0.12939721170718022,0.3278319431866423,0.12317731204584487,True,True,True
21004,0.7,C4,6,0.002359602401882932,0.10637172942171232,0.24024462043004388,0.062107578602731604,True,True,True
21004,0.7,C5,5,0.007971271723539175,0.15905690800922978,0.3378130252235925,0.1302715339742162,True,True,True
21004,0.7,C6,6,0.0052912092743419015,0.09834903232048677,0.3624098324549205,0.09723113988444225,True,True,True
21004,0.7,C7,6,0.0066522898365283245,0.13501111956997663,0.3073592479199432,0.11480566365768688,True,True,True
21004,0.8,C1,6,0.003977251699253337,0.13038432168807343,0.2988060344718265,0.10506023962548375,True,True,True
21004,0.8,C2,6,0.0067609332516593845,0.13738447974479287,0.3239827258126126,0.107465525469501,True,True,True
21004,0.8,C3,5,0.010461071958300816,0.1541257523051477,0.38307121140139516,0.13504560343565783,True,True,True
21004,0.8,C4,6,0.0028410756825253403,0.11799816256848097,0.2640692523784532,0.06784505061554597,True,True,True
21004,0.8,C5,5,0.009899166685064298,0.17855795083630438,0.38193995640082073,0.14404986482475832,True,True,True
21004,0.8,C6,6,0.006300291820555026,0.10795645567707053,0.429310532273077,0.10546708394000877,True,True,True
21004,0.8,C7,6,0.008479154419777535,0.1567951077804179,0.3496051687476215,0.12987035437280697,True,True,True
21004,0.9,C1,6,0.004707825413142852,0.1522221814359639,0.325571841985224,0.11463550324676712,True,True,True
21004,0.9,C2,6,0.007949281008959419,0.14727837818691517,0.3632005497460975,0.1158025750192415,True,True,True
21004,0.9,C3,5,0.012395286522468463,0.18263053675188443,0.4448304959069236,0.1455705021825854,True,True,True
21004,0.9,C4,6,0.0033218893082826995,0.1289715577306542,0.28620369450440286,0.07304956399294424,True,True,True
21004,0.9,C5,5,0.011905387063377182,0.20364151659148505,0.4263478288383155,0.15666172561166175,True,True,True
21004,0.9,C6,6,0.0072863980121253835,0.11684804466572711,0.507147650959334,0.1127692566020045,True,True,True
21004,0.9,C7,6,0.010459597831093403,0.176551603194205,0.39250597692007105,0.14432751131342705,True,True,True
21004,1.0,C1,6,0.005444341931330254,0.1756023942948175,0.35131579977211874,0.12354587109056091,True,True,True
21004,1.0,C2,6,0.009130578643598675,0.15632815783729812,0.4036813292261104,0.1233378561047878,True,True,True
21004,1.0,C3,5,0.01431162249213802,0.2166984956862954,0.5164611623880115,0.15487862555003015,True,True,True
21004,1.0,C4,6,0.0037968832190919954,0.13934942923434943,0.30856354571293515,0.07778313556254574,True,True,True
21004,1.0,C5,5,0.013961706747322666,0.23014322553158703,0.47146575900662235,0.16818330033376053,True,True,True
21004,1.0,C6,6,0.00824010286503385,0.12510396757131811,0.6034941309946825,0.11926389634335144,True,True,True
21004,1.0,C7,6,0.012571977321523153,0.18939884733596862,0.43648391326570296,0.15812907420402442,True,True,True
21005,0.0,C1,6,0.0,1.1535105027602711e-16,3.075137411781281e-16,1.1223352073015843e-10,False,False,False
21005,0.0,C2,6,0.0,9.669143872149901e-17,4.3872777536181464e-16,6.438277402879772e-12,False,False,False
21005,0.0,C3,5,0.0,1.9011296757622872e-16,4.1248931682512333e-16,1.465698633772034e-11,False,False,False
21005,0.0,C4,6,0.0,1.1443916996305594e-16,2.6673093725629205e-16,9.262580300729435e-12,False,False,False
21005,0.0,C5,5,0.0,1.2397136057374605e-16,3.132324617386636e-16,5.550650192908238e-11,False,False,False
21005,0.0,C6,6,0.0,9.671932033403504e-17,1.8367397651774825e-16,8.396934918606375e-11,False,False,False
21005,0.0,C7,6,0.0,9.770987626804369e-17,4.036084450654358e-16,1.812090504514195e-11,False,False,False
21005,0.1,C1,6,7.14856548817977e-05,0.021569966562735847,0.0529237021574118,0.012390171645665186,True,True,True
21005,0.1,C2,6,0.000211059273687475,0.018630271153144203,0.04637535941604406,0.018453837170376346,True,True,True
21005,0.1,C3,5,0.00012689381592112525,0.021440396590511147,0.04622162864686555,0.014508329675507145,True,True,True
21005,0.1,C4,6,0.0001607522482053314,0.017751814327480728,0.04436323411433208,0.015945796338198107,True,True,True
21005,0.1,C5,5,0.00015722103281490263,0.027411473381264803,0.05577071046533736,0.018269882400713814,True,True,True
21005,0.1,C6,6,0.00012624138413808161,0.01768172047952035,0.04310405401038964,0.014100418751067859,True,True,True
21005,0.1,C7,6,0.00015143324103095157,0.01794797187779551,0.04549000634577352,0.015859857503110204,True,True,True
21005,0.2,C1,6,0.0002626373268693749,0.04088090579226057,0.0990497402578096,0.023949674602522873,True,True,True
21005,0.2,C2,6,0.0008130637444641042,0.03688630631453109,0.09174377671986382,0.036204516197165276,True,True,True
21005,0.2,C3,5,0.0004976605507146514,0.039327726635533966,0.09034434302065288,0.028988123402906817,True,True,True
21005,0.2,C4,6,0.0005660122532934464,0.03408828284617034,0.08507943092118056,0.029803813211522385,True,True,True
21005,0.2,C5,5,0.0006018410637451677,0.05326433926109172,0.1104045700172147,0.035317573706263705,True,True,True
21005,0.2,C6,6,0.0004457776398610891,0.03314751129912266,0.07888220681483063,0.02633524966256695,True,True,True
21005,0.2,C7,6,0.0005857254077346052,0.034141112122173495,0.08844739258224103,0.031437577857517655,True,True,True
21005,0.3,C1,6,0.0005436317264380097,0.0582869074551852,0.14006915973910314,0.0346986741779867,True,True,True
21005,0.3,C2,6,0.001755794218686102,0.05497459715997419,0.13713736373045082,0.05306242546271744,True,True,True
21005,0.3,C3,5,0.00109495119862979,0.05473966968934151,0.13316874087830385,0.04331799512500313,True,True,True
21005,0.3,C4,6,0.0011239825997398922,0.04946657818227925,0.12340706887133503,0.04178850430948182,True,True,True
21005,0.3,C5,5,0.001294816660773801,0.07788119518243032,0.1647309409666054,0.0511417023493125,True,True,True
21005,0.3,C6,6,0.0008906082817589089,0.04689295225137139,0.10909554160621805,0.0370228520321679,True,True,True
21005,0.3,C7,6,0.0012690141709095215,0.048833780354394334,0.130180696988255,0.046530419041096706,True,True,True
21005,0.4,C1,6,0.0008906564427247909,0.07406932620758323,0.17711390042913736,0.04467082754565027,True,True,True
21005,0.4,C2,6,0.0029869932862846005,0.07305352025285876,0.18353941980919797,0.06889821057752293,True,True,True
21005,0.4,C3,5,0.0018989180430032393,0.06829533086696371,0.1753554828278463,0.05738499664608097,True,True,True
21005,0.4,C4,6,0.0017694454976093787,0.06414418567968948,0.16021789942391312,0.052139507796582475,True,True,True
21005,0.4,C5,5,0.002199475104360804,0.10152271812888228,0.21954834464649742,0.065771001563721,True,True,True
21005,0.4,C6,6,0.0014136240511706255,0.0592524060254258,0.13497319356269621,0.046419932750963414,True,True,True
21005,0.4,C7,6,0.002164907921811232,0.06223193664260569,0.17170887185903172,0.06098169510660822,True,True,True
21005,0.5,C1,6,0.0012848943348258146,0.08845496349429535,0.21097897228152268,0.05390849260075607,True,True,True
21005,0.5,C2,6,0.004454990692825067,0.09125171646797958,0.23199903565789323,0.08363866109370664,True,True,True
21005,0.5,C3,5,0.0028881652148202708,0.08348713217654793,0.21749196399725584,0.07108900580591351,True,True,True
21005,0.5,C4,6,0.0024574204397849186,0.07828000864149885,0.19616127995509378,0.06108924047144195,True,True,True
21005,0.5,C5,5,0.0032818171270230234,0.12440694187692289,0.2756966793140746,0.07925556162822184,True,True,True
21005,0.5,C6,6,0.0019822403249790677,0.0704650666489588,0.1574017224391234,0.054733690187404885,True,True,True
21005,0.5,C7,6,0.003237023617946422,0.08457698098761672,0.21392206019576984,0.07468110198158431,True,True,True
21005,0.6,C1,6,0.001711602272687962,0.10162896944146206,0.24224442300793614,0.06245889195351975,True,True,True
21005,0.6,C2,6,0.006110635012515964,0.10967977196347531,0.28376761059396244,0.09725829005945029,True,True,True
21005,0.6,C3,5,0.004040595607846975,0.10071141281481336,0.2601436381640125,0.08434576803251811,True,True,True
21005,0.6,C4,6,0.003157689863449331,0.09197944667196002,0.23175819652507845,0.06884782379289892,True,True,True
21005,0.6,C5,5,0.004510689711575422,0.14672262696955113,0.33414085898031987,0.09165929505942465,True,True,True
21005,0.6,C6,6,0.002573976796883315,0.08070971839433438,0.1770381177988356,0.06213198934591773,True,True,True
21005,0.6,C7,6,0.004450734036934745,0.1019379909319965,0.25769751404391417,0.08756097268710354,True,True,True
21005,0.7,C1,6,0.0021593156091429533,0.11374419127015714,0.27134678086981223,0.07037121845689524,True,True,True
21005,0.7,C2,6,0.007908598988096593,0.12843813960799974,0.340509231882718,0.10976903515535794,True,True,True
21005,0.7,C3,5,0.005334126915518822,0.11877743416119813,0.3039017680622045,0.09708847944971685,True,True,True
21005,0.7,C4,6,0.0038505151246788216,0.10531664473243896,0.2674608419349998,0.07559799895446168,True,True,True
21005,0.7,C5,5,0.005857852372396222,0.17108606894079703,0.39608977752267116,0.1030538911002364,True,True,True
21005,0.7,C6,6,0.0031733982664290394,0.09012455628203359,0.19438040675209547,0.06875154478986314,True,True,True
21005,0.7,C7,6,0.0057742561275342386,0.11154431996310885,0.30400985129798386,0.09958999375372032,True,True,True
21005,0.8,C1,6,0.002619182703776479,0.12492807292595341,0.2986231359837072,0.07769456458371518,True,True,True
21005,0.8,C2,6,0.009808156489208297,0.14762293529906514,0.40469894882670987,0.1212099703725363,True,True,True
21005,0.8,C3,5,0.006747266598067125,0.13802227833810418,0.3494384456536868,0.10926800766747222,True,True,True
21005,0.8,C4,6,0.0045234553688492385,0.11834637784099977,0.30369562749199447,0.08149522175437454,True,True,True
21005,0.8,C5,5,0.007297958870476129,0.20329881494702484,0.46319579402146804,0.11351424181652787,True,True,True
21005,0.8,C6,6,0.003769995794516867,0.09881924286415138,0.20981347718992438,0.07470437448014289,True,True,True
21005,0.8,C7,6,0.007179228856403319,0.12003909167510801,0.3540727976271237,0.11076584614636413,True,True,True
21005,0.9,C1,6,0.0030844199805657446,0.13528783149826673,0.32433952695816154,0.08447652093272558,True,True,True
21005,0.9,C2,6,0.011773539025667135,0.16733058795868144,0.4805393803081358,0.13163819140918534,True,True,True
21005,0.9,C3,5,0.008259548425473828,0.15887279014334182,0.3975839556941618,0.1208519967387161,True,True,True
21005,0.9,C4,6,0.00516907715765158,0.1301887551265969,0.34090020054372533,0.08667011156661639,True,True,True
21005,0.9,C5,5,0.00880847416748598,0.23991371336681133,0.5379406691457715,0.1231151633642304,True,True,True
21005,0.9,C6,6,0.00435671470289456,0.10688264058127453,0.22363978091989073,0.08008284731149286,True,True,True
21005,0.9,C7,6,0.008640919805598446,0.1276065813357189,0.40957444247776764,0.12110789721363409,True,True,True
21005,1.0,C1,6,0.0035498721568878455,0.14491439818389434,0.3487098877690572,0.09076229002062408,True,True,True
21005,1.0,C2,6,0.013773975979422093,0.18766199066992353,0.5767010748947616,0.14112139649348654,True,True,True
21005,1.0,C3,5,0.009851841904677583,0.17525231145533027,0.4494552596173302,0.13182317816781466,True,True,True
21005,1.0,C4,6,0.005783336836778341,0.14364359075356856,0.3795628222267392,0.09123172344811536,True,True,True
21005,1.0,C5,5,0.010369543926051827,0.2831875394574389,0.6245086936707358,0.1319291745155821,True,True,True
21005,1.0,C6,6,0.004928927594386678,0.1143879925280892,0.23610047469664158,0.08496362192266924,True,True,True
21005,1.0,C7,6,0.010138178410754484,0.1343921080518413,0.4731589731482172,0.13065065306349663,True,True,True
