seed,eta,modal_alternative,modal_count,modal_share,nonoptimal_contexts,regret_mean,regret_median,regret_p95,conditional_regret_mean,conditional_regret_median,conditional_regret_p95
21001,0.0,A6,962,0.962,38,0.0011106357489747713,0.0,0.0,0.029227256551967666,0.024378956429113238,0.06930059435701717
21001,0.1,A6,967,0.967,33,0.0009634245940073958,0.0,0.0,0.02919468466689079,0.02272464690342075,0.06914483520721734
21001,0.2,A6,970,0.97,30,0.000849693580741554,0.0,0.0,0.028323119358051804,0.019445230486765705,0.06957082358264932
21001,0.3,A6,973,0.973,27,0.0007631953527667994,0.0,0.0,0.028266494546918496,0.019250843437936916,0.07112118340051551
21001,0.4,A6,974,0.974,26,0.0007165287815945353,0.0,0.0,0.02755879929209751,0.017100469086823375,0.0717952508361388
21001,0.5,A6,976,0.976,24,0.0007015539045751352,0.0,0.0,0.029231412690630634,0.02463949880429698,0.07570204031471896
21001,0.6,A6,977,0.977,23,0.0007470715412043895,0.0,0.0,0.03248137135671259,0.03524893433350473,0.08184436013396046
21001,0.7,A6,971,0.971,29,0.0008461039250649482,0.0,0.0,0.029175997416032697,0.019745819377167625,0.07987738096398607
21001,0.8,A6,971,0.971,29,0.0009809956727916055,0.0,0.0,0.03382743699281398,0.026280336800935732,0.08539946787111555
21001,0.9,A6,965,0.965,35,0.0011779193093455723,0.0,0.0,0.03365483740987349,0.026266404165678044,0.08527109730175199
21001,1.0,A6,964,0.964,36,0.0014026446358660137,0.0,0.0,0.03896235099627815,0.03311437554015825,0.09570511550753014
21002,0.0,A1,467,0.467,533,0.06437548998930606,0.008484711880175431,0.27279264844864687,0.12077953093678433,0.09157011760711638,0.3294060629160771
21002,0.1,A1,429,0.429,571,0.06529917692011417,0.018920638605384295,0.2642799738908066,0.11435932910703003,0.09141514023133054,0.3060155957726661
21002,0.2,A1,370,0.37,630,0.06835890953727274,0.03280275157521617,0.2537401498164878,0.10850620561471863,0.08811075246809506,0.2849776747670609
21002,0.3,A1,312,0.312,688,0.0736597848297684,0.049418196121274634,0.24582776181050844,0.10706364074094243,0.08849218705160873,0.27336679212962034
21002,0.4,A6,291,0.291,709,0.09696710892522925,0.08428130067511759,0.24911065494483237,0.13676602105109908,0.13474824838427885,0.2638106996587335
21002,0.5,A6,317,0.317,683,0.09097786935123134,0.07199992217588627,0.23927686748058236,0.13320332262259346,0.13095364819538124,0.2596361903257742
21002,0.6,A6,335,0.335,665,0.08594460179086005,0.06158408654025534,0.23435538539601447,0.12924000269302263,0.12689956135665453,0.2583511403009585
21002,0.7,A6,361,0.361,639,0.08174381599088124,0.05621303155395911,0.23371469905140943,0.12792459466491585,0.1247488052249384,0.26064537362735046
21002,0.8,A6,385,0.385,615,0.0784403143684735,0.049265859111963704,0.23430485215548183,0.12754522661540404,0.125136927310653,0.2625951276977591
21002,0.9,A6,401,0.401,599,0.07583575361681243,0.039155100993320036,0.23685153989163296,0.12660392924342645,0.12255634810109348,0.263971016392068
21002,1.0,A6,415,0.415,585,0.07362461052996114,0.036439675557299975,0.23908114320574522,0.12585403509395066,0.11942509717507838,0.2634623852440091
21003,0.0,A2,761,0.761,239,0.04453549050247285,0.0,0.28948414553810775,0.1863409644454931,0.1741235381048839,0.4010505667483874
21003,0.1,A2,754,0.754,246,0.04372194023440212,0.0,0.2851873785131918,0.17773146436748832,0.16271444883625796,0.3974693977148144
21003,0.2,A2,737,0.737,263,0.043414655719191356,0.0,0.28349875608101843,0.1650747365748721,0.14793093574205982,0.39336351802556013
21003,0.3,A2,720,0.72,280,0.04366018306159831,0.0,0.28328847814167624,0.15592922521999397,0.1380639499533718,0.37627326940643446
21003,0.4,A2,689,0.689,311,0.044858947740492455,0.0,0.2802553444435641,0.14424098951926834,0.1196529547333674,0.36505140179130824
21003,0.5,A2,648,0.648,352,0.04723550320231025,0.0,0.27888928467782387,0.13419177046110867,0.10759239844577595,0.34318195108348
21003,0.6,A2,614,0.614,386,0.05069353357188646,0.0,0.27484329101025823,0.13133039785462813,0.10330136524761357,0.33641727490992357
21003,0.7,A2,572,0.572,428,0.05529701378244758,0.0,0.2786978982947667,0.12919863033282147,0.10245644873024781,0.326147525736003
21003,0.8,A2,528,0.528,472,0.061091516390240796,0.0,0.27855486330760343,0.12943117879288307,0.10930460653756115,0.32325890505452737
21003,0.9,A2,488,0.488,512,0.06818114265099177,0.0061056189424464795,0.28780888757695056,0.1331662942402183,0.11738945823484315,0.32476707667535176
21003,1.0,A2,451,0.451,549,0.07643483533451018,0.022861979658788653,0.29523219764286623,0.13922556527233182,0.12127655005741995,0.3277897609730211
21004,0.0,A2,771,0.771,229,0.024730159529102017,0.0,0.17201214728401676,0.10799196300917911,0.0821650560532659,0.2838736040309588
21004,0.1,A2,720,0.72,280,0.03197297287405337,0.0,0.1973949012088575,0.11418918883590486,0.0879512690056323,0.3061644232825533
21004,0.2,A2,658,0.658,342,0.04129041426869534,0.0,0.22452229963558284,0.1207322054640215,0.09903927075650082,0.321924377877273
21004,0.3,A2,570,0.57,430,0.053389949954941,0.0,0.25334461819375315,0.1241626743138163,0.09611966574336882,0.34167028355538276
21004,0.4,A2,428,0.428,572,0.07209623906678593,0.021273124461652797,0.2928740812231335,0.1260423759908845,0.09265795483188954,0.35269033002805555
21004,0.5,A1,305,0.305,695,0.06575940479439664,0.04462851365272506,0.22518436972318462,0.09461784862503117,0.07941485070674244,0.249388422754696
21004,0.6,A1,470,0.47,530,0.04614185670119666,0.006857054766824976,0.19373667739927805,0.08706010698338992,0.06757023849460002,0.23284562809326764
21004,0.7,A1,592,0.592,408,0.03347076331818667,0.0,0.16544375361242714,0.0820361846033987,0.0642069289726552,0.21910423514863825
21004,0.8,A1,679,0.679,321,0.02538864002083554,0.0,0.1396044988253921,0.07909233651350636,0.0635869284977161,0.2081780125198996
21004,0.9,A1,732,0.732,268,0.020251821941286337,0.0,0.12094880808588233,0.07556649978091917,0.061882714407551574,0.20046271509654384
21004,1.0,A1,770,0.77,230,0.016736779513232703,0.0,0.10398600124906383,0.07276860657927264,0.05747502343366752,0.20765920965536874
21005,0.0,A2,875,0.875,125,0.010305227486409952,0.0,0.08205295143968132,0.08244181989127962,0.057073259668872695,0.23133901328645481
21005,0.1,A2,809,0.809,191,0.015761663270427093,0.0,0.11924201085545826,0.08252179722736695,0.06563570946035094,0.2194399146454204
21005,0.2,A2,723,0.723,277,0.024709870762525447,0.0,0.1507383582637075,0.0892053096120052,0.06457290189951413,0.23566083195210363
21005,0.3,A2,625,0.625,375,0.03787690962537129,0.0,0.20191173903306806,0.10100509233432343,0.07575218744401194,0.25569250403776067
21005,0.4,A2,537,0.537,463,0.05490979915188585,0.0,0.23726845070663483,0.11859567851379237,0.09789942602731425,0.27866911624050117
21005,0.5,A2,454,0.454,546,0.07520322420140683,0.022937902481518394,0.27598825072642247,0.13773484285971946,0.12184305639101825,0.3094393979477255
21005,0.6,A4,342,0.342,658,0.10081708421664498,0.05398486719855508,0.32156707948496444,0.1532174532167857,0.13177721794180225,0.34017126094264954
21005,0.7,A4,407,0.407,593,0.08998214491624328,0.03604020465556582,0.3120519693271735,0.1517405479194659,0.13679658905674785,0.32819650706504794
21005,0.8,A4,455,0.455,545,0.08197750444417548,0.01699600050681574,0.30002077794894894,0.15041743934711096,0.13283348361673133,0.31985120905658465
21005,0.9,A4,507,0.507,493,0.07645506877458422,0.0,0.2951314365273988,0.15508127540483613,0.14692427944948255,0.31972342696582057
21005,1.0,A4,536,0.536,464,0.07268785207623807,0.0,0.29104918978978067,0.15665485361258205,0.15408375173493055,0.3216411093431501
