seed,eta,factor,criterion,pathway,active_alternatives,RE,base_IQR,SRE
21001,0.0,h_D,C1,h_D->C1,6,0.04809198167361342,0.08304323412609904,0.5791198064373052
21001,0.0,h_D,C2,h_D->C2,6,0.03504250846459439,0.1064302671757961,0.3292532227358192
21001,0.0,h_D,C3,h_D->C3,5,0.033795969645219345,0.11534238611360781,0.293005639848985
21001,0.0,h_D,C4,h_D->C4,6,0.0351336827519642,0.09863086417420494,0.3562138793547805
21001,0.0,h_D,C6,h_D->C6,6,0.02943096016941953,0.05850921020668829,0.5030141419607167
21001,0.0,h_D,C7,h_D->C7,6,0.020341430869993876,0.07011348738644058,0.2901215105388929
21001,0.0,h_E,C6,h_E->C6,6,0.019059973079908456,0.05850921020668829,0.3257602181306477
21001,0.0,h_I,C2,h_I->C2,6,0.02179222421949083,0.1064302671757961,0.20475589132263275
21001,0.0,h_I,C4,h_I->C4,6,0.03358140929068898,0.09863086417420494,0.3404756672418074
21001,0.0,h_I,C5,h_I->C5,5,0.06183945579426667,0.16016758802116354,0.3860921960422448
21001,0.0,h_T,C3,h_T->C3,5,0.022286551814784297,0.11534238611360781,0.19322083204208798
21001,0.0,h_T,C7,h_T->C7,6,0.030633309109008133,0.07011348738644058,0.43691036133649047
21001,0.1,h_D,C1,h_D->C1,6,0.05157863462882362,0.08345593673670912,0.6180343381793004
21001,0.1,h_D,C2,h_D->C2,6,0.03805977810756136,0.10793746619915572,0.3526095196359765
21001,0.1,h_D,C3,h_D->C3,5,0.03609321480548009,0.1141779884662734,0.31611359851400267
21001,0.1,h_D,C4,h_D->C4,6,0.03607890681305905,0.10245038664404713,0.35215979162732863
21001,0.1,h_D,C6,h_D->C6,6,0.030723811675163883,0.06085008197236203,0.504909947181561
21001,0.1,h_D,C7,h_D->C7,6,0.02165459127505808,0.07385337794469946,0.29321057313017657
21001,0.1,h_E,C6,h_E->C6,6,0.01970895537297209,0.06085008197236203,0.3238936536124957
21001,0.1,h_I,C2,h_I->C2,6,0.023587630382228702,0.10793746619915572,0.21853051783232125
21001,0.1,h_I,C4,h_I->C4,6,0.03477140394751675,0.10245038664404713,0.339397488737518
21001,0.1,h_I,C5,h_I->C5,5,0.06284823735601204,0.15365437641174767,0.4090234123054756
21001,0.1,h_T,C3,h_T->C3,5,0.02334001526737052,0.1141779884662734,0.20441781801104703
21001,0.1,h_T,C7,h_T->C7,6,0.03244498357805256,0.07385337794469946,0.439316175922348
21001,0.2,h_D,C1,h_D->C1,6,0.05511359975552181,0.08423924989512957,0.6542508370323705
21001,0.2,h_D,C2,h_D->C2,6,0.0408462299855422,0.10892254056968918,0.3750025455845255
21001,0.2,h_D,C3,h_D->C3,5,0.03793367070296283,0.11187920199610128,0.3390591819196714
21001,0.2,h_D,C4,h_D->C4,6,0.03735756309730225,0.10759940791884766,0.34719115857152705
21001,0.2,h_D,C6,h_D->C6,6,0.03196844838813434,0.06323794541975385,0.5055263604064328
21001,0.2,h_D,C7,h_D->C7,6,0.022788029258406388,0.077355882911084,0.29458689372475116
21001,0.2,h_E,C6,h_E->C6,6,0.020424073546876947,0.06323794541975385,0.32297180768580186
21001,0.2,h_I,C2,h_I->C2,6,0.025228604847209648,0.10892254056968918,0.23161968785365084
21001,0.2,h_I,C4,h_I->C4,6,0.03567948935434756,0.10759940791884766,0.3315955918728263
21001,0.2,h_I,C5,h_I->C5,5,0.06632313125081904,0.147837053158178,0.44862319583310484
21001,0.2,h_T,C3,h_T->C3,5,0.024794311024443093,0.11187920199610128,0.22161680260362865
21001,0.2,h_T,C7,h_T->C7,6,0.03428799386114396,0.077355882911084,0.44324998397488036
21001,0.3,h_D,C1,h_D->C1,6,0.05862586291624831,0.08523156682067817,0.6878421352842846
21001,0.3,h_D,C2,h_D->C2,6,0.04350759010509919,0.10976965849253648,0.39635351610081787
21001,0.3,h_D,C3,h_D->C3,5,0.039733487341265326,0.11138187464943444,0.356732075716687
21001,0.3,h_D,C4,h_D->C4,6,0.03814292528542591,0.11214041616761092,0.3401353997837441
21001,0.3,h_D,C6,h_D->C6,6,0.03294238957302925,0.06651676888670718,0.4952493953613742
21001,0.3,h_D,C7,h_D->C7,6,0.024139774236306973,0.08092043844245755,0.2983149214295771
21001,0.3,h_E,C6,h_E->C6,6,0.02110640654414271,0.06651676888670718,0.3173095581322402
21001,0.3,h_I,C2,h_I->C2,6,0.026863842779524305,0.10976965849253648,0.24472921887705532
21001,0.3,h_I,C4,h_I->C4,6,0.03667458554506503,0.11214041616761092,0.32704163938469993
21001,0.3,h_I,C5,h_I->C5,5,0.06957170195375537,0.14251015857409274,0.48818766780822864
21001,0.3,h_T,C3,h_T->C3,5,0.026064071194512886,0.11138187464943444,0.2340063971477717
21001,0.3,h_T,C7,h_T->C7,6,0.036068833325676154,0.08092043844245755,0.44573205508369723
21001,0.4,h_D,C1,h_D->C1,6,0.061788489319365356,0.08914392835005586,0.693131775346913
21001,0.4,h_D,C2,h_D->C2,6,0.0461781423490008,0.11224168347872958,0.4114170503985749
21001,0.4,h_D,C3,h_D->C3,5,0.04127422319283025,0.11124810283404853,0.3710105803244932
21001,0.4,h_D,C4,h_D->C4,6,0.03896419594614629,0.11796460155385584,0.33030413727992103
21001,0.4,h_D,C6,h_D->C6,6,0.03382988153353679,0.06902225063703678,0.4901300844411153
21001,0.4,h_D,C7,h_D->C7,6,0.025153808002158815,0.08523696492083765,0.29510445409717334
21001,0.4,h_E,C6,h_E->C6,6,0.021600972505465766,0.06902225063703678,0.31295665246768845
21001,0.4,h_I,C2,h_I->C2,6,0.02855314846989914,0.11224168347872958,0.25438988069931906
21001,0.4,h_I,C4,h_I->C4,6,0.037669619844774696,0.11796460155385584,0.31932986123178303
21001,0.4,h_I,C5,h_I->C5,5,0.07298505011102438,0.13943246288154376,0.5234437418817317
21001,0.4,h_T,C3,h_T->C3,5,0.027134045515806254,0.11124810283404853,0.24390569209111687
21001,0.4,h_T,C7,h_T->C7,6,0.038022474679966715,0.08523696492083765,0.4460796406211008
21001,0.5,h_D,C1,h_D->C1,6,0.06549585618825914,0.09517720164520536,0.6881464789406361
21001,0.5,h_D,C2,h_D->C2,6,0.048787020748555524,0.11440539858371301,0.42643984770028587
21001,0.5,h_D,C3,h_D->C3,5,0.042999147372511454,0.11187465587336115,0.38435110290574553
21001,0.5,h_D,C4,h_D->C4,6,0.03992948656846915,0.12351331280783004,0.3232808323283396
21001,0.5,h_D,C6,h_D->C6,6,0.03476267831035077,0.07183208616243951,0.4839435991216413
21001,0.5,h_D,C7,h_D->C7,6,0.02630698119054596,0.08955228216976555,0.2937611477101351
21001,0.5,h_E,C6,h_E->C6,6,0.02220954715100857,0.07183208616243951,0.3091869989752935
21001,0.5,h_I,C2,h_I->C2,6,0.030295505615227616,0.11440539858371301,0.26480835686084253
21001,0.5,h_I,C4,h_I->C4,6,0.03848781788965014,0.12351331280783004,0.31160865994437664
21001,0.5,h_I,C5,h_I->C5,5,0.0762570651090754,0.13629015754768972,0.5595199718059797
21001,0.5,h_T,C3,h_T->C3,5,0.02821439825888194,0.11187465587336115,0.25219651437916035
21001,0.5,h_T,C7,h_T->C7,6,0.03971063841865197,0.08955228216976555,0.44343524761243386
21001,0.6,h_D,C1,h_D->C1,6,0.06869802293757646,0.10138111183066079,0.6776215184111093
21001,0.6,h_D,C2,h_D->C2,6,0.05128625688299071,0.11520966529652307,0.4451558534654759
21001,0.6,h_D,C3,h_D->C3,5,0.04455104888954859,0.11391977646461451,0.39107387910821484
21001,0.6,h_D,C4,h_D->C4,6,0.040964432458691975,0.12898089091889503,0.3176007869579175
21001,0.6,h_D,C6,h_D->C6,6,0.0356675675305029,0.07510666450598857,0.4748921785387511
21001,0.6,h_D,C7,h_D->C7,6,0.027541435747769946,0.09437633412515647,0.2918256573830707
21001,0.6,h_E,C6,h_E->C6,6,0.022870171247378255,0.07510666450598857,0.30450255509949076
21001,0.6,h_I,C2,h_I->C2,6,0.031977506968715465,0.11520966529652307,0.27755923850776915
21001,0.6,h_I,C4,h_I->C4,6,0.03929138874258131,0.12898089091889503,0.30462953436244794
21001,0.6,h_I,C5,h_I->C5,5,0.07915504179459579,0.13336708586371093,0.5935125693223255
21001,0.6,h_T,C3,h_T->C3,5,0.029202165876293006,0.11391977646461451,0.25633973996698783
21001,0.6,h_T,C7,h_T->C7,6,0.041379941476871074,0.09437633412515647,0.43845675783037846
21001,0.7,h_D,C1,h_D->C1,6,0.0721008195831385,0.10780902800646366,0.6687827625915237
21001,0.7,h_D,C2,h_D->C2,6,0.053841537321924496,0.11728548589733588,0.45906394051685834
21001,0.7,h_D,C3,h_D->C3,5,0.04595190200186801,0.11524260802238627,0.39874055950333015
21001,0.7,h_D,C4,h_D->C4,6,0.04171650173735224,0.1345426366786478,0.3100615742850435
21001,0.7,h_D,C6,h_D->C6,6,0.03653021171825948,0.07878308511163086,0.4636808988380526
21001,0.7,h_D,C7,h_D->C7,6,0.028680015586646058,0.0988465923126676,0.2901467305583629
21001,0.7,h_E,C6,h_E->C6,6,0.023489436508856903,0.07878308511163086,0.2981532961710707
21001,0.7,h_I,C2,h_I->C2,6,0.03363922856999914,0.11728548589733588,0.28681493121116386
21001,0.7,h_I,C4,h_I->C4,6,0.040239036358098466,0.1345426366786478,0.29908018269263936
21001,0.7,h_I,C5,h_I->C5,5,0.08254784649045839,0.13111964227619757,0.6295612545673785
21001,0.7,h_T,C3,h_T->C3,5,0.030155849479881702,0.11524260802238627,0.26167274411007907
21001,0.7,h_T,C7,h_T->C7,6,0.042930615540258774,0.0988465923126676,0.43431558473991744
21001,0.8,h_D,C1,h_D->C1,6,0.07535951594211873,0.11295069694022083,0.6671894727779818
21001,0.8,h_D,C2,h_D->C2,6,0.0564490501730624,0.11961466859340514,0.4719241447256975
21001,0.8,h_D,C3,h_D->C3,5,0.04750513440978388,0.11796698455722952,0.40269855661466814
21001,0.8,h_D,C4,h_D->C4,6,0.04274551429014549,0.14073805604330525,0.3037239215290065
21001,0.8,h_D,C6,h_D->C6,6,0.03739586663099181,0.0824110705035894,0.4537723682270243
21001,0.8,h_D,C7,h_D->C7,6,0.029773294998272984,0.1034955983924348,0.28767692018254604
21001,0.8,h_E,C6,h_E->C6,6,0.02409879421843911,0.0824110705035894,0.2924218077848785
21001,0.8,h_I,C2,h_I->C2,6,0.03525369987345547,0.11961466859340514,0.2947272294253083
21001,0.8,h_I,C4,h_I->C4,6,0.04110598966112208,0.14073805604330525,0.292074445366658
21001,0.8,h_I,C5,h_I->C5,5,0.08607336620385989,0.1304851772195337,0.6596409495492873
21001,0.8,h_T,C3,h_T->C3,5,0.030916590481882635,0.11796698455722952,0.26207833147266674
21001,0.8,h_T,C7,h_T->C7,6,0.044694835685818814,0.1034955983924348,0.4318525268670171
21001,0.9,h_D,C1,h_D->C1,6,0.0782642959442911,0.11840650603904937,0.6609796924319283
21001,0.9,h_D,C2,h_D->C2,6,0.058905028256636,0.12281443643617956,0.47962625539356957
21001,0.9,h_D,C3,h_D->C3,5,0.048849128400546844,0.12154046518051936,0.4019165824944902
21001,0.9,h_D,C4,h_D->C4,6,0.04364349899953602,0.14784973482034108,0.2951882128992252
21001,0.9,h_D,C6,h_D->C6,6,0.0383448841770819,0.08575819309421076,0.44712793953704816
21001,0.9,h_D,C7,h_D->C7,6,0.03075090582667144,0.10792867919435054,0.2849187635383956
21001,0.9,h_E,C6,h_E->C6,6,0.024642976217005903,0.08575819309421076,0.28735419121583744
21001,0.9,h_I,C2,h_I->C2,6,0.03672121223087381,0.12281443643617956,0.2989975225726575
21001,0.9,h_I,C4,h_I->C4,6,0.04173285767361152,0.14784973482034108,0.28226535356347265
21001,0.9,h_I,C5,h_I->C5,5,0.08893940167388538,0.13061029762105927,0.6809524462706994
21001,0.9,h_T,C3,h_T->C3,5,0.031918905044477426,0.12154046518051936,0.26261957280488346
21001,0.9,h_T,C7,h_T->C7,6,0.04628301657442435,0.10792867919435054,0.4288296393459263
21001,1.0,h_D,C1,h_D->C1,6,0.08141297233568634,0.12415076658446371,0.6557589177642552
21001,1.0,h_D,C2,h_D->C2,6,0.06140234702598374,0.12515015973366983,0.49062939397091077
21001,1.0,h_D,C3,h_D->C3,5,0.050105524735132856,0.1262756264489689,0.3967949013104674
21001,1.0,h_D,C4,h_D->C4,6,0.04470108444936939,0.15326085079374419,0.2916666860295306
21001,1.0,h_D,C6,h_D->C6,6,0.039281911741358574,0.08913438221911327,0.4407043697723028
21001,1.0,h_D,C7,h_D->C7,6,0.03188297952916821,0.11276946653267109,0.2827270582117056
21001,1.0,h_E,C6,h_E->C6,6,0.025156483697009416,0.08913438221911327,0.2822309760882914
21001,1.0,h_I,C2,h_I->C2,6,0.038236867482806004,0.12515015973366983,0.30552791593611844
21001,1.0,h_I,C4,h_I->C4,6,0.042441291078124506,0.15326085079374419,0.2769219331488923
21001,1.0,h_I,C5,h_I->C5,5,0.09162071238076624,0.13237854647067443,0.6921114850008623
21001,1.0,h_T,C3,h_T->C3,5,0.032791818255907546,0.1262756264489689,0.2596844630891603
21001,1.0,h_T,C7,h_T->C7,6,0.04782543160326115,0.11276946653267109,0.4240991207401098
21002,0.0,h_D,C1,h_D->C1,6,0.05438099777725473,0.08524330415920538,0.6379503740851206
21002,0.0,h_D,C2,h_D->C2,6,0.04139537745074999,0.0913497034199943,0.45315283904070525
21002,0.0,h_D,C3,h_D->C3,5,0.020933694293097677,0.07652853962390922,0.2735410135316888
21002,0.0,h_D,C4,h_D->C4,6,0.019580067995233753,0.12063430160980734,0.16230929125285887
21002,0.0,h_D,C6,h_D->C6,6,0.020749016012194792,0.04549930283382854,0.4560293173615829
21002,0.0,h_D,C7,h_D->C7,6,0.022561622316918065,0.07800058085438377,0.2892494141645973
21002,0.0,h_E,C6,h_E->C6,6,0.014087701131781073,0.04549930283382854,0.30962454925786914
21002,0.0,h_I,C2,h_I->C2,6,0.028149299249114936,0.0913497034199943,0.308148775474246
21002,0.0,h_I,C4,h_I->C4,6,0.019536131328750685,0.12063430160980734,0.1619450775433551
21002,0.0,h_I,C5,h_I->C5,5,0.06863807327123164,0.1467063190559602,0.46786037378923134
21002,0.0,h_T,C3,h_T->C3,5,0.014180426780627892,0.07652853962390922,0.18529592816131973
21002,0.0,h_T,C7,h_T->C7,6,0.03466672239635993,0.07800058085438377,0.4444418492297311
21002,0.1,h_D,C1,h_D->C1,6,0.05725169137436552,0.08990032736758989,0.6368351823640698
21002,0.1,h_D,C2,h_D->C2,6,0.04352208019582983,0.09475988157047939,0.4592880391371131
21002,0.1,h_D,C3,h_D->C3,5,0.02440388990621941,0.07512013102869916,0.32486484743445393
21002,0.1,h_D,C4,h_D->C4,6,0.022616640998538506,0.11751468422411895,0.19245799916555587
21002,0.1,h_D,C6,h_D->C6,6,0.02289262504064525,0.04823918919335875,0.474564880193351
21002,0.1,h_D,C7,h_D->C7,6,0.023762826664260016,0.0814163504855832,0.29186799116199574
21002,0.1,h_E,C6,h_E->C6,6,0.015568033172279047,0.04823918919335875,0.3227258466048104
21002,0.1,h_I,C2,h_I->C2,6,0.0296936822451805,0.09475988157047939,0.3133571059054345
21002,0.1,h_I,C4,h_I->C4,6,0.02262362209732146,0.11751468422411895,0.19251740534810222
21002,0.1,h_I,C5,h_I->C5,5,0.071790695968541,0.15323907902269404,0.46848817172439816
21002,0.1,h_T,C3,h_T->C3,5,0.016626737164908787,0.07512013102869916,0.22133530568970006
21002,0.1,h_T,C7,h_T->C7,6,0.0365259876922149,0.0814163504855832,0.4486320926192105
21002,0.2,h_D,C1,h_D->C1,6,0.05986337967810232,0.0949973068422577,0.6301587030974977
21002,0.2,h_D,C2,h_D->C2,6,0.04553955030081183,0.09929356740378474,0.45863545334375183
21002,0.2,h_D,C3,h_D->C3,5,0.027668868574946943,0.07504892668527724,0.368677738598575
21002,0.2,h_D,C4,h_D->C4,6,0.025486947483257742,0.11527876083108349,0.22108970723915355
21002,0.2,h_D,C6,h_D->C6,6,0.02488238279467747,0.05112404925787542,0.486706024960606
21002,0.2,h_D,C7,h_D->C7,6,0.02489331694541947,0.08499454737934373,0.29288134018790507
21002,0.2,h_E,C6,h_E->C6,6,0.016982147069590794,0.05112404925787542,0.3321753131016436
21002,0.2,h_I,C2,h_I->C2,6,0.03112680695653126,0.09929356740378474,0.3134826129233355
21002,0.2,h_I,C4,h_I->C4,6,0.025613896736105726,0.11527876083108349,0.2221909443788631
21002,0.2,h_I,C5,h_I->C5,5,0.07487258518612142,0.1586851370621639,0.4718311151996467
21002,0.2,h_T,C3,h_T->C3,5,0.01890425712912422,0.07504892668527724,0.2518924382243148
21002,0.2,h_T,C7,h_T->C7,6,0.03818957903519958,0.08499454737934373,0.4493179881799276
21002,0.3,h_D,C1,h_D->C1,6,0.06273020865078135,0.09952327159063087,0.6303069387447314
21002,0.3,h_D,C2,h_D->C2,6,0.04770672899281109,0.10410758516201817,0.45824450656605764
21002,0.3,h_D,C3,h_D->C3,5,0.03077548362925774,0.07653471153841532,0.4021114473451486
21002,0.3,h_D,C4,h_D->C4,6,0.02829852482060544,0.11207605461095635,0.2524939418913711
21002,0.3,h_D,C6,h_D->C6,6,0.027017123814863063,0.05477322636675107,0.49325419746991545
21002,0.3,h_D,C7,h_D->C7,6,0.025918763060047107,0.08927670087820633,0.29031945406580223
21002,0.3,h_E,C6,h_E->C6,6,0.018248957331390203,0.05477322636675107,0.33317294856551805
21002,0.3,h_I,C2,h_I->C2,6,0.03254602022131109,0.10410758516201817,0.31261910619047106
21002,0.3,h_I,C4,h_I->C4,6,0.028135328613160645,0.11207605461095635,0.25103782168790895
21002,0.3,h_I,C5,h_I->C5,5,0.07855733103999221,0.16473670921775002,0.47686597245109325
21002,0.3,h_T,C3,h_T->C3,5,0.02113478438278405,0.07653471153841532,0.2761463910646563
21002,0.3,h_T,C7,h_T->C7,6,0.03962737597383362,0.08927670087820633,0.44387141979462785
21002,0.4,h_D,C1,h_D->C1,6,0.06545780210504668,0.10461339143197992,0.6257115003004362
21002,0.4,h_D,C2,h_D->C2,6,0.04950337163185033,0.10937635747283699,0.45259663765719776
21002,0.4,h_D,C3,h_D->C3,5,0.03377818255477834,0.07790806058845708,0.43356466967872864
21002,0.4,h_D,C4,h_D->C4,6,0.03093282436545123,0.1105984056384442,0.2796859881171672
21002,0.4,h_D,C6,h_D->C6,6,0.028950136814787322,0.05855049019166739,0.4944473858292806
21002,0.4,h_D,C7,h_D->C7,6,0.026827172456907106,0.09321590278956984,0.2877960911581824
21002,0.4,h_E,C6,h_E->C6,6,0.01963068723941768,0.05855049019166739,0.33527793148820034
21002,0.4,h_I,C2,h_I->C2,6,0.03388383958246875,0.10937635747283699,0.30979125987600953
21002,0.4,h_I,C4,h_I->C4,6,0.030828845763755573,0.1105984056384442,0.2787458425418808
21002,0.4,h_I,C5,h_I->C5,5,0.08157640087688824,0.17289025497590235,0.47183920740811336
21002,0.4,h_T,C3,h_T->C3,5,0.02322605409256321,0.07790806058845708,0.29812132296496
21002,0.4,h_T,C7,h_T->C7,6,0.041398892182235546,0.09321590278956984,0.4441183418589778
21002,0.5,h_D,C1,h_D->C1,6,0.06798345133627261,0.10911500816087237,0.6230440017510607
21002,0.5,h_D,C2,h_D->C2,6,0.05146503626989463,0.11615378430417603,0.4430767071237063
21002,0.5,h_D,C3,h_D->C3,5,0.03656798338909259,0.08026875979997974,0.4555693084054134
21002,0.5,h_D,C4,h_D->C4,6,0.033349213471502694,0.10805765105668819,0.30862426811127625
21002,0.5,h_D,C6,h_D->C6,6,0.03076769524732488,0.062250591805768224,0.49425546576056245
21002,0.5,h_D,C7,h_D->C7,6,0.02763998864103448,0.09742452751709275,0.28370667372137315
21002,0.5,h_E,C6,h_E->C6,6,0.020913568398921487,0.062250591805768224,0.33595774420650004
21002,0.5,h_I,C2,h_I->C2,6,0.035263764385183985,0.11615378430417603,0.3035954841775445
21002,0.5,h_I,C4,h_I->C4,6,0.033480714601519926,0.10805765105668819,0.30984122154983496
21002,0.5,h_I,C5,h_I->C5,5,0.08480041284515842,0.17943657133580185,0.4725926950866015
21002,0.5,h_T,C3,h_T->C3,5,0.02520620736032761,0.08026875979997974,0.3140226337472321
21002,0.5,h_T,C7,h_T->C7,6,0.04288798987103988,0.09742452751709275,0.44021758137934136
21002,0.6,h_D,C1,h_D->C1,6,0.0705649846769539,0.11419132232717434,0.6179540024429987
21002,0.6,h_D,C2,h_D->C2,6,0.05335737758688691,0.12334436237909413,0.43258870172324926
21002,0.6,h_D,C3,h_D->C3,5,0.039465360617825365,0.08375971100076682,0.4711735528432385
21002,0.6,h_D,C4,h_D->C4,6,0.035605019351986025,0.10644907711788426,0.33447936154694596
21002,0.6,h_D,C6,h_D->C6,6,0.032624800748252164,0.06629447903364155,0.49211942266269837
21002,0.6,h_D,C7,h_D->C7,6,0.028499777918386558,0.10226205024434232,0.27869359014425416
21002,0.6,h_E,C6,h_E->C6,6,0.022087564871648216,0.06629447903364155,0.3331735190211928
21002,0.6,h_I,C2,h_I->C2,6,0.03651414438825423,0.12334436237909413,0.2960341574082923
21002,0.6,h_I,C4,h_I->C4,6,0.03603352712494002,0.10644907711788426,0.33850483348669264
21002,0.6,h_I,C5,h_I->C5,5,0.08796744166129908,0.18645398187918538,0.4717917031014474
21002,0.6,h_T,C3,h_T->C3,5,0.027143799840282774,0.08375971100076682,0.32406749636123033
21002,0.6,h_T,C7,h_T->C7,6,0.04426806699912238,0.10226205024434232,0.43288851429163117
21002,0.7,h_D,C1,h_D->C1,6,0.07323567044601809,0.1193925890632588,0.6134021468166806
21002,0.7,h_D,C2,h_D->C2,6,0.05536071047776897,0.13091919188565082,0.4228616880380685
21002,0.7,h_D,C3,h_D->C3,5,0.042230123356669674,0.08843777865070765,0.4775122577759844
21002,0.7,h_D,C4,h_D->C4,6,0.03808001725159434,0.10449018952392178,0.3644362922943301
21002,0.7,h_D,C6,h_D->C6,6,0.03450319912516913,0.07061639979034157,0.4886003708362323
21002,0.7,h_D,C7,h_D->C7,6,0.029365337660924053,0.1074027546226275,0.27341326359672324
21002,0.7,h_E,C6,h_E->C6,6,0.023181025173365996,0.07061639979034157,0.3282668791082758
21002,0.7,h_I,C2,h_I->C2,6,0.037644428818675406,0.13091919188565082,0.2875394224191955
21002,0.7,h_I,C4,h_I->C4,6,0.03849329285673684,0.10449018952392178,0.3683914540853222
21002,0.7,h_I,C5,h_I->C5,5,0.09096246739470332,0.1930147098525338,0.471272202329702
21002,0.7,h_T,C3,h_T->C3,5,0.02898795126217109,0.08843777865070765,0.3277779214280543
21002,0.7,h_T,C7,h_T->C7,6,0.04547767340976733,0.1074027546226275,0.42343116402493747
21002,0.8,h_D,C1,h_D->C1,6,0.07626572079501795,0.12477270076916111,0.6112372363847765
21002,0.8,h_D,C2,h_D->C2,6,0.05724920622979679,0.13848511013494547,0.4133961129365999
21002,0.8,h_D,C3,h_D->C3,5,0.0450609806100422,0.09350507788306563,0.48190944951580134
21002,0.8,h_D,C4,h_D->C4,6,0.04029378077978581,0.10370846721020809,0.38852932516807204
21002,0.8,h_D,C6,h_D->C6,6,0.036323234671207044,0.07475634001625042,0.4858883495744343
21002,0.8,h_D,C7,h_D->C7,6,0.03012723662019002,0.11227650767894545,0.2683307242336971
21002,0.8,h_E,C6,h_E->C6,6,0.024391557584573495,0.07475634001625042,0.326280788745744
21002,0.8,h_I,C2,h_I->C2,6,0.03897325834991068,0.13848511013494547,0.2814256226655136
21002,0.8,h_I,C4,h_I->C4,6,0.04094579161254816,0.10370846721020809,0.39481628369995836
21002,0.8,h_I,C5,h_I->C5,5,0.09380584865771316,0.19884186889820418,0.4717610490035411
21002,0.8,h_T,C3,h_T->C3,5,0.030913965059395893,0.09350507788306563,0.3306126871283425
21002,0.8,h_T,C7,h_T->C7,6,0.046902178655047255,0.11227650767894545,0.41773813261761084
21002,0.9,h_D,C1,h_D->C1,6,0.07874147789087844,0.12993250205425694,0.6060183298663157
21002,0.9,h_D,C2,h_D->C2,6,0.058946167969631494,0.14528371288228417,0.4057314257723216
21002,0.9,h_D,C3,h_D->C3,5,0.04784284154535207,0.09904102230724365,0.4830608613514875
21002,0.9,h_D,C4,h_D->C4,6,0.04270779260082272,0.10527420654653039,0.40568144848985893
21002,0.9,h_D,C6,h_D->C6,6,0.03807027820658937,0.07873424328566733,0.48352885120108974
21002,0.9,h_D,C7,h_D->C7,6,0.031046555529311844,0.11745690244606052,0.26432295490939717
21002,0.9,h_E,C6,h_E->C6,6,0.02551973244127865,0.07873424328566733,0.32412494711307016
21002,0.9,h_I,C2,h_I->C2,6,0.04008442105900273,0.14528371288228417,0.27590443734876974
21002,0.9,h_I,C4,h_I->C4,6,0.043395883716913435,0.10527420654653039,0.4122176280409254
21002,0.9,h_I,C5,h_I->C5,5,0.09657998228021675,0.2049376155551429,0.47126527757301123
21002,0.9,h_T,C3,h_T->C3,5,0.032732214292311684,0.09904102230724365,0.33049148251357685
21002,0.9,h_T,C7,h_T->C7,6,0.048248137002453714,0.11745690244606052,0.4107731090916502
21002,1.0,h_D,C1,h_D->C1,6,0.08092710646803292,0.13568315823103194,0.5964417951536723
21002,1.0,h_D,C2,h_D->C2,6,0.06071633436721967,0.15306679822022212,0.396665606603128
21002,1.0,h_D,C3,h_D->C3,5,0.05038339683034755,0.10492044918982045,0.4802056912538993
21002,1.0,h_D,C4,h_D->C4,6,0.04504699826144376,0.1092150143311246,0.4124615881517455
21002,1.0,h_D,C6,h_D->C6,6,0.039854874779517574,0.083262702937037,0.47866419625095574
21002,1.0,h_D,C7,h_D->C7,6,0.03169306281609427,0.1235784459475576,0.2564610889287865
21002,1.0,h_E,C6,h_E->C6,6,0.02664933963541398,0.083262702937037,0.3200633500361628
21002,1.0,h_I,C2,h_I->C2,6,0.04131563745190985,0.15306679822022212,0.269919002239779
21002,1.0,h_I,C4,h_I->C4,6,0.045593882466715974,0.1092150143311246,0.417468996781562
21002,1.0,h_I,C5,h_I->C5,5,0.09908632569105175,0.21219795171301542,0.4669523192410118
21002,1.0,h_T,C3,h_T->C3,5,0.034710115039150224,0.10492044918982045,0.33082316466280465
21002,1.0,h_T,C7,h_T->C7,6,0.0494523207807666,0.1235784459475576,0.40016946645657187
21003,0.0,h_D,C1,h_D->C1,6,0.03888976865310149,0.09693691902648639,0.40118634925950475
21003,0.0,h_D,C2,h_D->C2,6,0.03657752911611439,0.12733511043431517,0.2872540730601979
21003,0.0,h_D,C3,h_D->C3,5,0.03364494777834748,0.09812004708685207,0.34289575654426024
21003,0.0,h_D,C4,h_D->C4,6,0.030871625824715976,0.13722794923916193,0.22496602183194986
21003,0.0,h_D,C6,h_D->C6,6,0.024356567600481452,0.05925050091199934,0.41107783436709666
21003,0.0,h_D,C7,h_D->C7,6,0.018388485984055382,0.10434402286510827,0.1762294138079288
21003,0.0,h_E,C6,h_E->C6,6,0.017430565827587396,0.05925050091199934,0.29418427792166046
21003,0.0,h_I,C2,h_I->C2,6,0.025584366772578533,0.12733511043431517,0.2009215422605308
21003,0.0,h_I,C4,h_I->C4,6,0.032356262472560314,0.13722794923916193,0.23578478474478828
21003,0.0,h_I,C5,h_I->C5,5,0.05771851103648562,0.11622485030733709,0.4966107582273679
21003,0.0,h_T,C3,h_T->C3,5,0.024050412749302256,0.09812004708685207,0.24511211992966786
21003,0.0,h_T,C7,h_T->C7,6,0.029647698890316633,0.10434402286510827,0.2841341370205732
21003,0.1,h_D,C1,h_D->C1,6,0.043958810253942604,0.09677875624325016,0.45421962380875597
21003,0.1,h_D,C2,h_D->C2,6,0.03821716007455933,0.12767906264284534,0.2993220601968568
21003,0.1,h_D,C3,h_D->C3,5,0.035413634693613014,0.09723669337472463,0.36420031846181755
21003,0.1,h_D,C4,h_D->C4,6,0.03221676768005917,0.13599860262509564,0.23689043165122464
21003,0.1,h_D,C6,h_D->C6,6,0.02588097962813412,0.05755767933509707,0.44965293817714724
21003,0.1,h_D,C7,h_D->C7,6,0.019838141219070574,0.09571298205185563,0.2072669850377804
21003,0.1,h_E,C6,h_E->C6,6,0.018759495052907808,0.05755767933509707,0.3259251462062138
21003,0.1,h_I,C2,h_I->C2,6,0.02667820927072391,0.12767906264284534,0.20894740859072172
21003,0.1,h_I,C4,h_I->C4,6,0.03375421364020336,0.13599860262509564,0.24819529751349478
21003,0.1,h_I,C5,h_I->C5,5,0.06188868198425741,0.1250560615811349,0.49488750246312435
21003,0.1,h_T,C3,h_T->C3,5,0.025173903614343074,0.09723669337472463,0.2588930448001824
21003,0.1,h_T,C7,h_T->C7,6,0.03192503660161107,0.09571298205185563,0.33354970158573777
21003,0.2,h_D,C1,h_D->C1,6,0.04835545149162909,0.09671684667520627,0.49996927271125785
21003,0.2,h_D,C2,h_D->C2,6,0.04046417500451879,0.12748913152252722,0.31739313399473124
21003,0.2,h_D,C3,h_D->C3,5,0.0366583322954086,0.09688477986777097,0.3783703936269637
21003,0.2,h_D,C4,h_D->C4,6,0.03361153165222094,0.13607489600622505,0.24700758654584085
21003,0.2,h_D,C6,h_D->C6,6,0.027466560928833497,0.05695767588638801,0.48222755758395236
21003,0.2,h_D,C7,h_D->C7,6,0.021292865811653024,0.08985216077352307,0.23697666954371632
21003,0.2,h_E,C6,h_E->C6,6,0.01977305808733211,0.05695767588638801,0.34715352723355075
21003,0.2,h_I,C2,h_I->C2,6,0.028182255957818446,0.12748913152252722,0.22105614510847624
21003,0.2,h_I,C4,h_I->C4,6,0.03504193215559685,0.13607489600622505,0.2575194483612632
21003,0.2,h_I,C5,h_I->C5,5,0.0661343563953998,0.13428429801316188,0.4924950822502355
21003,0.2,h_T,C3,h_T->C3,5,0.026238082617484386,0.09688477986777097,0.2708173838349376
21003,0.2,h_T,C7,h_T->C7,6,0.03403304981826007,0.08985216077352307,0.3787671829469224
21003,0.3,h_D,C1,h_D->C1,6,0.05178664854982919,0.09697007447098713,0.5340477341263608
21003,0.3,h_D,C2,h_D->C2,6,0.043086819357724765,0.12846709817036467,0.33539186274956134
21003,0.3,h_D,C3,h_D->C3,5,0.038033948886060695,0.09618971678206971,0.39540556057396586
21003,0.3,h_D,C4,h_D->C4,6,0.03482213843596839,0.13614501370985715,0.2557724112461669
21003,0.3,h_D,C6,h_D->C6,6,0.029063580853194305,0.05823909185895332,0.4990390461974076
21003,0.3,h_D,C7,h_D->C7,6,0.02253849901729997,0.08561220904415143,0.2632626732644322
21003,0.3,h_E,C6,h_E->C6,6,0.020712964519638263,0.05823909185895332,0.35565397498722034
21003,0.3,h_I,C2,h_I->C2,6,0.029908126611910946,0.12846709817036467,0.23280767634383656
21003,0.3,h_I,C4,h_I->C4,6,0.036287376328164006,0.13614501370985715,0.2665347436464373
21003,0.3,h_I,C5,h_I->C5,5,0.07024361239566654,0.14318019250222314,0.49059587899412327
21003,0.3,h_T,C3,h_T->C3,5,0.027347144473458398,0.09618971678206971,0.2843042415348056
21003,0.3,h_T,C7,h_T->C7,6,0.036308864331364626,0.08561220904415143,0.42410848565086695
21003,0.4,h_D,C1,h_D->C1,6,0.05517492383697087,0.09795386037504569,0.5632746236355961
21003,0.4,h_D,C2,h_D->C2,6,0.045230484438661,0.12817481742530087,0.3528812082347457
21003,0.4,h_D,C3,h_D->C3,5,0.03942474352837528,0.09629990804818515,0.4093954431217016
21003,0.4,h_D,C4,h_D->C4,6,0.036146917974016285,0.13773164066567595,0.2624445465039901
21003,0.4,h_D,C6,h_D->C6,6,0.03032107932677046,0.06058234678406109,0.5004936410658705
21003,0.4,h_D,C7,h_D->C7,6,0.02360227446939404,0.08335992268871761,0.28313695248070764
21003,0.4,h_E,C6,h_E->C6,6,0.021691676341886935,0.06058234678406109,0.3580527578247572
21003,0.4,h_I,C2,h_I->C2,6,0.03130051604355007,0.12817481742530087,0.2442017603149505
21003,0.4,h_I,C4,h_I->C4,6,0.037673278970980724,0.13773164066567595,0.27352668412738756
21003,0.4,h_I,C5,h_I->C5,5,0.07440037390863538,0.15237581291973942,0.48826892196687316
21003,0.4,h_T,C3,h_T->C3,5,0.028231272489242454,0.09629990804818515,0.29315991116858947
21003,0.4,h_T,C7,h_T->C7,6,0.03823067100784187,0.08335992268871761,0.4586217186182394
21003,0.5,h_D,C1,h_D->C1,6,0.05874933758578218,0.09937665876290379,0.591178434820969
21003,0.5,h_D,C2,h_D->C2,6,0.047790738774775826,0.1316400685838136,0.3630409744430132
21003,0.5,h_D,C3,h_D->C3,5,0.04074857262792932,0.09799815573198065,0.41580958665139095
21003,0.5,h_D,C4,h_D->C4,6,0.03712079664167253,0.13916008797230028,0.2667488730590243
21003,0.5,h_D,C6,h_D->C6,6,0.0314727933664227,0.06389424298267032,0.4925763558145028
21003,0.5,h_D,C7,h_D->C7,6,0.02477744395396867,0.08197800249095967,0.30224503160343313
21003,0.5,h_E,C6,h_E->C6,6,0.022539538370548905,0.06389424298267032,0.3527632118015611
21003,0.5,h_I,C2,h_I->C2,6,0.03290967266753224,0.1316400685838136,0.2499973831776687
21003,0.5,h_I,C4,h_I->C4,6,0.03884213652931365,0.13916008797230028,0.2791183671626165
21003,0.5,h_I,C5,h_I->C5,5,0.07820326735350114,0.16170936416795673,0.48360382687420017
21003,0.5,h_T,C3,h_T->C3,5,0.02930944691395706,0.09799815573198065,0.2990816173502044
21003,0.5,h_T,C7,h_T->C7,6,0.040181700788664315,0.08197800249095967,0.49015223068658326
21003,0.6,h_D,C1,h_D->C1,6,0.06221938123181722,0.1009327972508867,0.6164436429572367
21003,0.6,h_D,C2,h_D->C2,6,0.049800253281248645,0.13319715364926313,0.37388376490393765
21003,0.6,h_D,C3,h_D->C3,5,0.04213411307184731,0.09908286622442566,0.4252411610296682
21003,0.6,h_D,C4,h_D->C4,6,0.03805732154671654,0.14125128233809559,0.26942991891113627
21003,0.6,h_D,C6,h_D->C6,6,0.03265787929585551,0.06716056457031805,0.48626570524397517
21003,0.6,h_D,C7,h_D->C7,6,0.025841717537281688,0.0829460600680293,0.3115484631310482
21003,0.6,h_E,C6,h_E->C6,6,0.023418074547791264,0.06716056457031805,0.34868787505387216
21003,0.6,h_I,C2,h_I->C2,6,0.03434547981598786,0.13319715364926313,0.257854457657324
21003,0.6,h_I,C4,h_I->C4,6,0.03984683834146005,0.14125128233809559,0.282098949344768
21003,0.6,h_I,C5,h_I->C5,5,0.08218544593230882,0.1711584288715588,0.4801717711109775
21003,0.6,h_T,C3,h_T->C3,5,0.03013807673505292,0.09908286622442566,0.30417041697688785
21003,0.6,h_T,C7,h_T->C7,6,0.04185880452263467,0.0829460600680293,0.5046509079249691
21003,0.7,h_D,C1,h_D->C1,6,0.06595205121258811,0.1043736040947277,0.6318843905409194
21003,0.7,h_D,C2,h_D->C2,6,0.051901115849430454,0.13579196236864638,0.38221051484732005
21003,0.7,h_D,C3,h_D->C3,5,0.04344814658059651,0.1008417364144652,0.4308548040227246
21003,0.7,h_D,C4,h_D->C4,6,0.0387670891489837,0.14574013931001645,0.2660014552768669
21003,0.7,h_D,C6,h_D->C6,6,0.03369740906481668,0.07105098892146555,0.47427079588700727
21003,0.7,h_D,C7,h_D->C7,6,0.026872032233001893,0.08426278828681369,0.31890746531216074
21003,0.7,h_E,C6,h_E->C6,6,0.02413156806182931,0.07105098892146555,0.33963732845665107
21003,0.7,h_I,C2,h_I->C2,6,0.03555712946152023,0.13579196236864638,0.2618500303039168
21003,0.7,h_I,C4,h_I->C4,6,0.040961624479289936,0.14574013931001645,0.28105932019095897
21003,0.7,h_I,C5,h_I->C5,5,0.08572070807750784,0.1802117257727378,0.4756666510431914
21003,0.7,h_T,C3,h_T->C3,5,0.031013027206930888,0.1008417364144652,0.3075415825760681
21003,0.7,h_T,C7,h_T->C7,6,0.043410947257566904,0.08426278828681369,0.515185269080932
21003,0.8,h_D,C1,h_D->C1,6,0.06906552102951516,0.1100713183189034,0.6274615593209129
21003,0.8,h_D,C2,h_D->C2,6,0.05401522202688936,0.14049934764808789,0.3844517638743643
21003,0.8,h_D,C3,h_D->C3,5,0.044530655423171986,0.10273336226773065,0.4334585614621313
21003,0.8,h_D,C4,h_D->C4,6,0.03956915367087005,0.1485718197564952,0.26633014077270095
21003,0.8,h_D,C6,h_D->C6,6,0.03505003653965811,0.07561573563509227,0.46352834161846485
21003,0.8,h_D,C7,h_D->C7,6,0.027915582175857177,0.08742287283516491,0.31931668761529325
21003,0.8,h_E,C6,h_E->C6,6,0.024927660548392114,0.07561573563509227,0.32966234261554744
21003,0.8,h_I,C2,h_I->C2,6,0.03697891313534249,0.14049934764808789,0.2631963333217836
21003,0.8,h_I,C4,h_I->C4,6,0.041956296045456566,0.1485718197564952,0.28239740291220294
21003,0.8,h_I,C5,h_I->C5,5,0.0899937640885373,0.1904176716691683,0.47261245922815337
21003,0.8,h_T,C3,h_T->C3,5,0.031794089633206665,0.10273336226773065,0.30948164190362487
21003,0.8,h_T,C7,h_T->C7,6,0.045009688165560544,0.08742287283516491,0.5148502526325242
21003,0.9,h_D,C1,h_D->C1,6,0.07227974222567991,0.1157809954629719,0.6242798477939459
21003,0.9,h_D,C2,h_D->C2,6,0.05563880327493062,0.14422903167330728,0.3857670167305299
21003,0.9,h_D,C3,h_D->C3,5,0.045716055870554405,0.10566182183384437,0.43266389956829704
21003,0.9,h_D,C4,h_D->C4,6,0.04035666895745524,0.15346306332363607,0.26297317467255726
21003,0.9,h_D,C6,h_D->C6,6,0.03607113333692997,0.08003727293394813,0.4506791900099781
21003,0.9,h_D,C7,h_D->C7,6,0.028768724532235807,0.09157972773280305,0.31413856804486834
21003,0.9,h_E,C6,h_E->C6,6,0.02572665582401186,0.08003727293394813,0.32143343820474374
21003,0.9,h_I,C2,h_I->C2,6,0.03801858467273798,0.14422903167330728,0.2635986959864651
21003,0.9,h_I,C4,h_I->C4,6,0.04284063139845105,0.15346306332363607,0.2791592352605779
21003,0.9,h_I,C5,h_I->C5,5,0.09383109413088352,0.20076981404966604,0.46735658233565136
21003,0.9,h_T,C3,h_T->C3,5,0.032457348569396666,0.10566182183384437,0.3071814209311042
21003,0.9,h_T,C7,h_T->C7,6,0.04684158313052377,0.09157972773280305,0.5114841929502051
21003,1.0,h_D,C1,h_D->C1,6,0.07525088997315528,0.12088739731590692,0.6224874688623223
21003,1.0,h_D,C2,h_D->C2,6,0.05756766580782637,0.1484028411158168,0.387914849706357
21003,1.0,h_D,C3,h_D->C3,5,0.046819635977461124,0.10918040309305715,0.42882820222899126
21003,1.0,h_D,C4,h_D->C4,6,0.0408687219867397,0.15847613600251478,0.25788565406360797
21003,1.0,h_D,C6,h_D->C6,6,0.03707875334447916,0.08437979754114333,0.43942690578227855
21003,1.0,h_D,C7,h_D->C7,6,0.02958722482309268,0.09530992780065958,0.3104317200267304
21003,1.0,h_E,C6,h_E->C6,6,0.02650340297809893,0.08437979754114333,0.3140965462125203
21003,1.0,h_I,C2,h_I->C2,6,0.03915598772112652,0.1484028411158168,0.2638493133046185
21003,1.0,h_I,C4,h_I->C4,6,0.043705836034867496,0.15847613600251478,0.27578812266029856
21003,1.0,h_I,C5,h_I->C5,5,0.09719394135950855,0.20973152065245482,0.4634207631579842
21003,1.0,h_T,C3,h_T->C3,5,0.03317477977226231,0.10918040309305715,0.30385287864968563
21003,1.0,h_T,C7,h_T->C7,6,0.048265405983052685,0.09530992780065958,0.5064048110863458
21004,0.0,h_D,C1,h_D->C1,6,0.05017152315663575,0.09218591908008457,0.5442428047227695
21004,0.0,h_D,C2,h_D->C2,6,0.039979948376361416,0.10360784950459218,0.3858776006561503
21004,0.0,h_D,C3,h_D->C3,5,0.030156171369278284,0.10126762259864197,0.29778689965399563
21004,0.0,h_D,C4,h_D->C4,6,0.029178734972970452,0.08849496326675195,0.3297219852466264
21004,0.0,h_D,C6,h_D->C6,6,0.0214345462976068,0.052317185897259436,0.4097037317582465
21004,0.0,h_D,C7,h_D->C7,6,0.021736791792586273,0.09571768899875467,0.22709273510188888
21004,0.0,h_E,C6,h_E->C6,6,0.014671463998170504,0.052317185897259436,0.2804329733388549
21004,0.0,h_I,C2,h_I->C2,6,0.027755324908855863,0.10360784950459218,0.26788824438787123
21004,0.0,h_I,C4,h_I->C4,6,0.03030816132550492,0.08849496326675195,0.34248459128463615
21004,0.0,h_I,C5,h_I->C5,5,0.06013034451975048,0.1452926297149446,0.4138568118514252
21004,0.0,h_T,C3,h_T->C3,5,0.020221372768025065,0.10126762259864197,0.1996825070928105
21004,0.0,h_T,C7,h_T->C7,6,0.03256630793042074,0.09571768899875467,0.34023291066402794
21004,0.1,h_D,C1,h_D->C1,6,0.05349395296398665,0.09204949078845207,0.5811433882491016
21004,0.1,h_D,C2,h_D->C2,6,0.04202786050640711,0.10873688550606268,0.3865096954949782
21004,0.1,h_D,C3,h_D->C3,5,0.032443760216541606,0.09996450783024322,0.32455279299040907
21004,0.1,h_D,C4,h_D->C4,6,0.030781690763382278,0.09354415961424938,0.32906053023500903
21004,0.1,h_D,C6,h_D->C6,6,0.023419802793624468,0.05387790903043103,0.43468284524482825
21004,0.1,h_D,C7,h_D->C7,6,0.0229467426658383,0.09308881690768056,0.24650375230731403
21004,0.1,h_E,C6,h_E->C6,6,0.0159867046929223,0.05387790903043103,0.2967209563310272
21004,0.1,h_I,C2,h_I->C2,6,0.029133567768515896,0.10873688550606268,0.2679271861858101
21004,0.1,h_I,C4,h_I->C4,6,0.03213959579164133,0.09354415961424938,0.3435767227353657
21004,0.1,h_I,C5,h_I->C5,5,0.0632360644336657,0.1441596667630507,0.4386529592716495
21004,0.1,h_T,C3,h_T->C3,5,0.021555825791156055,0.09996450783024322,0.2156347913756139
21004,0.1,h_T,C7,h_T->C7,6,0.03418142969420701,0.09308881690768056,0.3671915792821681
21004,0.2,h_D,C1,h_D->C1,6,0.05650558626012647,0.09286045908696217,0.6084999666715141
21004,0.2,h_D,C2,h_D->C2,6,0.04400079871321733,0.11294993415415296,0.3895601979968923
21004,0.2,h_D,C3,h_D->C3,5,0.03482047173756742,0.09802039509581534,0.35523700657577467
21004,0.2,h_D,C4,h_D->C4,6,0.032508928468665065,0.09856372486021753,0.3298265007175733
21004,0.2,h_D,C6,h_D->C6,6,0.025254263390905515,0.05616268232921054,0.449662700268163
21004,0.2,h_D,C7,h_D->C7,6,0.02402047739389676,0.09125098199464024,0.26323527559456183
21004,0.2,h_E,C6,h_E->C6,6,0.01723614508366579,0.05616268232921054,0.3068967572154985
21004,0.2,h_I,C2,h_I->C2,6,0.03049092188706618,0.11294993415415296,0.2699507716859978
21004,0.2,h_I,C4,h_I->C4,6,0.03360473080611613,0.09856372486021753,0.3409442049134528
21004,0.2,h_I,C5,h_I->C5,5,0.06758111604605276,0.1435725564644223,0.47071054322508243
21004,0.2,h_T,C3,h_T->C3,5,0.023150314751008164,0.09802039509581534,0.2361785496594097
21004,0.2,h_T,C7,h_T->C7,6,0.035941582012769646,0.09125098199464024,0.3938761120892578
21004,0.3,h_D,C1,h_D->C1,6,0.059729894004200736,0.09582265995687936,0.6233378830274188
21004,0.3,h_D,C2,h_D->C2,6,0.04584824291788307,0.11733058253132067,0.390761231456883
21004,0.3,h_D,C3,h_D->C3,5,0.03675671151973923,0.09760111499568955,0.37660134846805743
21004,0.3,h_D,C4,h_D->C4,6,0.033833149993353316,0.10264066354150589,0.32962715580401736
21004,0.3,h_D,C6,h_D->C6,6,0.026934127147195015,0.05921234143691555,0.45487353637983713
21004,0.3,h_D,C7,h_D->C7,6,0.02513670593155032,0.09019102317634323,0.278705186458788
21004,0.3,h_E,C6,h_E->C6,6,0.01846706829886486,0.05921234143691555,0.31187870383790983
21004,0.3,h_I,C2,h_I->C2,6,0.031754265931009704,0.11733058253132067,0.27063929323168967
21004,0.3,h_I,C4,h_I->C4,6,0.035234857093426844,0.10264066354150589,0.34328360590571655
21004,0.3,h_I,C5,h_I->C5,5,0.07151439361630192,0.14387542168677958,0.4970577516116234
21004,0.3,h_T,C3,h_T->C3,5,0.024439066762684016,0.09760111499568955,0.2503974136311142
21004,0.3,h_T,C7,h_T->C7,6,0.03736793989126981,0.09019102317634323,0.41431994642962383
21004,0.4,h_D,C1,h_D->C1,6,0.06265850270492967,0.09795566878904764,0.6396618335507277
21004,0.4,h_D,C2,h_D->C2,6,0.04770764624749335,0.12252121330401403,0.38938274410265716
21004,0.4,h_D,C3,h_D->C3,5,0.038700577357674716,0.09832111177816338,0.39361411458201495
21004,0.4,h_D,C4,h_D->C4,6,0.03525446268182202,0.1066813053619651,0.3304652353275457
21004,0.4,h_D,C6,h_D->C6,6,0.028726372463131596,0.0623453193298578,0.4607622957336187
21004,0.4,h_D,C7,h_D->C7,6,0.026082562196731947,0.08927981242548769,0.29214400756283093
21004,0.4,h_E,C6,h_E->C6,6,0.019648640701457297,0.0623453193298578,0.3151582334061798
21004,0.4,h_I,C2,h_I->C2,6,0.03300915372403232,0.12252121330401403,0.2694158246854503
21004,0.4,h_I,C4,h_I->C4,6,0.036661414211180285,0.1066813053619651,0.34365359597397144
21004,0.4,h_I,C5,h_I->C5,5,0.07509903881459568,0.14577613441385187,0.5151668969412903
21004,0.4,h_T,C3,h_T->C3,5,0.02575173212836919,0.09832111177816338,0.2619145742189075
21004,0.4,h_T,C7,h_T->C7,6,0.0389377804296628,0.08927981242548769,0.43613196949449085
21004,0.5,h_D,C1,h_D->C1,6,0.06553920813020347,0.10107622909186678,0.6484136647993405
21004,0.5,h_D,C2,h_D->C2,6,0.04964383282684442,0.12771978044975243,0.38869337742078736
21004,0.5,h_D,C3,h_D->C3,5,0.040373390128296195,0.09906379230632673,0.4075494102128189
21004,0.5,h_D,C4,h_D->C4,6,0.03691170486015906,0.11274366538365446,0.32739493375725487
21004,0.5,h_D,C6,h_D->C6,6,0.03015562800319258,0.0665626651615376,0.45304117450159714
21004,0.5,h_D,C7,h_D->C7,6,0.026960002734601144,0.08896542247821917,0.3030391132116362
21004,0.5,h_E,C6,h_E->C6,6,0.02071277939687187,0.0665626651615376,0.31117713430334987
21004,0.5,h_I,C2,h_I->C2,6,0.034162633536566255,0.12771978044975243,0.2674811483076347
21004,0.5,h_I,C4,h_I->C4,6,0.0381578832532559,0.11274366538365446,0.33844813474061103
21004,0.5,h_I,C5,h_I->C5,5,0.0788393665254698,0.14841676934386192,0.5312025512580608
21004,0.5,h_T,C3,h_T->C3,5,0.02696873872333324,0.09906379230632673,0.272236082378795
21004,0.5,h_T,C7,h_T->C7,6,0.0402879047202364,0.08896542247821917,0.4528490237838973
21004,0.6,h_D,C1,h_D->C1,6,0.06849829887047049,0.10434359026972956,0.6564686790318889
21004,0.6,h_D,C2,h_D->C2,6,0.05172361800710954,0.13358293103980826,0.38720229900711256
21004,0.6,h_D,C3,h_D->C3,5,0.04228586420151762,0.09935223736591846,0.42561562096836725
21004,0.6,h_D,C4,h_D->C4,6,0.038199461315749444,0.11670721011195892,0.3273102088446535
21004,0.6,h_D,C6,h_D->C6,6,0.031727054030861415,0.07056594212699874,0.4496085940907879
21004,0.6,h_D,C7,h_D->C7,6,0.02770382606377573,0.0888168334203074,0.31192089378328935
21004,0.6,h_E,C6,h_E->C6,6,0.02180142624200059,0.07056594212699874,0.3089511113230124
21004,0.6,h_I,C2,h_I->C2,6,0.035288632515400944,0.13358293103980826,0.2641702217525128
21004,0.6,h_I,C4,h_I->C4,6,0.03934182544617038,0.11670721011195892,0.33709849981069806
21004,0.6,h_I,C5,h_I->C5,5,0.0824299376375098,0.1505776285469208,0.5474248627263828
21004,0.6,h_T,C3,h_T->C3,5,0.028250764835507248,0.09935223736591846,0.28434955854264404
21004,0.6,h_T,C7,h_T->C7,6,0.04153033714705118,0.0888168334203074,0.46759533691152666
21004,0.7,h_D,C1,h_D->C1,6,0.07144827588419778,0.10901854005032964,0.6553772950046615
21004,0.7,h_D,C2,h_D->C2,6,0.05348838412654391,0.140260965131156,0.3813490380316886
21004,0.7,h_D,C3,h_D->C3,5,0.04370355508425587,0.1004607738604826,0.43503104151392696
21004,0.7,h_D,C4,h_D->C4,6,0.03963249265296563,0.12006165364801313,0.3301011725927648
21004,0.7,h_D,C6,h_D->C6,6,0.03325804064999422,0.07521384930406444,0.442179744252962
21004,0.7,h_D,C7,h_D->C7,6,0.0284671536260815,0.08985644853814731,0.3168070192945513
21004,0.7,h_E,C6,h_E->C6,6,0.02274106994824047,0.07521384930406444,0.3023521619802169
21004,0.7,h_I,C2,h_I->C2,6,0.036523994297986695,0.140260965131156,0.2604002778932345
21004,0.7,h_I,C4,h_I->C4,6,0.04071901737864124,0.12006165364801313,0.3391508957362752
21004,0.7,h_I,C5,h_I->C5,5,0.08577393530187724,0.1508193722428981,0.5687196148991233
21004,0.7,h_T,C3,h_T->C3,5,0.029335318276551295,0.1004607738604826,0.2920076876672226
21004,0.7,h_T,C7,h_T->C7,6,0.04278015556815709,0.08985644853814731,0.47609444022839686
21004,0.8,h_D,C1,h_D->C1,6,0.07413748578929985,0.1139827043558699,0.650427503081361
21004,0.8,h_D,C2,h_D->C2,6,0.05521718620906846,0.14731825593986844,0.37481563881147145
21004,0.8,h_D,C3,h_D->C3,5,0.04551492099746353,0.1025692605206129,0.4437481635920817
21004,0.8,h_D,C4,h_D->C4,6,0.040974041445578306,0.12391390319064116,0.33066540872503386
21004,0.8,h_D,C6,h_D->C6,6,0.03449762530094032,0.08008012969916073,0.43078882901548393
21004,0.8,h_D,C7,h_D->C7,6,0.029353258506003288,0.09201001233442667,0.31902243854717305
21004,0.8,h_E,C6,h_E->C6,6,0.023686501076399497,0.08008012969916073,0.29578499891405585
21004,0.8,h_I,C2,h_I->C2,6,0.037509725620136734,0.14731825593986844,0.2546169541621008
21004,0.8,h_I,C4,h_I->C4,6,0.04192261812398572,0.12391390319064116,0.33832053582518157
21004,0.8,h_I,C5,h_I->C5,5,0.08937738175281247,0.15172563467135688,0.5890723867843294
21004,0.8,h_T,C3,h_T->C3,5,0.030265465251819907,0.1025692605206129,0.2950734469363023
21004,0.8,h_T,C7,h_T->C7,6,0.04408427459220872,0.09201001233442667,0.4791247547223176
21004,0.9,h_D,C1,h_D->C1,6,0.0767987941384487,0.11888209287938915,0.6460080932097845
21004,0.9,h_D,C2,h_D->C2,6,0.0569647733561145,0.15434715116420536,0.3690691595282008
21004,0.9,h_D,C3,h_D->C3,5,0.047295155708401676,0.10778799055803963,0.4387794545858641
21004,0.9,h_D,C4,h_D->C4,6,0.042187645499006374,0.12825487251335427,0.32893600587599303
21004,0.9,h_D,C6,h_D->C6,6,0.03603400154695778,0.08474746823068402,0.4251926611948741
21004,0.9,h_D,C7,h_D->C7,6,0.030060465235853838,0.09507061665823664,0.31619091462928145
21004,0.9,h_E,C6,h_E->C6,6,0.02460115600588878,0.08474746823068402,0.2902877987886757
21004,0.9,h_I,C2,h_I->C2,6,0.038676638519644875,0.15434715116420536,0.2505821340249252
21004,0.9,h_I,C4,h_I->C4,6,0.04323036166901682,0.12825487251335427,0.33706603750417735
21004,0.9,h_I,C5,h_I->C5,5,0.09230668404110912,0.1541915352635817,0.5986494906008777
21004,0.9,h_T,C3,h_T->C3,5,0.030866711831766053,0.10778799055803963,0.2863650363243312
21004,0.9,h_T,C7,h_T->C7,6,0.04492695350061161,0.09507061665823664,0.47256402744966003
21004,1.0,h_D,C1,h_D->C1,6,0.0790146023323063,0.12449363873768897,0.6346878694593965
21004,1.0,h_D,C2,h_D->C2,6,0.05882233289937185,0.16179405890096327,0.36356299667971353
21004,1.0,h_D,C3,h_D->C3,5,0.0487142063681493,0.11365381674777841,0.4286191855380245
21004,1.0,h_D,C4,h_D->C4,6,0.04337016510372487,0.1344669341829085,0.322534051712729
21004,1.0,h_D,C6,h_D->C6,6,0.03736320688282439,0.09013538359340856,0.4145231915909012
21004,1.0,h_D,C7,h_D->C7,6,0.03064194540918745,0.09755402211940778,0.3141023275428571
21004,1.0,h_E,C6,h_E->C6,6,0.025551638968527107,0.09013538359340856,0.283480670404693
21004,1.0,h_I,C2,h_I->C2,6,0.03992973690958107,0.16179405890096327,0.24679359168420334
21004,1.0,h_I,C4,h_I->C4,6,0.04437881852405156,0.1344669341829085,0.33003517774381086
21004,1.0,h_I,C5,h_I->C5,5,0.09521348762563345,0.1565695892830673,0.6081224844556865
21004,1.0,h_T,C3,h_T->C3,5,0.0316842302337145,0.11365381674777841,0.27877840920863795
21004,1.0,h_T,C7,h_T->C7,6,0.046002312539204254,0.09755402211940778,0.4715573129565594
21005,0.0,h_D,C1,h_D->C1,6,0.04354830767961362,0.07081815649410073,0.6149313937962552
21005,0.0,h_D,C2,h_D->C2,6,0.04267967616372066,0.1364449912890207,0.3127976759000472
21005,0.0,h_D,C3,h_D->C3,5,0.029474994087593784,0.10066547058985126,0.29280143344675874
21005,0.0,h_D,C4,h_D->C4,6,0.025395844786589305,0.08096141188134619,0.31367838327096814
21005,0.0,h_D,C6,h_D->C6,6,0.021955068739198915,0.04368188481033087,0.502612669623264
21005,0.0,h_D,C7,h_D->C7,6,0.01957218794378945,0.06650051488561678,0.29431633690596204
21005,0.0,h_E,C6,h_E->C6,6,0.0150222112059815,0.04368188481033087,0.3439002522639502
21005,0.0,h_I,C2,h_I->C2,6,0.028742262705403504,0.1364449912890207,0.21065091824668283
21005,0.0,h_I,C4,h_I->C4,6,0.025393133237443584,0.08096141188134619,0.31364489140017837
21005,0.0,h_I,C5,h_I->C5,5,0.07848804931067457,0.1632901347958441,0.48066620441170405
21005,0.0,h_T,C3,h_T->C3,5,0.019546789111497737,0.10066547058985126,0.19417570887781851
21005,0.0,h_T,C7,h_T->C7,6,0.028606431280369615,0.06650051488561678,0.43016856830572675
21005,0.1,h_D,C1,h_D->C1,6,0.04750403506868678,0.07469160503698613,0.6360023331206701
21005,0.1,h_D,C2,h_D->C2,6,0.04464554273004388,0.13595338329872084,0.3283886112022602
21005,0.1,h_D,C3,h_D->C3,5,0.03193405057317887,0.09663144856172358,0.3304726468262601
21005,0.1,h_D,C4,h_D->C4,6,0.027472598882904563,0.08575549027773063,0.3203596503688628
21005,0.1,h_D,C6,h_D->C6,6,0.024091420952356418,0.04707100751032096,0.5118101826599364
21005,0.1,h_D,C7,h_D->C7,6,0.020877187586018753,0.06648774031521776,0.31400055839958163
21005,0.1,h_E,C6,h_E->C6,6,0.016406288496572583,0.04707100751032096,0.34854338931722967
21005,0.1,h_I,C2,h_I->C2,6,0.030004605693011138,0.13595338329872084,0.22069774921940283
21005,0.1,h_I,C4,h_I->C4,6,0.02750697522791491,0.08575549027773063,0.3207605150236926
21005,0.1,h_I,C5,h_I->C5,5,0.08046167070200508,0.16637650323869685,0.4836119832743738
21005,0.1,h_T,C3,h_T->C3,5,0.021025273999330372,0.09663144856172358,0.2175821051226697
21005,0.1,h_T,C7,h_T->C7,6,0.03052926946479149,0.06648774031521776,0.4591714099410408
21005,0.2,h_D,C1,h_D->C1,6,0.05175424396212573,0.07842737236025771,0.6599002670104982
21005,0.2,h_D,C2,h_D->C2,6,0.046755581242087424,0.13667262067926575,0.3420991052148493
21005,0.2,h_D,C3,h_D->C3,5,0.03463180985580528,0.0927450226738102,0.37340882407494813
21005,0.2,h_D,C4,h_D->C4,6,0.029820609097579272,0.09065705670427682,0.3289386417488174
21005,0.2,h_D,C6,h_D->C6,6,0.026251070165023576,0.05101982801636251,0.514526825846808
21005,0.2,h_D,C7,h_D->C7,6,0.022288261132803473,0.06882866204065319,0.3238223796841385
21005,0.2,h_E,C6,h_E->C6,6,0.01771505476152998,0.05101982801636251,0.34721902150476447
21005,0.2,h_I,C2,h_I->C2,6,0.031114014991631425,0.13667262067926575,0.22765360638265714
21005,0.2,h_I,C4,h_I->C4,6,0.029540319976771878,0.09065705670427682,0.3258468899206215
21005,0.2,h_I,C5,h_I->C5,5,0.08186416938487288,0.16987719664892975,0.4819020504180585
21005,0.2,h_T,C3,h_T->C3,5,0.022524485735806253,0.0927450226738102,0.24286463128898414
21005,0.2,h_T,C7,h_T->C7,6,0.03243910105867322,0.06882866204065319,0.47130221765813163
21005,0.3,h_D,C1,h_D->C1,6,0.05557851273682182,0.08151401122073126,0.6818277238944762
21005,0.3,h_D,C2,h_D->C2,6,0.048748624931262294,0.1383371591099384,0.35238995252294225
21005,0.3,h_D,C3,h_D->C3,5,0.03704067419510313,0.09026466887388201,0.41035628509806066
21005,0.3,h_D,C4,h_D->C4,6,0.03190069276974866,0.09639046996305485,0.330952767235649
21005,0.3,h_D,C6,h_D->C6,6,0.02804926140884517,0.054284749952743336,0.5167060994615664
21005,0.3,h_D,C7,h_D->C7,6,0.02359284171331255,0.07155058062698434,0.3297365514890747
21005,0.3,h_E,C6,h_E->C6,6,0.01898071638024059,0.054284749952743336,0.3496509866291045
21005,0.3,h_I,C2,h_I->C2,6,0.03205966545879453,0.1383371591099384,0.23175020843882252
21005,0.3,h_I,C4,h_I->C4,6,0.03140102710022771,0.09639046996305485,0.3257690009389676
21005,0.3,h_I,C5,h_I->C5,5,0.08340063895876923,0.17375995557003518,0.47997617566536516
21005,0.3,h_T,C3,h_T->C3,5,0.023805009189915363,0.09026466887388201,0.26372455011065343
21005,0.3,h_T,C7,h_T->C7,6,0.03445919384390651,0.07155058062698434,0.48160606862258054
21005,0.4,h_D,C1,h_D->C1,6,0.05966893775469419,0.08572905851398535,0.696017648954632
21005,0.4,h_D,C2,h_D->C2,6,0.05042000841345753,0.14027231598983494,0.35944375807377305
21005,0.4,h_D,C3,h_D->C3,5,0.03910847302142789,0.09037848308243843,0.4327188473092927
21005,0.4,h_D,C4,h_D->C4,6,0.03385732192227877,0.10238237956310892,0.3306948135648506
21005,0.4,h_D,C6,h_D->C6,6,0.029844832798837845,0.057711110467313226,0.5171418909921064
21005,0.4,h_D,C7,h_D->C7,6,0.024961456371935073,0.07471825993263656,0.3340743801328537
21005,0.4,h_E,C6,h_E->C6,6,0.02015437112773189,0.057711110467313226,0.34922861411231754
21005,0.4,h_I,C2,h_I->C2,6,0.03296162205925565,0.14027231598983494,0.23498308861892095
21005,0.4,h_I,C4,h_I->C4,6,0.03333221699573019,0.10238237956310892,0.3255659532200901
21005,0.4,h_I,C5,h_I->C5,5,0.08500728688332512,0.17774008224215931,0.47826739928605383
21005,0.4,h_T,C3,h_T->C3,5,0.02510628805024017,0.09037848308243843,0.27779054475899717
21005,0.4,h_T,C7,h_T->C7,6,0.03633105083019947,0.07471825993263656,0.4862405904857536
21005,0.5,h_D,C1,h_D->C1,6,0.06353316274190512,0.08988705725470325,0.706811021315018
21005,0.5,h_D,C2,h_D->C2,6,0.0519809795581055,0.14251888064834853,0.36473047866548136
21005,0.5,h_D,C3,h_D->C3,5,0.041384360582311035,0.09013970004459082,0.459113582155029
21005,0.5,h_D,C4,h_D->C4,6,0.03557777814112421,0.10838109832995853,0.32826552497633793
21005,0.5,h_D,C6,h_D->C6,6,0.031764751700357814,0.06146860330853705,0.5167638434925919
21005,0.5,h_D,C7,h_D->C7,6,0.026290670058012205,0.07830074372444741,0.33576526616653124
21005,0.5,h_E,C6,h_E->C6,6,0.021346440507781166,0.06146860330853705,0.34727388224988676
21005,0.5,h_I,C2,h_I->C2,6,0.03427609299818661,0.14251888064834853,0.24050212043496913
21005,0.5,h_I,C4,h_I->C4,6,0.03528302109269116,0.10838109832995853,0.3255458897911236
21005,0.5,h_I,C5,h_I->C5,5,0.0870130245149705,0.1830420272665783,0.4753718357138348
21005,0.5,h_T,C3,h_T->C3,5,0.026471399279156867,0.09013970004459082,0.293670816141702
21005,0.5,h_T,C7,h_T->C7,6,0.03805916294575442,0.07830074372444741,0.4860638754493126
21005,0.6,h_D,C1,h_D->C1,6,0.06700270739384344,0.09546192634819015,0.7018788532378265
21005,0.6,h_D,C2,h_D->C2,6,0.05329362060158627,0.14561455509891386,0.3659910272363823
21005,0.6,h_D,C3,h_D->C3,5,0.04328641838170166,0.09118298784499353,0.47472033330177404
21005,0.6,h_D,C4,h_D->C4,6,0.03758620629693826,0.11509966186674217,0.3265535770220379
21005,0.6,h_D,C6,h_D->C6,6,0.03355384760466397,0.06502307060874524,0.5160298843167079
21005,0.6,h_D,C7,h_D->C7,6,0.027594494913856876,0.08069798125521639,0.3419477722279601
21005,0.6,h_E,C6,h_E->C6,6,0.022544653780012643,0.06502307060874524,0.3467177659960247
21005,0.6,h_I,C2,h_I->C2,6,0.03531478573069984,0.14561455509891386,0.24252236121909995
21005,0.6,h_I,C4,h_I->C4,6,0.037078410697681044,0.11509966186674217,0.3221417864831507
21005,0.6,h_I,C5,h_I->C5,5,0.08894847329692149,0.18647917749795354,0.47698876887968167
21005,0.6,h_T,C3,h_T->C3,5,0.027776344990298588,0.09118298784499353,0.3046220095048031
21005,0.6,h_T,C7,h_T->C7,6,0.03998165829180179,0.08069798125521639,0.4954480604026496
21005,0.7,h_D,C1,h_D->C1,6,0.07086884219007518,0.10134330954140819,0.6992947290755228
21005,0.7,h_D,C2,h_D->C2,6,0.05510966409330782,0.15054109581793976,0.3660772083098814
21005,0.7,h_D,C3,h_D->C3,5,0.04551110977407764,0.09162855619025193,0.4966913336393129
21005,0.7,h_D,C4,h_D->C4,6,0.039307887505023606,0.12165001523985085,0.3231227503523055
21005,0.7,h_D,C6,h_D->C6,6,0.03538842601559283,0.06867047924016362,0.5153368144018966
21005,0.7,h_D,C7,h_D->C7,6,0.028899974232897828,0.0841193453505242,0.3435591909581376
21005,0.7,h_E,C6,h_E->C6,6,0.0237014660126492,0.06867047924016362,0.34514781714879406
21005,0.7,h_I,C2,h_I->C2,6,0.03643367141373871,0.15054109581793976,0.24201810951049915
21005,0.7,h_I,C4,h_I->C4,6,0.03892204115164594,0.12165001523985085,0.3199509763692629
21005,0.7,h_I,C5,h_I->C5,5,0.09078644235135162,0.18949913911583482,0.4790863049534893
21005,0.7,h_T,C3,h_T->C3,5,0.02911037289008376,0.09162855619025193,0.31769978814599087
21005,0.7,h_T,C7,h_T->C7,6,0.04194487615155115,0.0841193453505242,0.4986353136281407
21005,0.8,h_D,C1,h_D->C1,6,0.07466993870979532,0.10761571714090745,0.6938571864120165
21005,0.8,h_D,C2,h_D->C2,6,0.05655026798730402,0.15536800374401444,0.3639762796985711
21005,0.8,h_D,C3,h_D->C3,5,0.047323405755447565,0.09567569658564284,0.4946230593951518
21005,0.8,h_D,C4,h_D->C4,6,0.041061595128228844,0.12792355258877236,0.3209854190018153
21005,0.8,h_D,C6,h_D->C6,6,0.03702913239881167,0.0723504457133953,0.5118024088612368
21005,0.8,h_D,C7,h_D->C7,6,0.030009307648176428,0.08781330204766942,0.3417398839135345
21005,0.8,h_E,C6,h_E->C6,6,0.024862912160284644,0.0723504457133953,0.34364559768479436
21005,0.8,h_I,C2,h_I->C2,6,0.037427343751154564,0.15536800374401444,0.2408947971847489
21005,0.8,h_I,C4,h_I->C4,6,0.04078272696033455,0.12792355258877236,0.3188054594693548
21005,0.8,h_I,C5,h_I->C5,5,0.09253274845063367,0.1930864024721713,0.4792297503367218
21005,0.8,h_T,C3,h_T->C3,5,0.03031685458604539,0.09567569658564284,0.3168710097510582
21005,0.8,h_T,C7,h_T->C7,6,0.04366432089143604,0.08781330204766942,0.49724039379860285
21005,0.9,h_D,C1,h_D->C1,6,0.07819485284256496,0.11331897950546463,0.6900419786969939
21005,0.9,h_D,C2,h_D->C2,6,0.05797552605552157,0.15976461191371916,0.3628808993475248
21005,0.9,h_D,C3,h_D->C3,5,0.049101842423117104,0.0987853032035993,0.4970561493486512
21005,0.9,h_D,C4,h_D->C4,6,0.042661630016725,0.13581032133355195,0.31412656709377296
21005,0.9,h_D,C6,h_D->C6,6,0.038720092064105094,0.07652713972604748,0.5059654941006504
21005,0.9,h_D,C7,h_D->C7,6,0.031175755627389307,0.0921543311191004,0.3382994076182856
21005,0.9,h_E,C6,h_E->C6,6,0.025950123150570478,0.07652713972604748,0.33909699543361815
21005,0.9,h_I,C2,h_I->C2,6,0.03822211810547258,0.15976461191371916,0.23924020249162053
21005,0.9,h_I,C4,h_I->C4,6,0.04252416500169785,0.13581032133355195,0.31311438323560714
21005,0.9,h_I,C5,h_I->C5,5,0.09466327131980964,0.19766125271133156,0.4789166820549238
21005,0.9,h_T,C3,h_T->C3,5,0.03158036459015981,0.0987853032035993,0.319686872092219
21005,0.9,h_T,C7,h_T->C7,6,0.045356431571502924,0.0921543311191004,0.4921790546381593
21005,1.0,h_D,C1,h_D->C1,6,0.08217211255489708,0.11896171701505107,0.69074417061255
21005,1.0,h_D,C2,h_D->C2,6,0.059527403574154376,0.16348205821425218,0.3641219362174676
21005,1.0,h_D,C3,h_D->C3,5,0.05081820547828011,0.10212243272296781,0.49762039664330515
21005,1.0,h_D,C4,h_D->C4,6,0.04452443681963902,0.14328197600723258,0.31074694850021306
21005,1.0,h_D,C6,h_D->C6,6,0.04041541644410357,0.07984985284136198,0.5061426540621294
21005,1.0,h_D,C7,h_D->C7,6,0.03227653449576271,0.09642962577619224,0.3347159572136059
21005,1.0,h_E,C6,h_E->C6,6,0.027099464924936534,0.07984985284136198,0.33938027385517877
21005,1.0,h_I,C2,h_I->C2,6,0.03887328261416795,0.16348205821425218,0.23778317350876876
21005,1.0,h_I,C4,h_I->C4,6,0.0442815572980305,0.14328197600723258,0.3090518328382504
21005,1.0,h_I,C5,h_I->C5,5,0.09636241401558422,0.20404519026778228,0.4722601590787269
21005,1.0,h_T,C3,h_T->C3,5,0.032694104768356186,0.10212243272296781,0.32014616080216995
21005,1.0,h_T,C7,h_T->C7,6,0.04721307076938632,0.09642962577619224,0.489611676793972
